-- ============================================================
-- MIGRAÇÃO DE DADOS — SE Agropecuária Nelore de Elite
-- Gerado: 2026-03-25 16:10
-- ============================================================
-- INSTRUÇÕES:
--   1. Abra o Supabase SQL Editor
--   2. Clique em "+ New query"
--   3. Cole TODO este conteúdo e clique em Run
--   4. Se aparecer "Success" está ok
-- ============================================================

BEGIN;

SET search_path TO public;

-- ══════════════════════════════════════════
-- 1. ANIMAIS — DOADORAS
-- ══════════════════════════════════════════

INSERT INTO animals (id,farm_id,nome,rgn,tipo,nascimento,pai_nome,mae_nome,avo_materno,avo_materna,bisavo,localizacao,percentual_proprio,valor_parcela,observacoes) VALUES ('a8972876-82d8-42c9-b376-f8777314ea20','aaaaaaaa-0000-0000-0000-000000000001','AGRA DA COSMO','ANB 3224','DOADORA','2017-09-14','KAYAK TE MAFRA','CHERRY 2 FIV DA LGAL','BITELO DA SS','AVANA I FIV DA LGAL','MAREA IV TE','SE AGROPECUÁRIA',0.25,1000.0,NULL);
INSERT INTO animals (id,farm_id,nome,rgn,tipo,nascimento,pai_nome,mae_nome,avo_materno,avo_materna,bisavo,localizacao,percentual_proprio,valor_parcela,observacoes) VALUES ('460141d8-0e29-4822-aec1-aae3bdad2915','aaaaaaaa-0000-0000-0000-000000000001','DALYA FIV CRL','NCRL 420','DOADORA','2019-10-05','LANDAU DA DI GENIO','IZABELLA FIV FORT.VR','ENLEVO DA MORUNGABA','ENDDY TE DA FORT.VR','VENA DA ZEB. VR','MONTE VERDE (UBERABA)',0.5,24166.66,NULL);
INSERT INTO animals (id,farm_id,nome,rgn,tipo,nascimento,pai_nome,mae_nome,avo_materno,avo_materna,bisavo,localizacao,percentual_proprio,valor_parcela,observacoes) VALUES ('da0057ba-73d1-452a-8e36-1ed09fe23436','aaaaaaaa-0000-0000-0000-000000000001','BATHINDA 1 FIV DA FAZ.VITORIA','LFFV 698','DOADORA','2020-12-10','KAYAK TE MAFRA','AÇUCENA FIV DA RS','RANCHI IPE OURO','BATHINDA I TE PONTAL','FILHA DA NI MG','SE AGROPECUÁRIA',0.33,0.0,NULL);
INSERT INTO animals (id,farm_id,nome,rgn,tipo,nascimento,pai_nome,mae_nome,avo_materno,avo_materna,bisavo,localizacao,percentual_proprio,valor_parcela,observacoes) VALUES ('c133bef9-99ca-404c-a63f-a39be7bb5576','aaaaaaaa-0000-0000-0000-000000000001','AZURRA FIV GIBER','GIBE 1735','DOADORA','2021-02-18','BITELO DS','SHANKARA 4 FIV DO KALUNGA','KAYAK TE MAFRA','DONATA 5 DO KALUNGA','DONATA DA TAM','SE AGROPECUÁRIA',1.0,950.0,NULL);
INSERT INTO animals (id,farm_id,nome,rgn,tipo,nascimento,pai_nome,mae_nome,avo_materno,avo_materna,bisavo,localizacao,percentual_proprio,valor_parcela,observacoes) VALUES ('f60e7dbf-2823-4fff-af83-d378efaa19bc','aaaaaaaa-0000-0000-0000-000000000001','ESTONIA FIV TLBF','TLBF 89','DOADORA','2021-06-07','BITELO DS','VERDANA 3 DA J.GALERA','GANDHI PO DA NI','JORDANIA XXVII FIV PONTAL','JORDÂNIA II TE J.GALERA','SE AGROPECUÁRIA',1.0,1300.0,NULL);
INSERT INTO animals (id,farm_id,nome,rgn,tipo,nascimento,pai_nome,mae_nome,avo_materno,avo_materna,bisavo,localizacao,percentual_proprio,valor_parcela,observacoes) VALUES ('c769b44c-a631-49fb-b8d3-3d20d945584e','aaaaaaaa-0000-0000-0000-000000000001','CAYMAN FIV DA RS','RSBP 6057','DOADORA','2022-05-12','LANDAU DA DI GENIO','BOEMIA DA MUNDIAL','ALARME EDTO','TURBINADA-9 TE GUADALUPE','J.E.N ILARA TE','SE AGROPECUÁRIA',0.125,375.0,NULL);
INSERT INTO animals (id,farm_id,nome,rgn,tipo,nascimento,pai_nome,mae_nome,avo_materno,avo_materna,bisavo,localizacao,percentual_proprio,valor_parcela,observacoes) VALUES ('b3486907-85ee-4bd6-be27-7ec6792e215b','aaaaaaaa-0000-0000-0000-000000000001','GREGA FIV M. VERDE','ISPU 6570','DOADORA','2022-12-04','MODULO TE BAR','FOUNDA FIV M. VERDE','KAYAK TE MAFRA','THABATA FIV M.VERDE','ZACHA TE QG ARATAU','FAZENDA JM',0.25,750.0,NULL);
INSERT INTO animals (id,farm_id,nome,rgn,tipo,nascimento,pai_nome,mae_nome,avo_materno,avo_materna,bisavo,localizacao,percentual_proprio,valor_parcela,observacoes) VALUES ('93ec31c9-5533-4153-991a-05be91651b6c','aaaaaaaa-0000-0000-0000-000000000001','TABITA FIV','TJS 33','DOADORA','2023-01-04','KAYAK TE MAFRA','KERIDISSIMA-X FIV CGAL','LANDAU DA DI GENIO','KERIDISSIMA FIV LAVRINHA','JORDANIA II TE JGAL','SE AGROPECUÁRIA',1.0,1800.0,NULL);
INSERT INTO animals (id,farm_id,nome,rgn,tipo,nascimento,pai_nome,mae_nome,avo_materno,avo_materna,bisavo,localizacao,percentual_proprio,valor_parcela,observacoes) VALUES ('76e95023-8866-4485-b8f3-311015901eea','aaaaaaaa-0000-0000-0000-000000000001','EFICIENCE FIV NDF','NDF 408','DOADORA','2023-04-01','LANDAU DA DI GENIO','INAJA-4 FIV DA VALONIA','KAYAK TE MAFRA','INAJA TE PORT','VALA B.CORREIA','SE AGROPECUÁRIA',0.33,0.0,NULL);
INSERT INTO animals (id,farm_id,nome,rgn,tipo,nascimento,pai_nome,mae_nome,avo_materno,avo_materna,bisavo,localizacao,percentual_proprio,valor_parcela,observacoes) VALUES ('3363cfc6-ae63-4784-aae0-aba3f4d86f6c','aaaaaaaa-0000-0000-0000-000000000001','HERINGER SERENNA3 FIV','FHGNA 8179','DOADORA','2023-04-15','KAYAK TE MAFRA','CURVA FIV M. VERDE','KAYAK TE MAFRA','J.E.N. ACUNCENA RIOMAR','GANZA TE DA FUNAG','FAZENDA JM',0.33,733.26,NULL);
INSERT INTO animals (id,farm_id,nome,rgn,tipo,nascimento,pai_nome,mae_nome,avo_materno,avo_materna,bisavo,localizacao,percentual_proprio,valor_parcela,observacoes) VALUES ('d9bfbb9c-9018-4a72-9375-20e475abac49','aaaaaaaa-0000-0000-0000-000000000001','SEREIA DA ESTIVA (SINDI)','AJCA 6664','DOADORA','2023-05-26','IRINEU DA ESTIVA','BRASA DO IGAPO','REDENTOR P','BARITA','AMETISTA','SE AGROPECUÁRIA',0.5,350.0,NULL);
INSERT INTO animals (id,farm_id,nome,rgn,tipo,nascimento,pai_nome,mae_nome,avo_materno,avo_materna,bisavo,localizacao,percentual_proprio,valor_parcela,observacoes) VALUES ('81653465-fb5f-4d7e-81e1-7095f428cab3','aaaaaaaa-0000-0000-0000-000000000001','SOL FIV LUCENTE','LUCE 202','DOADORA','2023-07-01','KAYAK TE MAFRA','RETINA FIV UNIMAR','BITELO DA SS','ELEGANCE IV DA UNIMAR','ESSENCIA TE GUADALUPE','SE AGROPECUÁRIA',1.0,700.0,NULL);
INSERT INTO animals (id,farm_id,nome,rgn,tipo,nascimento,pai_nome,mae_nome,avo_materno,avo_materna,bisavo,localizacao,percentual_proprio,valor_parcela,observacoes) VALUES ('007abe7f-b900-41fc-b563-ea6653d5b45b','aaaaaaaa-0000-0000-0000-000000000001','SOLEDADE FIV DA ESTIVA (SINDI)','AJCA 6881','DOADORA','2023-07-23','MELCHIOR FIV DA ESTIVA','FUZA AJCF','QUENTÃO DA ESTIVA','ROTINA DA ESTIVA','HERESIA DA ESTIVA','SE AGROPECUÁRIA',0.5,875.0,NULL);
INSERT INTO animals (id,farm_id,nome,rgn,tipo,nascimento,pai_nome,mae_nome,avo_materno,avo_materna,bisavo,localizacao,percentual_proprio,valor_parcela,observacoes) VALUES ('626e9e81-2a84-4513-a094-5618062b04ee','aaaaaaaa-0000-0000-0000-000000000001','ANGELIKI FIV TRES MONTES','FRTM 147','DOADORA','2023-12-25','OPOSITOR DA DI GENIO','USINA FIV AGROCOPA','MISSONI GUADALUPE','FENOMENO FIV DA EAO','MAHARASH II TE J.GAL','NELORE LIBERDADE',0.5,800.0,NULL);
INSERT INTO animals (id,farm_id,nome,rgn,tipo,nascimento,pai_nome,mae_nome,avo_materno,avo_materna,bisavo,localizacao,percentual_proprio,valor_parcela,observacoes) VALUES ('69414cfa-c7c1-4379-9d2b-dda33971ab05','aaaaaaaa-0000-0000-0000-000000000001','COLOMBINA FIV PFF AGRO (SINDI)','PFFF 39','DOADORA','2024-01-19','DAMAN FIV OT','SCALA FIV DA ESTIVA','ROBO-E','JANGADA DA ESTIVA','BARAUNA DA ESTIVA','SE AGROPECUÁRIA',0.5,400.0,NULL);
INSERT INTO animals (id,farm_id,nome,rgn,tipo,nascimento,pai_nome,mae_nome,avo_materno,avo_materna,bisavo,localizacao,percentual_proprio,valor_parcela,observacoes) VALUES ('e779c115-c3f2-4d94-a688-46f98d74b65f','aaaaaaaa-0000-0000-0000-000000000001','IASMIN1 FIV M.VERDE','ISPU 6756','DOADORA','2024-03-22','LANDAU DA DI GENIO','FASCINACAO FIV DA IGAP','KAYAK TE MAFRA','PARLA I FIV DA IGAP','PARLA FIV AJJ','SE AGROPECUÁRIA',0.25,1000.0,NULL);
INSERT INTO animals (id,farm_id,nome,rgn,tipo,nascimento,pai_nome,mae_nome,avo_materno,avo_materna,bisavo,localizacao,percentual_proprio,valor_parcela,observacoes) VALUES ('455373c9-2f10-44e4-85c0-8d9ebc048c65','aaaaaaaa-0000-0000-0000-000000000001','VELASHI I-II-ML FIV CGAL','CGAL 3070','DOADORA','2024-04-16','DIAMANTE-5 TE GUADALUPE','VELASHI I FIV CGAL','BASCO DA SM','CRISTAL FIV SBX','VALA B.CORREIA','SE AGROPECUÁRIA',1.0,1300.0,NULL);
INSERT INTO animals (id,farm_id,nome,rgn,tipo,nascimento,pai_nome,mae_nome,avo_materno,avo_materna,bisavo,localizacao,percentual_proprio,valor_parcela,observacoes) VALUES ('649428c8-b280-4322-b365-f77896821f1d','aaaaaaaa-0000-0000-0000-000000000001','ELEGANCE FIV DA MORATO','SGMM 5090','DOADORA','2024-05-07','LANDAU DA DI GENIO','PRINCESA FIV DA SABIA','KAYAK TE MAFRA','PRADA TE DA SABIA','EUFORIA DA SABIA','SE AGROPECUÁRIA',0.5,675.0,NULL);
INSERT INTO animals (id,farm_id,nome,rgn,tipo,nascimento,pai_nome,mae_nome,avo_materno,avo_materna,bisavo,localizacao,percentual_proprio,valor_parcela,observacoes) VALUES ('17c25b4e-e08f-4d3a-adc1-9374932820bc','aaaaaaaa-0000-0000-0000-000000000001','DEMI MOORE FIV CBA','CABN 880','DOADORA','2024-06-07','KAYAK TE MAFRA','CELEBRIDADE 4 FIV HRO','LANDAU DA DI GENIO','IZABELLA FIV FORT.VR','ENDDY TE DA FORT.VR','SE AGROPECUÁRIA',1.0,1150.0,NULL);
INSERT INTO animals (id,farm_id,nome,rgn,tipo,nascimento,pai_nome,mae_nome,avo_materno,avo_materna,bisavo,localizacao,percentual_proprio,valor_parcela,observacoes) VALUES ('d2ad0541-7017-4348-a64c-5b0ff6f5e5e5','aaaaaaaa-0000-0000-0000-000000000001','IVANKA FIV M.VERDE','ISPU 6807','DOADORA','2024-06-10','LANDAU DA DI GENIO','VACINA FIV GIBER','KAYAK TE MAFRA','ORQUESTRA TE M. VERDE','MADRI GUADALUPE','SE AGROPECUÁRIA',1.0,3100.0,NULL);
INSERT INTO animals (id,farm_id,nome,rgn,tipo,nascimento,pai_nome,mae_nome,avo_materno,avo_materna,bisavo,localizacao,percentual_proprio,valor_parcela,observacoes) VALUES ('51c28452-19f4-4455-a5ac-f1825725020a','aaaaaaaa-0000-0000-0000-000000000001','EVA I FIV LUCENTE','LUCE 384','DOADORA','2024-07-16','KAYAK TE MAFRA','ELEGANCE FIV GUARA','BITELO DA SS','ELEGANCE II TE UNIMAR','ESSENCIA TE GUADALUPE','SE AGROPECUÁRIA',1.0,470.0,NULL);
INSERT INTO animals (id,farm_id,nome,rgn,tipo,nascimento,pai_nome,mae_nome,avo_materno,avo_materna,bisavo,localizacao,percentual_proprio,valor_parcela,observacoes) VALUES ('7e34da4d-a5e1-4653-aef5-5d999a48db22','aaaaaaaa-0000-0000-0000-000000000001','BRENDA FIV TRES MONTES','FRTM 220','DOADORA','2024-08-29','DIAMANTE-5 TE GUADALUPE','PRINCESA FIV DA SABIA','KAYAK TE MAFRA','PRADA TE DA SABIA','EUFORIA DA SABIA','SE AGROPECUÁRIA',0.5,615.0,NULL);
INSERT INTO animals (id,farm_id,nome,rgn,tipo,nascimento,pai_nome,mae_nome,avo_materno,avo_materna,bisavo,localizacao,percentual_proprio,valor_parcela,observacoes) VALUES ('59ce272b-211b-41a0-b3f6-73a238405b45','aaaaaaaa-0000-0000-0000-000000000001','SUSAN DA RS','RSBP 7717','DOADORA','2024-08-31','DODGE RAM DA RS','HELENA FIV DA RS','MISTÉRIO FIV CASS','MAYANA DA MUNDIAL','HÍPICA FIV DA RFA','RS',0.5,15750.0,NULL);
INSERT INTO animals (id,farm_id,nome,rgn,tipo,nascimento,pai_nome,mae_nome,avo_materno,avo_materna,bisavo,localizacao,percentual_proprio,valor_parcela,observacoes) VALUES ('a43c87cc-c6ef-4b50-8ccc-b4707e0bd483','aaaaaaaa-0000-0000-0000-000000000001','GRAÇA 1 DA UNIPEC','APJ 157','DOADORA','2024-10-15','KAYAK TE MAFRA','GRAÇA FIV DA UNIPEC','LANDAU DA DI GENIO','CAMPEÃ FIV DA SABIÁ','SOVIÉTICA TE DA SABIÁ','SE AGROPECUÁRIA',1.0,620.0,NULL);
INSERT INTO animals (id,farm_id,nome,rgn,tipo,nascimento,pai_nome,mae_nome,avo_materno,avo_materna,bisavo,localizacao,percentual_proprio,valor_parcela,observacoes) VALUES ('af4b1147-db25-4e34-9525-18805629c80a','aaaaaaaa-0000-0000-0000-000000000001','KHAIRA IX FIV LUCENTE','LUCE 450','DOADORA','2024-11-13','LANDAU DA DI GENIO','NAFTA FIV DA FAI','KAYAK TE MAFRA','TAHITI TE GUADALUPE','MAHARASHI I TE J.GALERA','SE AGROPECUÁRIA',1.0,2325.0,NULL);
INSERT INTO animals (id,farm_id,nome,rgn,tipo,nascimento,pai_nome,mae_nome,avo_materno,avo_materna,bisavo,localizacao,percentual_proprio,valor_parcela,observacoes) VALUES ('bff5a4b3-75d5-4901-b632-878375cc2d46','aaaaaaaa-0000-0000-0000-000000000001','ISABEL DA SE','SMEF 1','DOADORA','2025-01-05','FANTASTIC FIV CAMPAR','TABITA FIV','KAYAK TE MAFRA','KERIDISSIMA-X FIV CGAL','KERIDISSIMA FIV LAVRINHA','SE AGROPECUÁRIA',1.0,0.0,NULL);
INSERT INTO animals (id,farm_id,nome,rgn,tipo,nascimento,pai_nome,mae_nome,avo_materno,avo_materna,bisavo,localizacao,percentual_proprio,valor_parcela,observacoes) VALUES ('6175d2d6-01ca-4e0d-9eae-7dfdcf26e553','aaaaaaaa-0000-0000-0000-000000000001','MAGIA FIV DA PERBONI','PERB 5929','DOADORA','2025-02-16','DIAMANTE-5 TE GUADALUPE','CAMPEÃ FIV DA SABIÁ','BASCO DA SM','SOVIÉTICA TE DA SABIÁ','FLOR DA SABIÁ','SE AGROPECUÁRIA',1.0,700.0,NULL);
INSERT INTO animals (id,farm_id,nome,rgn,tipo,nascimento,pai_nome,mae_nome,avo_materno,avo_materna,bisavo,localizacao,percentual_proprio,valor_parcela,observacoes) VALUES ('501523a9-497a-4b8f-a9a2-bf4b6c260969','aaaaaaaa-0000-0000-0000-000000000001','KERIDÍSSIMA XXVI- FIV CGAL','CGAL 3440','DOADORA','2025-02-24','RADAN 3 TE J.GALERA','KERIDÍSSIMA XXVI FIV CGAL','LANDAU DA DI GENIO','KERIDÍSSIMA FIV LAVRINHA','JORDÂNIA II TE J.GALERA','SE AGROPECUÁRIA',1.0,450.0,NULL);
INSERT INTO animals (id,farm_id,nome,rgn,tipo,nascimento,pai_nome,mae_nome,avo_materno,avo_materna,bisavo,localizacao,percentual_proprio,valor_parcela,observacoes) VALUES ('b2e4511a-d0e7-4ce0-993c-7b1e1ffd3ba1','aaaaaaaa-0000-0000-0000-000000000001','KERIDÍSSIMA XXVI-IV FIV CGAL','CGAL 3445','DOADORA','2025-02-25','RADAN 3 TE J.GALERA','KERIDÍSSIMA XXVI FIV CGAL','LANDAU DA DI GENIO','KERIDÍSSIMA FIV LAVRINHA','JORDÂNIA II TE J.GALERA','SE AGROPECUÁRIA',1.0,450.0,NULL);
INSERT INTO animals (id,farm_id,nome,rgn,tipo,nascimento,pai_nome,mae_nome,avo_materno,avo_materna,bisavo,localizacao,percentual_proprio,valor_parcela,observacoes) VALUES ('95ad1172-054f-44ca-aca6-1979e445f9d2','aaaaaaaa-0000-0000-0000-000000000001','DACIA FIV BSP','BSP 268','DOADORA','2025-03-01','KAYAK TE MAFRA','OLINDA FIV GIBER','DONATO DE NAVIRAÍ','MOGIANA FIV JACURICY','MOGIANA TE VALE','SNL',0.5,1500.0,NULL);
INSERT INTO animals (id,farm_id,nome,rgn,tipo,nascimento,pai_nome,mae_nome,avo_materno,avo_materna,bisavo,localizacao,percentual_proprio,valor_parcela,observacoes) VALUES ('33d2d91b-06c4-47a7-8112-4784f68a6f63','aaaaaaaa-0000-0000-0000-000000000001','AMELIA FIV DA GRANN','GRAN 2598','DOADORA','2025-07-30','LANDAU DA DI GENIO','AFRODHITE FIV DA SABIÁ','KAYAK TE MAFRA','CHARLESTON FIV DA SABIA','SALINAS TE DA SABIÁ','GRAN NELORE',1.0,600.0,NULL);
INSERT INTO animals (id,farm_id,nome,rgn,tipo,nascimento,pai_nome,mae_nome,avo_materno,avo_materna,bisavo,localizacao,percentual_proprio,valor_parcela,observacoes) VALUES ('7d9c88f0-d224-424e-a4cd-16e3f7e54ec4','aaaaaaaa-0000-0000-0000-000000000001','ANNE FIV DA SE AGRO','SMEF 2','DOADORA','2025-08-07','BOBY HRO','FOUNDA FIV M. VERDE','KAYAK TE MAFRA','THABATA FIV M.VERDE','ZACHA TE QG ARATAU','SE AGROPECUÁRIA',1.0,0.0,NULL);

-- ══════════════════════════════════════════
-- 2. ANIMAIS — TOUROS
-- ══════════════════════════════════════════

INSERT INTO animals (id,farm_id,nome,rgn,tipo,nascimento,pai_nome,mae_nome,localizacao) VALUES ('343d355e-c6bf-4ee8-b7d0-b89a8fc462f3','aaaaaaaa-0000-0000-0000-000000000001','ELEGANTE FIV DA MORATO','SGMM 5091','TOURO','2024-05-07','LANDAU DA DI GENIO','PRINCESA FIV DA SABIA',NULL);
INSERT INTO animals (id,farm_id,nome,rgn,tipo,nascimento,pai_nome,mae_nome,localizacao) VALUES ('bb3cca2e-3fd8-46dd-b7c4-9253a578063a','aaaaaaaa-0000-0000-0000-000000000001','ABSOLUTO DA SE AGRO','SMEF 3','TOURO','2025-07-19','RANCHI IPE OURO','SOL FIV LUCENTE',NULL);
INSERT INTO animals (id,farm_id,nome,rgn,tipo,nascimento,pai_nome,mae_nome,localizacao) VALUES ('f2e575f6-d715-4704-9d4a-1be7e0fc7935','aaaaaaaa-0000-0000-0000-000000000001','AZUL DA SE AGRO','SMEF 4','TOURO','2025-08-26','ETTAN LEI NJOP','AZURRA FIV GIBER',NULL);

-- ══════════════════════════════════════════
-- 3. ANIMAIS — REBANHO (RECEPTORAS)
-- ══════════════════════════════════════════

INSERT INTO animals (id,farm_id,nome,brinco,tipo,situacao,observacoes) VALUES ('4030d11d-e36b-4d42-883a-2936edaca0f6','aaaaaaaa-0000-0000-0000-000000000001','SE001','SE001','DESCARTE','DESCARTE','Situação: DESCARTE | VENDIDA CICINATO');
INSERT INTO animals (id,farm_id,nome,brinco,tipo,situacao,observacoes) VALUES ('18739e92-0bb1-4f1c-a1d7-430a2610cb0d','aaaaaaaa-0000-0000-0000-000000000001','SE003','SE003','RECEPTORA',NULL,'P+ TE3 (SGMM5090 X BITELO SS) - F');
INSERT INTO animals (id,farm_id,nome,brinco,tipo,situacao,observacoes) VALUES ('43a0cd62-ff2c-4ca2-95d6-eb80286fe1f9','aaaaaaaa-0000-0000-0000-000000000001','SE004','SE004','DESCARTE','DESCARTE','Situação: DESCARTE | VENDIDA ARILTON');
INSERT INTO animals (id,farm_id,nome,brinco,tipo,situacao,observacoes) VALUES ('b77d8954-151c-478c-a9d0-07e104833e73','aaaaaaaa-0000-0000-0000-000000000001','SE005','SE005','RECEPTORA','INSEMINADA T.E.','Situação: INSEMINADA T.E.');
INSERT INTO animals (id,farm_id,nome,brinco,tipo,situacao,observacoes) VALUES ('aa36a812-2cc3-44e5-9ca7-d712b0cff7c1','aaaaaaaa-0000-0000-0000-000000000001','SE006','SE006','RECEPTORA','INSEMINADA T.E.','Situação: INSEMINADA T.E.');
INSERT INTO animals (id,farm_id,nome,brinco,tipo,situacao,observacoes) VALUES ('50519ce6-580d-4d25-808d-4d60131ceb1b','aaaaaaaa-0000-0000-0000-000000000001','SE007','SE007','DESCARTE','DESCARTE','Situação: DESCARTE | VENDIDA PEDRO BRANDÃO');
INSERT INTO animals (id,farm_id,nome,brinco,tipo,situacao,observacoes) VALUES ('28c24d8e-8a05-43d4-bee4-87f93cfad0ae','aaaaaaaa-0000-0000-0000-000000000001','SE008','SE008','DESCARTE','DESCARTE','Situação: DESCARTE | VENDIDA PEDRO BRANDÃO');
INSERT INTO animals (id,farm_id,nome,brinco,tipo,situacao,observacoes) VALUES ('a0c78d21-068c-4dda-8a1d-ec9ed8fa2b31','aaaaaaaa-0000-0000-0000-000000000001','SE009','SE009','DESCARTE','DESCARTE','Situação: DESCARTE | VENDIDA PEDRO BRANDÃO');
INSERT INTO animals (id,farm_id,nome,brinco,tipo,situacao,observacoes) VALUES ('573a45f1-dc5f-4a78-af44-4eac8f3a1188','aaaaaaaa-0000-0000-0000-000000000001','SE010','SE010','RECEPTORA','INSEMINADA T.E.','Situação: INSEMINADA T.E.');
INSERT INTO animals (id,farm_id,nome,brinco,tipo,situacao,observacoes) VALUES ('21145d63-05d8-4500-8b5e-63e2dd8c929a','aaaaaaaa-0000-0000-0000-000000000001','SE011','SE011','RECEPTORA','INSEMINADA T.E.','Situação: INSEMINADA T.E.');
INSERT INTO animals (id,farm_id,nome,brinco,tipo,situacao,observacoes) VALUES ('4d6888c2-15b1-46a8-875a-2bfc1da1ba6a','aaaaaaaa-0000-0000-0000-000000000001','SE012','SE012','RECEPTORA','INSEMINADA T.E.','Situação: INSEMINADA T.E.');
INSERT INTO animals (id,farm_id,nome,brinco,tipo,situacao,observacoes) VALUES ('21419f34-361c-42b3-9025-6d7b62f8eb1a','aaaaaaaa-0000-0000-0000-000000000001','SE013','SE013','RECEPTORA','INSEMINADA T.E.','Situação: INSEMINADA T.E.');
INSERT INTO animals (id,farm_id,nome,brinco,tipo,situacao,observacoes) VALUES ('ec05d140-fdb6-4539-a2a7-884f2e9c4b14','aaaaaaaa-0000-0000-0000-000000000001','SE014','SE014','RECEPTORA','INSEMINADA T.E.','Situação: INSEMINADA T.E.');
INSERT INTO animals (id,farm_id,nome,brinco,tipo,situacao,observacoes) VALUES ('437fb5bb-7156-4a95-a30e-1551a940d9c0','aaaaaaaa-0000-0000-0000-000000000001','SE015','SE015','DESCARTE','DESCARTE','Situação: DESCARTE | VENDIDA PEDRO BRANDÃO');
INSERT INTO animals (id,farm_id,nome,brinco,tipo,situacao,observacoes) VALUES ('83888e01-2784-41af-986a-bec4d418a1e9','aaaaaaaa-0000-0000-0000-000000000001','SE016','SE016','RECEPTORA','INSEMINADA T.E.','Situação: INSEMINADA T.E.');
INSERT INTO animals (id,farm_id,nome,brinco,tipo,situacao,observacoes) VALUES ('230743ef-ad0b-4438-a362-3a00a852d451','aaaaaaaa-0000-0000-0000-000000000001','SE017','SE017','RECEPTORA','INSEMINADA T.E.','Situação: INSEMINADA T.E.');
INSERT INTO animals (id,farm_id,nome,brinco,tipo,situacao,observacoes) VALUES ('89786798-a33a-4b60-95a7-2dca6916cda0','aaaaaaaa-0000-0000-0000-000000000001','SE018','SE018','DESCARTE','DESCARTE','Situação: DESCARTE | VENDIDA PEDRO BRANDÃO');
INSERT INTO animals (id,farm_id,nome,brinco,tipo,situacao,observacoes) VALUES ('421e43fa-4038-409e-a732-2d09a690a426','aaaaaaaa-0000-0000-0000-000000000001','SE019','SE019','RECEPTORA','INSEMINADA T.E.','Situação: INSEMINADA T.E.');
INSERT INTO animals (id,farm_id,nome,brinco,tipo,situacao,observacoes) VALUES ('d1c972f5-2ac1-48c2-842f-44faea83a7d8','aaaaaaaa-0000-0000-0000-000000000001','SE020','SE020','DESCARTE','DESCARTE','Situação: DESCARTE | MANEL DE SA MATOU');
INSERT INTO animals (id,farm_id,nome,brinco,tipo,situacao,observacoes) VALUES ('ea8a95fd-3eea-47fc-85e3-9f9fad560eed','aaaaaaaa-0000-0000-0000-000000000001','SE021','SE021','RECEPTORA','INSEMINADA T.E.','Situação: INSEMINADA T.E. | P+ TE2 (FCMN126 X BITELO)');
INSERT INTO animals (id,farm_id,nome,brinco,tipo,situacao,observacoes) VALUES ('00bb99f1-95f1-443d-aaf3-c769d56dcf6f','aaaaaaaa-0000-0000-0000-000000000001','SE022','SE022','RECEPTORA','INSEMINADA T.E.','Situação: INSEMINADA T.E.');
INSERT INTO animals (id,farm_id,nome,brinco,tipo,situacao,observacoes) VALUES ('e062dfc3-1d2d-4d0b-ae9b-6261d81db7df','aaaaaaaa-0000-0000-0000-000000000001','SE023','SE023','DESCARTE','DESCARTE','Situação: DESCARTE | VENDIDA PEDRO BRANDÃO');
INSERT INTO animals (id,farm_id,nome,brinco,tipo,situacao,observacoes) VALUES ('7530c0db-6554-49fb-ae75-b0b6b21eb821','aaaaaaaa-0000-0000-0000-000000000001','SE024','SE024','RECEPTORA','INSEMINADA T.E.','Situação: INSEMINADA T.E.');
INSERT INTO animals (id,farm_id,nome,brinco,tipo,situacao,observacoes) VALUES ('d4c394f8-e5a9-4a00-b5ff-9b4d74fa23d6','aaaaaaaa-0000-0000-0000-000000000001','SE025','SE025','RECEPTORA','INSEMINADA T.E.','Situação: INSEMINADA T.E.');
INSERT INTO animals (id,farm_id,nome,brinco,tipo,situacao,observacoes) VALUES ('c08e684e-f774-457f-b0b6-92ef5d807510','aaaaaaaa-0000-0000-0000-000000000001','SE026','SE026','RECEPTORA',NULL,'P+ TE3 (LUCE384XLANDAU)');
INSERT INTO animals (id,farm_id,nome,brinco,tipo,situacao,observacoes) VALUES ('338c4fb4-a710-4c0c-97e6-2c6e1a2e2afd','aaaaaaaa-0000-0000-0000-000000000001','SE027','SE027','RECEPTORA','INSEMINADA T.E.','Situação: INSEMINADA T.E.');
INSERT INTO animals (id,farm_id,nome,brinco,tipo,situacao,observacoes) VALUES ('5729e310-4e63-48cf-9058-7e010f45c471','aaaaaaaa-0000-0000-0000-000000000001','SE028','SE028','RECEPTORA','PARIU BM (27/02/26)','Situação: PARIU BM (27/02/26) | P+ TE2 (FCMN126 X BITELO)');
INSERT INTO animals (id,farm_id,nome,brinco,tipo,situacao,observacoes) VALUES ('fe1a813b-8ad1-4a86-8bf7-d3b7b0605315','aaaaaaaa-0000-0000-0000-000000000001','SE029','SE029','DESCARTE','DESCARTE','Situação: DESCARTE | VENDIDA ARILTON');
INSERT INTO animals (id,farm_id,nome,brinco,tipo,situacao,observacoes) VALUES ('b6d460f3-d5da-4cde-ba65-df8ab37607e3','aaaaaaaa-0000-0000-0000-000000000001','SE030','SE030','DESCARTE','DESCARTE','Situação: DESCARTE | VENDIDA PEDRO BRANDÃO');
INSERT INTO animals (id,farm_id,nome,brinco,tipo,situacao,observacoes) VALUES ('ad627c08-f2b6-4629-aa88-b1fc13b58ede','aaaaaaaa-0000-0000-0000-000000000001','SE031','SE031','RECEPTORA','INSEMINADA T.E.','Situação: INSEMINADA T.E.');
INSERT INTO animals (id,farm_id,nome,brinco,tipo,situacao,observacoes) VALUES ('588fd6ef-48c1-4647-b5f6-3f818c7fefb1','aaaaaaaa-0000-0000-0000-000000000001','SE032','SE032','RECEPTORA','INSEMINADA T.E.','Situação: INSEMINADA T.E.');
INSERT INTO animals (id,farm_id,nome,brinco,tipo,situacao,observacoes) VALUES ('0661b92a-871e-4b5e-9e9e-8c19e360e829','aaaaaaaa-0000-0000-0000-000000000001','SE033','SE033','RECEPTORA','INSEMINADA T.E.','Situação: INSEMINADA T.E.');
INSERT INTO animals (id,farm_id,nome,brinco,tipo,situacao,observacoes) VALUES ('4f138cd0-eca9-418a-ad2c-ed28a6eac489','aaaaaaaa-0000-0000-0000-000000000001','SE034','SE034','RECEPTORA','INSEMINADA T.E.','Situação: INSEMINADA T.E.');
INSERT INTO animals (id,farm_id,nome,brinco,tipo,situacao,observacoes) VALUES ('bb78f00b-a577-4ca1-a255-110e267a5b69','aaaaaaaa-0000-0000-0000-000000000001','SE035','SE035','DESCARTE','DESCARTE','Situação: DESCARTE | VENDIDA PEDRO BRANDÃO');
INSERT INTO animals (id,farm_id,nome,brinco,tipo,situacao,observacoes) VALUES ('7664dd56-ccc6-4d96-98c7-69ceaf4de5a7','aaaaaaaa-0000-0000-0000-000000000001','SE036','SE036','DESCARTE','DESCARTE','Situação: DESCARTE | VENDIDA PEDRO BRANDÃO');
INSERT INTO animals (id,farm_id,nome,brinco,tipo,situacao,observacoes) VALUES ('59467895-587f-41ae-a9cc-bcd98d4c4d34','aaaaaaaa-0000-0000-0000-000000000001','SE037','SE037','RECEPTORA','INSEMINADA T.E.','Situação: INSEMINADA T.E.');
INSERT INTO animals (id,farm_id,nome,brinco,tipo,situacao,observacoes) VALUES ('4e88e297-6bd7-419a-b607-a7b200ec0924','aaaaaaaa-0000-0000-0000-000000000001','SE038','SE038','RECEPTORA',NULL,'P+ TE3 (ISPU6807 X BITELO)');
INSERT INTO animals (id,farm_id,nome,brinco,tipo,situacao,observacoes) VALUES ('3268149f-b951-4eae-aa44-a5ce6e095b0e','aaaaaaaa-0000-0000-0000-000000000001','SE039','SE039','DESCARTE','DESCARTE','Situação: DESCARTE | VENDIDA CICINATO');
INSERT INTO animals (id,farm_id,nome,brinco,tipo,situacao,observacoes) VALUES ('d7292e30-236b-4d06-a2da-6ff01125e399','aaaaaaaa-0000-0000-0000-000000000001','SE040','SE040','DESCARTE','DESCARTE','Situação: DESCARTE | VENDIDA CICINATO');
INSERT INTO animals (id,farm_id,nome,brinco,tipo,situacao,observacoes) VALUES ('990842f7-75e6-4e18-b61c-7df047492f30','aaaaaaaa-0000-0000-0000-000000000001','SE041','SE041','DESCARTE','DESCARTE','Situação: DESCARTE | VENDIDA CICINATO');
INSERT INTO animals (id,farm_id,nome,brinco,tipo,situacao,observacoes) VALUES ('182116dd-c6c1-4722-8507-1902825110a0','aaaaaaaa-0000-0000-0000-000000000001','SE042','SE042','DESCARTE','DESCARTE','Situação: DESCARTE | VENDIDA CICINATO');
INSERT INTO animals (id,farm_id,nome,brinco,tipo,situacao,observacoes) VALUES ('e41d4e9b-006f-4940-a115-2d89c4445851','aaaaaaaa-0000-0000-0000-000000000001','SE043','SE043','DESCARTE','DESCARTE','Situação: DESCARTE | VENDIDA CICINATO');
INSERT INTO animals (id,farm_id,nome,brinco,tipo,situacao,observacoes) VALUES ('fea4e9d2-d23b-419d-9594-bdb95277dce7','aaaaaaaa-0000-0000-0000-000000000001','SE044','SE044','RECEPTORA',NULL,NULL);
INSERT INTO animals (id,farm_id,nome,brinco,tipo,situacao,observacoes) VALUES ('c9be4528-f7f4-4b86-aeb0-bc8073ca586e','aaaaaaaa-0000-0000-0000-000000000001','SE045','SE045','DESCARTE','DESCARTE','Situação: DESCARTE | VENDIDA ARILTON');
INSERT INTO animals (id,farm_id,nome,brinco,tipo,situacao,observacoes) VALUES ('4310e535-596e-4fde-8857-7958b32ac953','aaaaaaaa-0000-0000-0000-000000000001','SE046','SE046','DESCARTE','DESCARTE','Situação: DESCARTE | VENDIDA CICINATO');
INSERT INTO animals (id,farm_id,nome,brinco,tipo,situacao,observacoes) VALUES ('feb7baae-1b57-46ff-98b7-a9773cd29045','aaaaaaaa-0000-0000-0000-000000000001','SE047','SE047','DESCARTE','DESCARTE','Situação: DESCARTE | VENDIDA CICINATO');
INSERT INTO animals (id,farm_id,nome,brinco,tipo,situacao,observacoes) VALUES ('bc2231ed-2903-4c0b-b9da-38c39bad24fb','aaaaaaaa-0000-0000-0000-000000000001','SE048','SE048','RECEPTORA',NULL,NULL);
INSERT INTO animals (id,farm_id,nome,brinco,tipo,situacao,observacoes) VALUES ('862303b0-82cf-4f27-8f34-e382cf0c9502','aaaaaaaa-0000-0000-0000-000000000001','SE049','SE049','DESCARTE','DESCARTE','Situação: DESCARTE | VENDIDA CICINATO');
INSERT INTO animals (id,farm_id,nome,brinco,tipo,situacao,observacoes) VALUES ('cc33f958-ac66-4876-94d5-21594d00c8cb','aaaaaaaa-0000-0000-0000-000000000001','SE050','SE050','DESCARTE','DESCARTE','Situação: DESCARTE | VENDIDA CICINATO');
INSERT INTO animals (id,farm_id,nome,brinco,tipo,situacao,observacoes) VALUES ('b058f7d6-5d42-455b-a27c-97dc02ea45a4','aaaaaaaa-0000-0000-0000-000000000001','SE051','SE051','DESCARTE','DESCARTE','Situação: DESCARTE | VENDIDA CICINATO');
INSERT INTO animals (id,farm_id,nome,brinco,tipo,situacao,observacoes) VALUES ('76c7b323-9da3-46a1-9efa-7758f3c1db85','aaaaaaaa-0000-0000-0000-000000000001','SE052','SE052','DESCARTE','DESCARTE','Situação: DESCARTE | VENDIDA CICINATO');
INSERT INTO animals (id,farm_id,nome,brinco,tipo,situacao,observacoes) VALUES ('58b9b08c-3715-463c-a482-1bae18a1e3b2','aaaaaaaa-0000-0000-0000-000000000001','SE053','SE053','DESCARTE','DESCARTE','Situação: DESCARTE | VENDIDA ARILTON');
INSERT INTO animals (id,farm_id,nome,brinco,tipo,situacao,observacoes) VALUES ('e076dbe0-cb76-4aac-acb0-b03f6f6f0259','aaaaaaaa-0000-0000-0000-000000000001','SE054','SE054','DESCARTE','DESCARTE','Situação: DESCARTE | VENDIDA ARILTON');
INSERT INTO animals (id,farm_id,nome,brinco,tipo,situacao,observacoes) VALUES ('bfc56d1f-f88b-4679-8e7d-f2c36e20ff52','aaaaaaaa-0000-0000-0000-000000000001','SE055','SE055','DESCARTE','DESCARTE','Situação: DESCARTE | VENDIDA CICINATO');
INSERT INTO animals (id,farm_id,nome,brinco,tipo,situacao,observacoes) VALUES ('94a4a833-bd1e-4663-af32-647161fd8aef','aaaaaaaa-0000-0000-0000-000000000001','SE056','SE056','DESCARTE','DESCARTE','Situação: DESCARTE | VENDIDA CICINATO');
INSERT INTO animals (id,farm_id,nome,brinco,tipo,situacao,observacoes) VALUES ('ce0a5664-9770-4b7d-8001-989d14ca73ac','aaaaaaaa-0000-0000-0000-000000000001','SE057','SE057','RECEPTORA',NULL,NULL);
INSERT INTO animals (id,farm_id,nome,brinco,tipo,situacao,observacoes) VALUES ('78176d9d-ac90-423c-bf5b-39426d038a14','aaaaaaaa-0000-0000-0000-000000000001','SE058','SE058','DESCARTE','DESCARTE','Situação: DESCARTE | VENDIDA CICINATO');
INSERT INTO animals (id,farm_id,nome,brinco,tipo,situacao,observacoes) VALUES ('d066cc56-c510-4e89-9d70-3a3188cb354b','aaaaaaaa-0000-0000-0000-000000000001','SE059','SE059','RECEPTORA','INSEMINADA T.E.','Situação: INSEMINADA T.E. | PARIDA GADO DE CAMPO');
INSERT INTO animals (id,farm_id,nome,brinco,tipo,situacao,observacoes) VALUES ('4ca1f871-6e3f-4f4a-ab93-14109a514406','aaaaaaaa-0000-0000-0000-000000000001','SE060','SE060','RECEPTORA','INSEMINADA T.E.','ID Anterior: B016 | Situação: INSEMINADA T.E. | PARIDA NOV/25');
INSERT INTO animals (id,farm_id,nome,brinco,tipo,situacao,observacoes) VALUES ('8dcafb80-c012-46b5-a0c2-0d4845bba651','aaaaaaaa-0000-0000-0000-000000000001','SE061','SE061','RECEPTORA','INSEMINADA T.E.','ID Anterior: 5776 | Situação: INSEMINADA T.E.');
INSERT INTO animals (id,farm_id,nome,brinco,tipo,situacao,observacoes) VALUES ('f341be13-e503-499d-8644-dedba5450ae6','aaaaaaaa-0000-0000-0000-000000000001','SE062','SE062','RECEPTORA','INSEMINADA T.E.','Situação: INSEMINADA T.E.');
INSERT INTO animals (id,farm_id,nome,brinco,tipo,situacao,observacoes) VALUES ('c008fed3-d41e-4c6b-8abc-837c1136d796','aaaaaaaa-0000-0000-0000-000000000001','SE063','SE063','DESCARTE','DESCARTE','ID Anterior: 4832 | Situação: DESCARTE | VENDIDA CICINATO');
INSERT INTO animals (id,farm_id,nome,brinco,tipo,situacao,observacoes) VALUES ('54e34eca-dba7-43ec-919c-0cd1df966a55','aaaaaaaa-0000-0000-0000-000000000001','SE064','SE064','DESCARTE','DESCARTE','ID Anterior: V087 | Situação: DESCARTE | VENDIDA PEDRO BRANDÃO');
INSERT INTO animals (id,farm_id,nome,brinco,tipo,situacao,observacoes) VALUES ('16d4eb2c-47c3-43e0-8899-8749a0e43975','aaaaaaaa-0000-0000-0000-000000000001','SE065','SE065','RECEPTORA',NULL,'ID Anterior: A238 | P+');
INSERT INTO animals (id,farm_id,nome,brinco,tipo,situacao,observacoes) VALUES ('6f1da691-565e-448e-b63b-f45e09b9bc3d','aaaaaaaa-0000-0000-0000-000000000001','SE066','SE066','DESCARTE','DESCARTE','ID Anterior: V074 | Situação: DESCARTE | PARIDA');
INSERT INTO animals (id,farm_id,nome,brinco,tipo,situacao,observacoes) VALUES ('b3051450-069c-4af8-afdd-d629d558df51','aaaaaaaa-0000-0000-0000-000000000001','SE067','SE067','RECEPTORA','INSEMINADA T.E.','ID Anterior: A212 | Situação: INSEMINADA T.E. | ABSORVEU TE1 (MPE120 X LANDAU)');
INSERT INTO animals (id,farm_id,nome,brinco,tipo,situacao,observacoes) VALUES ('dc495531-8730-44d1-bc1b-dcd7ce043038','aaaaaaaa-0000-0000-0000-000000000001','SE068','SE068','RECEPTORA','PARIU BM CESÁREA (ÓBITO)','ID Anterior: B013 | Situação: PARIU BM CESÁREA (ÓBITO) | P+ TE2 (FRTM147 X BITELO)');
INSERT INTO animals (id,farm_id,nome,brinco,tipo,situacao,observacoes) VALUES ('6ea833bf-1982-472b-8e7f-28dbe3213a8d','aaaaaaaa-0000-0000-0000-000000000001','SE069','SE069','RECEPTORA',NULL,'ID Anterior: 6490');
INSERT INTO animals (id,farm_id,nome,brinco,tipo,situacao,observacoes) VALUES ('e157eb8e-d784-40ef-b547-08c40a6c6254','aaaaaaaa-0000-0000-0000-000000000001','SE070','SE070','DESCARTE','DESCARTE','ID Anterior: V106 | Situação: DESCARTE | VENDIDA PEDRO BRANDÃO');
INSERT INTO animals (id,farm_id,nome,brinco,tipo,situacao,observacoes) VALUES ('17bbca84-d32f-4c2c-bdb1-741d7c920baa','aaaaaaaa-0000-0000-0000-000000000001','SE071','SE071','RECEPTORA','INSEMINADA T.E.','ID Anterior: 5707 | Situação: INSEMINADA T.E. | PARIDA NOV/25 TE1');
INSERT INTO animals (id,farm_id,nome,brinco,tipo,situacao,observacoes) VALUES ('988436e6-b55c-48bd-9349-ba0755143aa1','aaaaaaaa-0000-0000-0000-000000000001','SE072','SE072','RECEPTORA',NULL,'ID Anterior: B005 | PARIDA NOV/25 TE1');
INSERT INTO animals (id,farm_id,nome,brinco,tipo,situacao,observacoes) VALUES ('369d858e-dd0e-4926-a1ef-6262e1edc0e2','aaaaaaaa-0000-0000-0000-000000000001','SE073','SE073','RECEPTORA',NULL,NULL);
INSERT INTO animals (id,farm_id,nome,brinco,tipo,situacao,observacoes) VALUES ('920e1c08-bf5b-4cfd-827c-39bd1c076309','aaaaaaaa-0000-0000-0000-000000000001','SE074','SE074','RECEPTORA',NULL,'ID Anterior: A160 | P+ TE3 (LFFV698 X LANDAU)');
INSERT INTO animals (id,farm_id,nome,brinco,tipo,situacao,observacoes) VALUES ('53ec3438-b19e-4685-822d-bb24a53bcb14','aaaaaaaa-0000-0000-0000-000000000001','SE075','SE075','DESCARTE','DESCARTE','Situação: DESCARTE | VENDIDA PEDRO BRANDÃO');
INSERT INTO animals (id,farm_id,nome,brinco,tipo,situacao,observacoes) VALUES ('ae8a4537-5e54-4c88-a0e1-e3cc930fabae','aaaaaaaa-0000-0000-0000-000000000001','SE076','SE076','RECEPTORA',NULL,'ID Anterior: A245 | P+ TE3 (LFFV698 X LANDAU)');
INSERT INTO animals (id,farm_id,nome,brinco,tipo,situacao,observacoes) VALUES ('c62471cc-7fb7-4473-b5e7-5d29348a0240','aaaaaaaa-0000-0000-0000-000000000001','SE077','SE077','DESCARTE','DESCARTE','ID Anterior: A185 | Situação: DESCARTE | VENDIDA PEDRO BRANDÃO');
INSERT INTO animals (id,farm_id,nome,brinco,tipo,situacao,observacoes) VALUES ('46cc0fab-2e7f-4230-bfa3-33568c7aca36','aaaaaaaa-0000-0000-0000-000000000001','SE078','SE078','RECEPTORA','INSEMINADA T.E.','ID Anterior: B012 | Situação: INSEMINADA T.E. | PARIDA NOV/25');
INSERT INTO animals (id,farm_id,nome,brinco,tipo,situacao,observacoes) VALUES ('ada84198-ce60-455c-b0ba-66b472e723ff','aaaaaaaa-0000-0000-0000-000000000001','SE079','SE079','RECEPTORA','INSEMINADA T.E.','ID Anterior: V091 | Situação: INSEMINADA T.E. | PARIDA GADO DE CAMPO');
INSERT INTO animals (id,farm_id,nome,brinco,tipo,situacao,observacoes) VALUES ('e35ff768-45a9-43db-ad62-f1ba604a6e97','aaaaaaaa-0000-0000-0000-000000000001','SE080','SE080','RECEPTORA',NULL,'ID Anterior: B022 | P+ TE2 (ISPU4743 X OPOSITOR)');
INSERT INTO animals (id,farm_id,nome,brinco,tipo,situacao,observacoes) VALUES ('26cfd1e3-e57b-44ef-9995-6d1ae1bf9ef7','aaaaaaaa-0000-0000-0000-000000000001','SE081','SE081','RECEPTORA','PROTOCOLADA P/ TE','ID Anterior: B011 | Situação: PROTOCOLADA P/ TE | PARIDA NOV/25 TE1');
INSERT INTO animals (id,farm_id,nome,brinco,tipo,situacao,observacoes) VALUES ('b555e2b3-1d76-45b5-82a0-af1c68723d7c','aaaaaaaa-0000-0000-0000-000000000001','SE082','SE082','RECEPTORA','PROTOCOLADA P/ TE','ID Anterior: B017 | Situação: PROTOCOLADA P/ TE | PARIDA NOV/25');
INSERT INTO animals (id,farm_id,nome,brinco,tipo,situacao,observacoes) VALUES ('ea7189fb-c864-4d38-8e2e-1019a48f9a1d','aaaaaaaa-0000-0000-0000-000000000001','SE083','SE083','RECEPTORA',NULL,'ID Anterior: A065 | P+ TE2 (FRTM147 X BITELO');
INSERT INTO animals (id,farm_id,nome,brinco,tipo,situacao,observacoes) VALUES ('1b7452a3-27b3-474f-a6c7-ff02c5a418ec','aaaaaaaa-0000-0000-0000-000000000001','SE084','SE084','RECEPTORA','INSEMINADA T.E.','ID Anterior: B008 | Situação: INSEMINADA T.E. | PARIDA NOV/25 TE1');
INSERT INTO animals (id,farm_id,nome,brinco,tipo,situacao,observacoes) VALUES ('ed77c187-c473-4e1f-847b-3953c248b90a','aaaaaaaa-0000-0000-0000-000000000001','SE085','SE085','RECEPTORA','PROTOCOLADA P/ TE','ID Anterior: B015 | Situação: PROTOCOLADA P/ TE | PARIDA NOV/25');
INSERT INTO animals (id,farm_id,nome,brinco,tipo,situacao,observacoes) VALUES ('882f73f7-267a-477a-ad98-c7f824701ae5','aaaaaaaa-0000-0000-0000-000000000001','SE086','SE086','RECEPTORA',NULL,'ID Anterior: AB130 | P+ (GADO DE CAMPO)');
INSERT INTO animals (id,farm_id,nome,brinco,tipo,situacao,observacoes) VALUES ('0756433f-39c0-47a1-bd60-653bc571e80d','aaaaaaaa-0000-0000-0000-000000000001','SE087','SE087','RECEPTORA','PARIU BM (27/02/2026)','ID Anterior: A227 | Situação: PARIU BM (27/02/2026) | P+ TE2 (LFFV698 X LANDAU)');
INSERT INTO animals (id,farm_id,nome,brinco,tipo,situacao,observacoes) VALUES ('40ec15b3-3599-4c19-86bb-ca0b2d91ff0e','aaaaaaaa-0000-0000-0000-000000000001','SE088','SE088','DESCARTE','DESCARTE','ID Anterior: A216 | Situação: DESCARTE | VENDIDA ARILTON');
INSERT INTO animals (id,farm_id,nome,brinco,tipo,situacao,observacoes) VALUES ('ea8461f1-3d96-4699-8c2b-f56f38853b5b','aaaaaaaa-0000-0000-0000-000000000001','SE089','SE089','RECEPTORA','PROTOCOLADA P/ TE','ID Anterior: AB104 | Situação: PROTOCOLADA P/ TE');
INSERT INTO animals (id,farm_id,nome,brinco,tipo,situacao,observacoes) VALUES ('0579980b-9988-450e-ba81-d5ab9406e933','aaaaaaaa-0000-0000-0000-000000000001','SE090','SE090','RECEPTORA',NULL,NULL);
INSERT INTO animals (id,farm_id,nome,brinco,tipo,situacao,observacoes) VALUES ('f70c723f-30b7-48ca-b1e5-cba065265722','aaaaaaaa-0000-0000-0000-000000000001','SE091','SE091','RECEPTORA',NULL,'ID Anterior: A186 | PARIDA NOV/25 TE1');
INSERT INTO animals (id,farm_id,nome,brinco,tipo,situacao,observacoes) VALUES ('43331124-92ec-4de8-ac5c-89ec3583f7c7','aaaaaaaa-0000-0000-0000-000000000001','SE092','SE092','RECEPTORA',NULL,'ID Anterior: A194 | P+ (GADO DE CAMPO)');
INSERT INTO animals (id,farm_id,nome,brinco,tipo,situacao,observacoes) VALUES ('a0068acd-f7b5-4e8f-aa28-7e94f2a4ea05','aaaaaaaa-0000-0000-0000-000000000001','SE093','SE093','RECEPTORA','INSEMINADA T.E.','ID Anterior: V141 | Situação: INSEMINADA T.E. | PARIDA GADO DE CAMPO');
INSERT INTO animals (id,farm_id,nome,brinco,tipo,situacao,observacoes) VALUES ('36fd7947-0846-471e-bc13-3a5348ca4229','aaaaaaaa-0000-0000-0000-000000000001','SE094','SE094','RECEPTORA','INSEMINADA T.E.','ID Anterior: A200 | Situação: INSEMINADA T.E.');
INSERT INTO animals (id,farm_id,nome,brinco,tipo,situacao,observacoes) VALUES ('1e39bc26-37fb-48c9-a90f-fd47768ea0b0','aaaaaaaa-0000-0000-0000-000000000001','SE095','SE095','DESCARTE','DESCARTE','Situação: DESCARTE | VENDIDA ARILTON');
INSERT INTO animals (id,farm_id,nome,brinco,tipo,situacao,observacoes) VALUES ('ec88b311-4179-4975-acfe-bd30ad0a9fbe','aaaaaaaa-0000-0000-0000-000000000001','SE096','SE096','RECEPTORA',NULL,'ID Anterior: B006 | P+ TE2 (FRTM147 X BITELO');
INSERT INTO animals (id,farm_id,nome,brinco,tipo,situacao,observacoes) VALUES ('b7bb460c-b5c4-4e36-ae94-db393c0b79af','aaaaaaaa-0000-0000-0000-000000000001','SE097','SE097','DESCARTE','DESCARTE','ID Anterior: 6016 | Situação: DESCARTE | VENDIDA ARILTON');
INSERT INTO animals (id,farm_id,nome,brinco,tipo,situacao,observacoes) VALUES ('a95fa2bb-7025-4114-88fd-258b26107751','aaaaaaaa-0000-0000-0000-000000000001','SE098','SE098','DESCARTE','DESCARTE','ID Anterior: 6421 | Situação: DESCARTE | VENDIDA ARILTON');
INSERT INTO animals (id,farm_id,nome,brinco,tipo,situacao,observacoes) VALUES ('83f7222b-8371-4200-87d5-14fc950468bb','aaaaaaaa-0000-0000-0000-000000000001','SE099','SE099','RECEPTORA','INSEMINADA T.E.','ID Anterior: B007 | Situação: INSEMINADA T.E. | PARIDA NOV/25 TE1');
INSERT INTO animals (id,farm_id,nome,brinco,tipo,situacao,observacoes) VALUES ('7c2d605f-952f-4b93-831f-1d2ff61e519e','aaaaaaaa-0000-0000-0000-000000000001','SE100','SE100','DESCARTE','DESCARTE','ID Anterior: 6536 | Situação: DESCARTE | VENDIDA ARILTON');
INSERT INTO animals (id,farm_id,nome,brinco,tipo,situacao,observacoes) VALUES ('22f575f2-f040-419c-88d4-7cc49062e287','aaaaaaaa-0000-0000-0000-000000000001','SE101','SE101','RECEPTORA',NULL,'ID Anterior: B021 | P+ TE2 (FCMN126 X BITELO)');
INSERT INTO animals (id,farm_id,nome,brinco,tipo,situacao,observacoes) VALUES ('c1e086c2-4543-4bb8-934b-9e414da4c6a6','aaaaaaaa-0000-0000-0000-000000000001','SE102','SE102','DESCARTE','DESCARTE','ID Anterior: V089 | Situação: DESCARTE | VENDIDA PEDRO BRANDÃO');
INSERT INTO animals (id,farm_id,nome,brinco,tipo,situacao,observacoes) VALUES ('b61128b9-84d3-42b1-a5ec-42ff57f0bf2e','aaaaaaaa-0000-0000-0000-000000000001','SE103','SE103','DESCARTE','DESCARTE','ID Anterior: V078 | Situação: DESCARTE | VENDIDA CICINATO');
INSERT INTO animals (id,farm_id,nome,brinco,tipo,situacao,observacoes) VALUES ('7e60a0ed-f962-49dc-8ffb-08f5ac005292','aaaaaaaa-0000-0000-0000-000000000001','SE104','SE104','DESCARTE','DESCARTE','ID Anterior: 6376 | Situação: DESCARTE | VENDIDA ARILTON');
INSERT INTO animals (id,farm_id,nome,brinco,tipo,situacao,observacoes) VALUES ('205ba7f7-4802-477a-9a35-2fbc0c8c55a6','aaaaaaaa-0000-0000-0000-000000000001','SE105','SE105','DESCARTE','DESCARTE','ID Anterior: 5782 | Situação: DESCARTE | VENDIDA ARILTON');
INSERT INTO animals (id,farm_id,nome,brinco,tipo,situacao,observacoes) VALUES ('492336bb-fac0-4ac5-9bb6-9e494af27ba7','aaaaaaaa-0000-0000-0000-000000000001','SE106','SE106','DESCARTE','DESCARTE','ID Anterior: V083 | Situação: DESCARTE | VENDIDA PEDRO BRANDÃO');
INSERT INTO animals (id,farm_id,nome,brinco,tipo,situacao,observacoes) VALUES ('823959b5-2bf2-4eaa-8c87-adfbe7116a51','aaaaaaaa-0000-0000-0000-000000000001','SE107','SE107','RECEPTORA','INSEMINADA T.E.','ID Anterior: V080 | Situação: INSEMINADA T.E. | PARIDA GADO DE CAMPO');
INSERT INTO animals (id,farm_id,nome,brinco,tipo,situacao,observacoes) VALUES ('ba7c837a-473e-45a6-8045-e2abdabacd84','aaaaaaaa-0000-0000-0000-000000000001','SE108','SE108','DESCARTE','DESCARTE','ID Anterior: A188 | Situação: DESCARTE | VENDIDA PEDRO BRANDÃO');
INSERT INTO animals (id,farm_id,nome,brinco,tipo,situacao,observacoes) VALUES ('c2aece39-2fdc-48b3-8f51-6addbc05c1b0','aaaaaaaa-0000-0000-0000-000000000001','SE109','SE109','RECEPTORA',NULL,'ID Anterior: AB128');
INSERT INTO animals (id,farm_id,nome,brinco,tipo,situacao,observacoes) VALUES ('87034549-4105-4803-b87c-1bd7905b4484','aaaaaaaa-0000-0000-0000-000000000001','SE110','SE110','DESCARTE','DESCARTE','ID Anterior: V094 | Situação: DESCARTE | VENDIDA PEDRO BRANDÃO');
INSERT INTO animals (id,farm_id,nome,brinco,tipo,situacao,observacoes) VALUES ('92782025-3ff0-4d39-bc82-d7d9b53722ec','aaaaaaaa-0000-0000-0000-000000000001','SE111','SE111','RECEPTORA','INSEMINADA T.E.','ID Anterior: V081 | Situação: INSEMINADA T.E. | PARIDA GADO DE CAMPO');
INSERT INTO animals (id,farm_id,nome,brinco,tipo,situacao,observacoes) VALUES ('f740eb7d-8ea8-4d80-8989-f9732ca58599','aaaaaaaa-0000-0000-0000-000000000001','SE112','SE112','DESCARTE','DESCARTE','ID Anterior: A163 | Situação: DESCARTE | VENDIDA PEDRO BRANDÃO');
INSERT INTO animals (id,farm_id,nome,brinco,tipo,situacao,observacoes) VALUES ('eb7f919f-0ac1-473b-884a-10a57dbcb6b0','aaaaaaaa-0000-0000-0000-000000000001','SE113','SE113','DESCARTE','DESCARTE','ID Anterior: 5885 | Situação: DESCARTE | VENDIDA ARILTON');
INSERT INTO animals (id,farm_id,nome,brinco,tipo,situacao,observacoes) VALUES ('86171be6-9e8a-4520-b3ee-84333b6fa177','aaaaaaaa-0000-0000-0000-000000000001','SE114','SE114','RECEPTORA','PROTOCOLADA P/ TE','ID Anterior: B010 | Situação: PROTOCOLADA P/ TE | P+ TE1 (MPE120 X LANDAU) ???');
INSERT INTO animals (id,farm_id,nome,brinco,tipo,situacao,observacoes) VALUES ('5f67859b-0e87-45cb-bc9f-6d8996ad7820','aaaaaaaa-0000-0000-0000-000000000001','SE115','SE115','RECEPTORA',NULL,'ID Anterior: 6219');
INSERT INTO animals (id,farm_id,nome,brinco,tipo,situacao,observacoes) VALUES ('c93a78b7-ff63-4add-9ca1-bcc95fd0daa8','aaaaaaaa-0000-0000-0000-000000000001','SE116','SE116','DESCARTE','DESCARTE','ID Anterior: A164 | Situação: DESCARTE | VENDIDA ARILTON');
INSERT INTO animals (id,farm_id,nome,brinco,tipo,situacao,observacoes) VALUES ('be1f4f1d-5816-4987-8bbf-a5248ff305da','aaaaaaaa-0000-0000-0000-000000000001','SE117','SE117','RECEPTORA',NULL,'ID Anterior: 5825 | P+');
INSERT INTO animals (id,farm_id,nome,brinco,tipo,situacao,observacoes) VALUES ('2685f2e8-ace1-421a-b4c0-9f09c13107b0','aaaaaaaa-0000-0000-0000-000000000001','SE118','SE118','RECEPTORA','INSEMINADA T.E.','ID Anterior: 5075 | Situação: INSEMINADA T.E.');
INSERT INTO animals (id,farm_id,nome,brinco,tipo,situacao,observacoes) VALUES ('6f3c82ee-8091-4fdb-9bc9-ecf42e15c3c1','aaaaaaaa-0000-0000-0000-000000000001','SE119','SE119','RECEPTORA',NULL,'ID Anterior: AB108');
INSERT INTO animals (id,farm_id,nome,brinco,tipo,situacao,observacoes) VALUES ('7bf3b63d-daec-4e68-93f1-6b46a0615205','aaaaaaaa-0000-0000-0000-000000000001','SE120','SE120','RECEPTORA','INSEMINADA T.E.','ID Anterior: AA8866 | Situação: INSEMINADA T.E.');
INSERT INTO animals (id,farm_id,nome,brinco,tipo,situacao,observacoes) VALUES ('48b416f0-57fc-4357-a311-e7f6312d97c1','aaaaaaaa-0000-0000-0000-000000000001','SE121','SE121','RECEPTORA','INSEMINADA T.E.','Situação: INSEMINADA T.E.');
INSERT INTO animals (id,farm_id,nome,brinco,tipo,situacao,observacoes) VALUES ('530e559a-f65a-4b77-aec4-7f782f7205e9','aaaaaaaa-0000-0000-0000-000000000001','SE122','SE122','RECEPTORA',NULL,NULL);
INSERT INTO animals (id,farm_id,nome,brinco,tipo,situacao,observacoes) VALUES ('7e2f22e8-c69d-431c-b88f-3896361d7f22','aaaaaaaa-0000-0000-0000-000000000001','SE123','SE123','DESCARTE','DESCARTE','ID Anterior: AB130 | Situação: DESCARTE | VENDIDA PEDRO BRANDÃO');
INSERT INTO animals (id,farm_id,nome,brinco,tipo,situacao,observacoes) VALUES ('d129e2fb-e74f-4543-aa8d-82e46108f3f6','aaaaaaaa-0000-0000-0000-000000000001','SE124','SE124','DESCARTE','DESCARTE','Situação: DESCARTE | VENDIDA ARILTON');
INSERT INTO animals (id,farm_id,nome,brinco,tipo,situacao,observacoes) VALUES ('45c53c2a-a282-4010-bd49-511aa8d6bc2b','aaaaaaaa-0000-0000-0000-000000000001','SE125','SE125','DESCARTE','DESCARTE','ID Anterior: A206 | Situação: DESCARTE | VENDIDA CICINATO');
INSERT INTO animals (id,farm_id,nome,brinco,tipo,situacao,observacoes) VALUES ('a6743b8c-05a2-4a7e-a07f-eeb51cd4325b','aaaaaaaa-0000-0000-0000-000000000001','SE126','SE126','RECEPTORA','PROTOCOLADA P/ TE','ID Anterior: A187 | Situação: PROTOCOLADA P/ TE');
INSERT INTO animals (id,farm_id,nome,brinco,tipo,situacao,observacoes) VALUES ('a041973c-ac53-4f89-8766-9fde017d359f','aaaaaaaa-0000-0000-0000-000000000001','SE127','SE127','DESCARTE','DESCARTE','ID Anterior: V073 | Situação: DESCARTE | VENDIDA PEDRO BRANDÃO');
INSERT INTO animals (id,farm_id,nome,brinco,tipo,situacao,observacoes) VALUES ('cdbd1f14-fe6f-4a1c-a421-b3348adb99f9','aaaaaaaa-0000-0000-0000-000000000001','SE128','SE128','DESCARTE','DESCARTE','ID Anterior: 4833 | Situação: DESCARTE | VENDIDA ARILTON');
INSERT INTO animals (id,farm_id,nome,brinco,tipo,situacao,observacoes) VALUES ('7a87be33-dabc-4090-8ea2-ea84929eae72','aaaaaaaa-0000-0000-0000-000000000001','SE129','SE129','RECEPTORA','INSEMINADA T.E.','ID Anterior: A271 | Situação: INSEMINADA T.E.');
INSERT INTO animals (id,farm_id,nome,brinco,tipo,situacao,observacoes) VALUES ('7935a9c5-8ce0-4452-927b-2e6dde7e038e','aaaaaaaa-0000-0000-0000-000000000001','SE130','SE130','DESCARTE','DESCARTE','ID Anterior: B023 | Situação: DESCARTE | VENDIDA ARILTON');
INSERT INTO animals (id,farm_id,nome,brinco,tipo,situacao,observacoes) VALUES ('1f1d1711-b7df-403f-8f2e-0e44c7e50997','aaaaaaaa-0000-0000-0000-000000000001','SE131','SE131','DESCARTE','DESCARTE','Situação: DESCARTE | VENDIDA CICINATO');
INSERT INTO animals (id,farm_id,nome,brinco,tipo,situacao,observacoes) VALUES ('e12e6881-3331-49af-bc3f-eef1c54d8b4a','aaaaaaaa-0000-0000-0000-000000000001','SE132','SE132','DESCARTE','DESCARTE','ID Anterior: 5957 | Situação: DESCARTE | VENDIDA ARILTON');
INSERT INTO animals (id,farm_id,nome,brinco,tipo,situacao,observacoes) VALUES ('0232df34-35aa-4fce-b17f-abb382fd9339','aaaaaaaa-0000-0000-0000-000000000001','SE133','SE133','RECEPTORA','PROTOCOLADA P/ TE','ID Anterior: B001 | Situação: PROTOCOLADA P/ TE | PARIDA NOV/25');
INSERT INTO animals (id,farm_id,nome,brinco,tipo,situacao,observacoes) VALUES ('9ec479f3-8aa6-4484-9760-904474f30c93','aaaaaaaa-0000-0000-0000-000000000001','SE134','SE134','RECEPTORA','INSEMINADA T.E.','ID Anterior: 5951 | Situação: INSEMINADA T.E. | ABORTOU (TJS33 X LANDAU)');
INSERT INTO animals (id,farm_id,nome,brinco,tipo,situacao,observacoes) VALUES ('8f9be748-9748-4fc2-9382-210add503b93','aaaaaaaa-0000-0000-0000-000000000001','SE135','SE135','RECEPTORA','PROTOCOLADA P/ TE','ID Anterior: 5218 | Situação: PROTOCOLADA P/ TE | P+ TE1 (FHGN A8179 X LANDAU)');
INSERT INTO animals (id,farm_id,nome,brinco,tipo,situacao,observacoes) VALUES ('823da565-7c3a-40d3-bd43-80bb4c101a98','aaaaaaaa-0000-0000-0000-000000000001','SE136','SE136','RECEPTORA','PROTOCOLADA P/ TE','Situação: PROTOCOLADA P/ TE | PARIDA (GADO DE CAMPO)');
INSERT INTO animals (id,farm_id,nome,brinco,tipo,situacao,observacoes) VALUES ('2ee4bd90-d748-4497-88ca-9e7963b9bad1','aaaaaaaa-0000-0000-0000-000000000001','SE137','SE137','RECEPTORA','INSEMINADA T.E.','Situação: INSEMINADA T.E. | PARIDA NOV/25 (cruzar dados)');
INSERT INTO animals (id,farm_id,nome,brinco,tipo,situacao,observacoes) VALUES ('e29870d8-4630-4535-a83e-e65846aab91b','aaaaaaaa-0000-0000-0000-000000000001','SE138','SE138','RECEPTORA','INSEMINADA T.E.','ID Anterior: A165 | Situação: INSEMINADA T.E. | PARIDA NOV/25');
INSERT INTO animals (id,farm_id,nome,brinco,tipo,situacao,observacoes) VALUES ('444f75f1-703e-4a81-9ced-120b3128852b','aaaaaaaa-0000-0000-0000-000000000001','SE139','SE139','DESCARTE','DESCARTE','ID Anterior: B020 | Situação: DESCARTE | VENDIDA ARILTON');
INSERT INTO animals (id,farm_id,nome,brinco,tipo,situacao,observacoes) VALUES ('2ba46d96-c77d-4e55-9bb8-c8440e3324cf','aaaaaaaa-0000-0000-0000-000000000001','SE140','SE140','RECEPTORA',NULL,'ID Anterior: A267');
INSERT INTO animals (id,farm_id,nome,brinco,tipo,situacao,observacoes) VALUES ('71a85878-111b-42ed-b289-c3be768799b3','aaaaaaaa-0000-0000-0000-000000000001','SE141','SE141','RECEPTORA','INSEMINADA T.E.','ID Anterior: B019 | Situação: INSEMINADA T.E.');
INSERT INTO animals (id,farm_id,nome,brinco,tipo,situacao,observacoes) VALUES ('9aa877ca-3e0b-44f7-bade-589e3872bb61','aaaaaaaa-0000-0000-0000-000000000001','SE142','SE142','DESCARTE','DESCARTE','ID Anterior: V099 | Situação: DESCARTE | VENDIDA PEDRO BRANDÃO');
INSERT INTO animals (id,farm_id,nome,brinco,tipo,situacao,observacoes) VALUES ('6a1f6c42-a08b-4c91-9965-b1c669f7f790','aaaaaaaa-0000-0000-0000-000000000001','SE143','SE143','RECEPTORA','INSEMINADA T.E.','ID Anterior: A192 | Situação: INSEMINADA T.E.');
INSERT INTO animals (id,farm_id,nome,brinco,tipo,situacao,observacoes) VALUES ('08c677bb-f297-4b0f-beff-bd38019fbb34','aaaaaaaa-0000-0000-0000-000000000001','R9825','R9825','RECEPTORA','PROTOCOLADA P/ TE','Situação: PROTOCOLADA P/ TE | PARIDA JUL/25');
INSERT INTO animals (id,farm_id,nome,brinco,tipo,situacao,observacoes) VALUES ('d8c63f08-e9cc-4279-b0f4-8ff9ec3d8657','aaaaaaaa-0000-0000-0000-000000000001','D386','D386','RECEPTORA','INSEMINADA T.E.','Situação: INSEMINADA T.E. | PARIDA AGO/25');
INSERT INTO animals (id,farm_id,nome,brinco,tipo,situacao,observacoes) VALUES ('abbd9976-5f0c-46d7-b2e5-f99f202efd66','aaaaaaaa-0000-0000-0000-000000000001','D702','D702','RECEPTORA','INSEMINADA T.E.','Situação: INSEMINADA T.E. | PARIDA AGO/25');
INSERT INTO animals (id,farm_id,nome,brinco,tipo,situacao,observacoes) VALUES ('17a291b3-7370-4e3d-b533-ff99a2d40787','aaaaaaaa-0000-0000-0000-000000000001','D301','D301','RECEPTORA','INSEMINADA T.E.','Situação: INSEMINADA T.E. | PARIDA AGO/25');
INSERT INTO animals (id,farm_id,nome,brinco,tipo,situacao,observacoes) VALUES ('8c9f14f6-961c-42ad-a5ab-9873fa8fe3bf','aaaaaaaa-0000-0000-0000-000000000001','D449','D449','RECEPTORA','INSEMINADA T.E.','Situação: INSEMINADA T.E. | PARIDA AGO/25');
INSERT INTO animals (id,farm_id,nome,brinco,tipo,situacao,observacoes) VALUES ('7b68ff76-fb32-4c28-bcfe-7996c1f2a712','aaaaaaaa-0000-0000-0000-000000000001','D590','D590','RECEPTORA','INSEMINADA T.E.','Situação: INSEMINADA T.E. | PARIDA AGO/25');
INSERT INTO animals (id,farm_id,nome,brinco,tipo,situacao,observacoes) VALUES ('04154f99-8a4e-4320-9ac7-4fc5b0c742cb','aaaaaaaa-0000-0000-0000-000000000001','D565','D565','RECEPTORA','INSEMINADA T.E.','Situação: INSEMINADA T.E. | PARIDA AGO/25');
INSERT INTO animals (id,farm_id,nome,brinco,tipo,situacao,observacoes) VALUES ('a0a0f670-b017-46e5-a408-5f13c6d27692','aaaaaaaa-0000-0000-0000-000000000001','D423','D423','RECEPTORA','PROTOCOLADA P/ TE','Situação: PROTOCOLADA P/ TE | PARIDA AGO/25');
INSERT INTO animals (id,farm_id,nome,brinco,tipo,situacao,observacoes) VALUES ('074a8f7e-ec98-4da1-bbe4-c2b57b70a4d0','aaaaaaaa-0000-0000-0000-000000000001','V085','V085','DESCARTE','DESCARTE','Situação: DESCARTE | VACA PARIDA');
INSERT INTO animals (id,farm_id,nome,brinco,tipo,situacao,observacoes) VALUES ('1a9c0410-e123-4cbe-a222-d64003c22b7b','aaaaaaaa-0000-0000-0000-000000000001','6462','6462','RECEPTORA',NULL,NULL);
INSERT INTO animals (id,farm_id,nome,brinco,tipo,situacao,observacoes) VALUES ('e7287e76-f60d-46f6-97c5-c2f4c9bab22e','aaaaaaaa-0000-0000-0000-000000000001','V077','V077','RECEPTORA',NULL,NULL);
INSERT INTO animals (id,farm_id,nome,brinco,tipo,situacao,observacoes) VALUES ('b563c2a7-017b-4252-a6c2-f327a5681072','aaaaaaaa-0000-0000-0000-000000000001','A202','A202','DESCARTE','DESCARTE','Situação: DESCARTE | VENDIDA PEDRO BRANDÃO');
INSERT INTO animals (id,farm_id,nome,brinco,tipo,situacao,observacoes) VALUES ('edffb8af-b060-4c91-906c-67efa787a5c0','aaaaaaaa-0000-0000-0000-000000000001','24184','24184','DESCARTE','DESCARTE','ID Anterior: B022 | Situação: DESCARTE | VENDIDA ARILTON');
INSERT INTO animals (id,farm_id,nome,brinco,tipo,situacao,observacoes) VALUES ('6844c518-9132-44eb-94b0-832eb0c026d1','aaaaaaaa-0000-0000-0000-000000000001','1545','1545','DESCARTE','DESCARTE','Situação: DESCARTE | RECEPTORA RONALDO (ABORTOU)');
INSERT INTO animals (id,farm_id,nome,brinco,tipo,situacao,observacoes) VALUES ('9bfed7bb-c7f3-449e-8ea9-97e945083af3','aaaaaaaa-0000-0000-0000-000000000001','1578','1578','DESCARTE','DESCARTE','Situação: DESCARTE | RECEPTORA RONALDO (ABORTOU)');
INSERT INTO animals (id,farm_id,nome,brinco,tipo,situacao,observacoes) VALUES ('12f035e2-e3e6-4b94-8dcd-fe6b33e57d63','aaaaaaaa-0000-0000-0000-000000000001','1575','1575','DESCARTE','DESCARTE','Situação: DESCARTE | RECEPTORA RONALDO (ABORTOU)');
INSERT INTO animals (id,farm_id,nome,brinco,tipo,situacao,observacoes) VALUES ('170e1ef7-08a0-49be-889e-0a7a2f380104','aaaaaaaa-0000-0000-0000-000000000001','24426','24426','RECEPTORA','PROTOCOLADA P/ TE','Situação: PROTOCOLADA P/ TE | RECEPTORA RONALDO');
INSERT INTO animals (id,farm_id,nome,brinco,tipo,situacao,observacoes) VALUES ('1c027181-52b5-45de-9152-c6d1fa02c23f','aaaaaaaa-0000-0000-0000-000000000001','1352','1352','RECEPTORA','INSEMINADA T.E.','Situação: INSEMINADA T.E. | RECEPTORA RONALDO');
INSERT INTO animals (id,farm_id,nome,brinco,tipo,situacao,observacoes) VALUES ('3b7834c6-d9a7-402a-9d74-ab0701c012ce','aaaaaaaa-0000-0000-0000-000000000001','1345','1345','RECEPTORA','PROTOCOLADA P/ TE','Situação: PROTOCOLADA P/ TE | RECEPTORA RONALDO');
INSERT INTO animals (id,farm_id,nome,brinco,tipo,situacao,observacoes) VALUES ('118f9b68-796b-45a3-9edb-8315fe9887ac','aaaaaaaa-0000-0000-0000-000000000001','24193','24193','RECEPTORA','INSEMINADA T.E.','Situação: INSEMINADA T.E. | RECEPTORA RONALDO');

-- ══════════════════════════════════════════
-- 3b. PESAGENS
-- ══════════════════════════════════════════

INSERT INTO weight_records (id,farm_id,animal_id,data,peso_kg) VALUES ('948f7f55-716e-496d-822e-edad422ba558','aaaaaaaa-0000-0000-0000-000000000001','4030d11d-e36b-4d42-883a-2936edaca0f6','2025-10-02',317.0);
INSERT INTO weight_records (id,farm_id,animal_id,data,peso_kg) VALUES ('4a8dfacf-3e6d-460b-bb9d-b316af71af22','aaaaaaaa-0000-0000-0000-000000000001','4030d11d-e36b-4d42-883a-2936edaca0f6','2025-12-19',315.0);
INSERT INTO weight_records (id,farm_id,animal_id,data,peso_kg) VALUES ('61ea21c1-3ca8-4242-bfef-76980fc2986b','aaaaaaaa-0000-0000-0000-000000000001','18739e92-0bb1-4f1c-a1d7-430a2610cb0d','2025-10-02',414.0);
INSERT INTO weight_records (id,farm_id,animal_id,data,peso_kg) VALUES ('2e2282aa-8ff0-4c7a-aa3b-40b416d39617','aaaaaaaa-0000-0000-0000-000000000001','43a0cd62-ff2c-4ca2-95d6-eb80286fe1f9','2025-10-02',378.0);
INSERT INTO weight_records (id,farm_id,animal_id,data,peso_kg) VALUES ('ad8e1bac-ff07-4712-aa35-8abd67bdade1','aaaaaaaa-0000-0000-0000-000000000001','43a0cd62-ff2c-4ca2-95d6-eb80286fe1f9','2025-12-19',346.0);
INSERT INTO weight_records (id,farm_id,animal_id,data,peso_kg) VALUES ('711416b0-57fc-46f5-b325-6960b35fdcae','aaaaaaaa-0000-0000-0000-000000000001','43a0cd62-ff2c-4ca2-95d6-eb80286fe1f9','2026-02-09',367.0);
INSERT INTO weight_records (id,farm_id,animal_id,data,peso_kg) VALUES ('7ce9864b-5de2-4f3a-a716-117f9fe8da70','aaaaaaaa-0000-0000-0000-000000000001','b77d8954-151c-478c-a9d0-07e104833e73','2025-10-02',356.0);
INSERT INTO weight_records (id,farm_id,animal_id,data,peso_kg) VALUES ('7f8d01a2-d9c7-4d49-960f-ad56776954c6','aaaaaaaa-0000-0000-0000-000000000001','b77d8954-151c-478c-a9d0-07e104833e73','2025-12-19',388.0);
INSERT INTO weight_records (id,farm_id,animal_id,data,peso_kg) VALUES ('88a6f71f-71a1-44d5-ab74-63754a6a4133','aaaaaaaa-0000-0000-0000-000000000001','aa36a812-2cc3-44e5-9ca7-d712b0cff7c1','2025-10-02',357.0);
INSERT INTO weight_records (id,farm_id,animal_id,data,peso_kg) VALUES ('1c70311e-c6cd-4ecb-88b9-f93b78867a45','aaaaaaaa-0000-0000-0000-000000000001','50519ce6-580d-4d25-808d-4d60131ceb1b','2025-10-02',352.0);
INSERT INTO weight_records (id,farm_id,animal_id,data,peso_kg) VALUES ('3bec5c40-97a9-4974-b777-b4da2d80b41e','aaaaaaaa-0000-0000-0000-000000000001','28c24d8e-8a05-43d4-bee4-87f93cfad0ae','2025-10-02',390.0);
INSERT INTO weight_records (id,farm_id,animal_id,data,peso_kg) VALUES ('5748e9dc-cbc3-4841-a653-5672d1b65118','aaaaaaaa-0000-0000-0000-000000000001','a0c78d21-068c-4dda-8a1d-ec9ed8fa2b31','2025-10-02',387.0);
INSERT INTO weight_records (id,farm_id,animal_id,data,peso_kg) VALUES ('ed59525d-ebb7-411d-8e53-6f236fbb256d','aaaaaaaa-0000-0000-0000-000000000001','a0c78d21-068c-4dda-8a1d-ec9ed8fa2b31','2025-12-19',360.0);
INSERT INTO weight_records (id,farm_id,animal_id,data,peso_kg) VALUES ('d0aa3499-1f2d-4f74-bb08-f8f99d6a20c4','aaaaaaaa-0000-0000-0000-000000000001','573a45f1-dc5f-4a78-af44-4eac8f3a1188','2025-10-02',278.0);
INSERT INTO weight_records (id,farm_id,animal_id,data,peso_kg) VALUES ('b0531413-8752-4619-8356-f3538879d276','aaaaaaaa-0000-0000-0000-000000000001','21145d63-05d8-4500-8b5e-63e2dd8c929a','2025-10-02',400.0);
INSERT INTO weight_records (id,farm_id,animal_id,data,peso_kg) VALUES ('1c6be32a-e9a7-4115-a5c5-f94936cf884f','aaaaaaaa-0000-0000-0000-000000000001','4d6888c2-15b1-46a8-875a-2bfc1da1ba6a','2025-10-02',308.0);
INSERT INTO weight_records (id,farm_id,animal_id,data,peso_kg) VALUES ('05d06a75-d695-48d1-b9f5-a3a2368d1464','aaaaaaaa-0000-0000-0000-000000000001','ec05d140-fdb6-4539-a2a7-884f2e9c4b14','2025-10-02',310.0);
INSERT INTO weight_records (id,farm_id,animal_id,data,peso_kg) VALUES ('88c3a1e7-c127-45f9-8d8b-08a4fb25ce46','aaaaaaaa-0000-0000-0000-000000000001','437fb5bb-7156-4a95-a30e-1551a940d9c0','2025-10-02',337.0);
INSERT INTO weight_records (id,farm_id,animal_id,data,peso_kg) VALUES ('daf0566d-52c9-4ade-9a32-ab1ee13f4ca4','aaaaaaaa-0000-0000-0000-000000000001','437fb5bb-7156-4a95-a30e-1551a940d9c0','2025-12-19',349.0);
INSERT INTO weight_records (id,farm_id,animal_id,data,peso_kg) VALUES ('85d0322a-a1b0-4ef0-9e7e-298eb50682ca','aaaaaaaa-0000-0000-0000-000000000001','83888e01-2784-41af-986a-bec4d418a1e9','2025-10-02',450.0);
INSERT INTO weight_records (id,farm_id,animal_id,data,peso_kg) VALUES ('a556d248-1b41-4a22-8e47-603329298a51','aaaaaaaa-0000-0000-0000-000000000001','230743ef-ad0b-4438-a362-3a00a852d451','2025-10-02',343.0);
INSERT INTO weight_records (id,farm_id,animal_id,data,peso_kg) VALUES ('7ada38d6-de70-48c3-9490-0071cce8d4c1','aaaaaaaa-0000-0000-0000-000000000001','89786798-a33a-4b60-95a7-2dca6916cda0','2025-10-02',325.0);
INSERT INTO weight_records (id,farm_id,animal_id,data,peso_kg) VALUES ('8accc403-5321-48f4-b1bc-e75b3bd18934','aaaaaaaa-0000-0000-0000-000000000001','421e43fa-4038-409e-a732-2d09a690a426','2025-10-02',381.0);
INSERT INTO weight_records (id,farm_id,animal_id,data,peso_kg) VALUES ('aa3215fe-0bbf-4e1e-ac26-83dc84052722','aaaaaaaa-0000-0000-0000-000000000001','d1c972f5-2ac1-48c2-842f-44faea83a7d8','2025-10-02',300.0);
INSERT INTO weight_records (id,farm_id,animal_id,data,peso_kg) VALUES ('707b491a-000e-4669-8090-23aa201a3778','aaaaaaaa-0000-0000-0000-000000000001','ea8a95fd-3eea-47fc-85e3-9f9fad560eed','2025-10-02',380.0);
INSERT INTO weight_records (id,farm_id,animal_id,data,peso_kg) VALUES ('cdf49d21-5c09-4d33-90e4-f33756c08de4','aaaaaaaa-0000-0000-0000-000000000001','00bb99f1-95f1-443d-aaf3-c769d56dcf6f','2025-10-02',317.0);
INSERT INTO weight_records (id,farm_id,animal_id,data,peso_kg) VALUES ('095d1158-78bb-4a01-9faf-f539097771ed','aaaaaaaa-0000-0000-0000-000000000001','e062dfc3-1d2d-4d0b-ae9b-6261d81db7df','2025-10-02',375.0);
INSERT INTO weight_records (id,farm_id,animal_id,data,peso_kg) VALUES ('bef619cc-f7ec-4451-acd5-605d5ada463f','aaaaaaaa-0000-0000-0000-000000000001','7530c0db-6554-49fb-ae75-b0b6b21eb821','2025-10-02',352.0);
INSERT INTO weight_records (id,farm_id,animal_id,data,peso_kg) VALUES ('9fa7f98d-08e6-435b-8c3a-ae3fd32e67f2','aaaaaaaa-0000-0000-0000-000000000001','d4c394f8-e5a9-4a00-b5ff-9b4d74fa23d6','2025-10-02',431.0);
INSERT INTO weight_records (id,farm_id,animal_id,data,peso_kg) VALUES ('1ed5c956-ac5c-44cf-8a64-b1bb5aea4a67','aaaaaaaa-0000-0000-0000-000000000001','d4c394f8-e5a9-4a00-b5ff-9b4d74fa23d6','2025-12-19',337.0);
INSERT INTO weight_records (id,farm_id,animal_id,data,peso_kg) VALUES ('670788fc-9541-4b57-a348-e751f80a9b0f','aaaaaaaa-0000-0000-0000-000000000001','c08e684e-f774-457f-b0b6-92ef5d807510','2025-10-02',360.0);
INSERT INTO weight_records (id,farm_id,animal_id,data,peso_kg) VALUES ('53874fd6-766b-4357-b15c-0a097ff895f4','aaaaaaaa-0000-0000-0000-000000000001','338c4fb4-a710-4c0c-97e6-2c6e1a2e2afd','2025-10-02',373.0);
INSERT INTO weight_records (id,farm_id,animal_id,data,peso_kg) VALUES ('18ba45eb-f418-4abf-b852-de8adc2b7a5d','aaaaaaaa-0000-0000-0000-000000000001','338c4fb4-a710-4c0c-97e6-2c6e1a2e2afd','2025-12-19',375.0);
INSERT INTO weight_records (id,farm_id,animal_id,data,peso_kg) VALUES ('13c7199d-96ef-4ddb-bf4f-6a2a367e5f57','aaaaaaaa-0000-0000-0000-000000000001','5729e310-4e63-48cf-9058-7e010f45c471','2025-10-02',423.0);
INSERT INTO weight_records (id,farm_id,animal_id,data,peso_kg) VALUES ('03853e19-52df-4734-bdd9-50b869902b00','aaaaaaaa-0000-0000-0000-000000000001','fe1a813b-8ad1-4a86-8bf7-d3b7b0605315','2025-10-02',405.0);
INSERT INTO weight_records (id,farm_id,animal_id,data,peso_kg) VALUES ('48f2420a-0e17-4dfe-9bdd-3e51e3ba6e23','aaaaaaaa-0000-0000-0000-000000000001','b6d460f3-d5da-4cde-ba65-df8ab37607e3','2025-10-02',385.0);
INSERT INTO weight_records (id,farm_id,animal_id,data,peso_kg) VALUES ('e922f368-3bcb-4a98-9e0e-a8a8b29408b1','aaaaaaaa-0000-0000-0000-000000000001','ad627c08-f2b6-4629-aa88-b1fc13b58ede','2025-10-02',432.0);
INSERT INTO weight_records (id,farm_id,animal_id,data,peso_kg) VALUES ('5d0bb299-7948-459b-9cb8-23d813ac5854','aaaaaaaa-0000-0000-0000-000000000001','588fd6ef-48c1-4647-b5f6-3f818c7fefb1','2025-10-02',353.0);
INSERT INTO weight_records (id,farm_id,animal_id,data,peso_kg) VALUES ('f10b426a-2cc2-4096-8911-1af8988a452e','aaaaaaaa-0000-0000-0000-000000000001','0661b92a-871e-4b5e-9e9e-8c19e360e829','2025-10-02',328.0);
INSERT INTO weight_records (id,farm_id,animal_id,data,peso_kg) VALUES ('6b4327d3-19fc-4167-8c47-6288709d518d','aaaaaaaa-0000-0000-0000-000000000001','4f138cd0-eca9-418a-ad2c-ed28a6eac489','2025-10-02',351.0);
INSERT INTO weight_records (id,farm_id,animal_id,data,peso_kg) VALUES ('c7a4752e-5371-4712-9d64-1df87a478560','aaaaaaaa-0000-0000-0000-000000000001','bb78f00b-a577-4ca1-a255-110e267a5b69','2025-10-02',461.0);
INSERT INTO weight_records (id,farm_id,animal_id,data,peso_kg) VALUES ('953ade81-1b53-4188-92f4-7b3ed46a9cb1','aaaaaaaa-0000-0000-0000-000000000001','7664dd56-ccc6-4d96-98c7-69ceaf4de5a7','2025-10-02',358.0);
INSERT INTO weight_records (id,farm_id,animal_id,data,peso_kg) VALUES ('78516906-3d2f-4d60-b9fc-3bcbd4d20de9','aaaaaaaa-0000-0000-0000-000000000001','59467895-587f-41ae-a9cc-bcd98d4c4d34','2025-10-02',424.0);
INSERT INTO weight_records (id,farm_id,animal_id,data,peso_kg) VALUES ('3056ab22-6b8d-431a-80dc-a259a9dc6a65','aaaaaaaa-0000-0000-0000-000000000001','4e88e297-6bd7-419a-b607-a7b200ec0924','2025-10-02',450.0);
INSERT INTO weight_records (id,farm_id,animal_id,data,peso_kg) VALUES ('a96c4062-e458-4292-bbf6-f2a6bc57cee1','aaaaaaaa-0000-0000-0000-000000000001','3268149f-b951-4eae-aa44-a5ce6e095b0e','2025-10-02',262.0);
INSERT INTO weight_records (id,farm_id,animal_id,data,peso_kg) VALUES ('cd00af09-5e21-4a2e-84d6-4b9666d970ca','aaaaaaaa-0000-0000-0000-000000000001','3268149f-b951-4eae-aa44-a5ce6e095b0e','2025-12-19',264.0);
INSERT INTO weight_records (id,farm_id,animal_id,data,peso_kg) VALUES ('cae512a8-4500-4729-bdf0-573a2339f69a','aaaaaaaa-0000-0000-0000-000000000001','d7292e30-236b-4d06-a2da-6ff01125e399','2025-10-02',270.0);
INSERT INTO weight_records (id,farm_id,animal_id,data,peso_kg) VALUES ('94f4878c-c44b-4fe0-ba92-28a1859086c3','aaaaaaaa-0000-0000-0000-000000000001','d7292e30-236b-4d06-a2da-6ff01125e399','2025-12-19',287.0);
INSERT INTO weight_records (id,farm_id,animal_id,data,peso_kg) VALUES ('30de547e-cf75-43f0-a587-1622e923c893','aaaaaaaa-0000-0000-0000-000000000001','990842f7-75e6-4e18-b61c-7df047492f30','2025-10-02',312.0);
INSERT INTO weight_records (id,farm_id,animal_id,data,peso_kg) VALUES ('21fac62a-79f8-42a5-b4e7-4f745fcddf78','aaaaaaaa-0000-0000-0000-000000000001','990842f7-75e6-4e18-b61c-7df047492f30','2025-12-19',318.0);
INSERT INTO weight_records (id,farm_id,animal_id,data,peso_kg) VALUES ('dd035d6a-39c4-43fc-a0d7-5c25878a0d75','aaaaaaaa-0000-0000-0000-000000000001','182116dd-c6c1-4722-8507-1902825110a0','2025-10-02',312.0);
INSERT INTO weight_records (id,farm_id,animal_id,data,peso_kg) VALUES ('b827e724-0bd2-4b0b-91a7-c8b7568b40fe','aaaaaaaa-0000-0000-0000-000000000001','182116dd-c6c1-4722-8507-1902825110a0','2025-12-19',324.0);
INSERT INTO weight_records (id,farm_id,animal_id,data,peso_kg) VALUES ('5f43a79e-0d3c-476e-a923-ef976d85fea6','aaaaaaaa-0000-0000-0000-000000000001','e41d4e9b-006f-4940-a115-2d89c4445851','2025-10-02',285.0);
INSERT INTO weight_records (id,farm_id,animal_id,data,peso_kg) VALUES ('f58caba6-9a25-477b-b0ac-fe9f3e9c1c52','aaaaaaaa-0000-0000-0000-000000000001','e41d4e9b-006f-4940-a115-2d89c4445851','2025-12-19',280.0);
INSERT INTO weight_records (id,farm_id,animal_id,data,peso_kg) VALUES ('bf56fe70-5a15-40b4-b9f3-2af0a8710aed','aaaaaaaa-0000-0000-0000-000000000001','fea4e9d2-d23b-419d-9594-bdb95277dce7','2025-10-02',258.0);
INSERT INTO weight_records (id,farm_id,animal_id,data,peso_kg) VALUES ('5bdbfa2f-5e8f-44af-bde2-d76b9b0df757','aaaaaaaa-0000-0000-0000-000000000001','fea4e9d2-d23b-419d-9594-bdb95277dce7','2025-12-19',317.0);
INSERT INTO weight_records (id,farm_id,animal_id,data,peso_kg) VALUES ('db7c3c53-7c44-4336-a5b9-7abd482a1dea','aaaaaaaa-0000-0000-0000-000000000001','c9be4528-f7f4-4b86-aeb0-bc8073ca586e','2025-10-02',282.0);
INSERT INTO weight_records (id,farm_id,animal_id,data,peso_kg) VALUES ('a8542a26-2e72-4340-8edd-2bdbde3e630d','aaaaaaaa-0000-0000-0000-000000000001','c9be4528-f7f4-4b86-aeb0-bc8073ca586e','2025-12-19',300.0);
INSERT INTO weight_records (id,farm_id,animal_id,data,peso_kg) VALUES ('8e21d471-51ae-4262-aeb9-e020c8e27967','aaaaaaaa-0000-0000-0000-000000000001','4310e535-596e-4fde-8857-7958b32ac953','2025-10-02',299.0);
INSERT INTO weight_records (id,farm_id,animal_id,data,peso_kg) VALUES ('743ee3a7-f866-4811-8fc3-e021ac0a5025','aaaaaaaa-0000-0000-0000-000000000001','4310e535-596e-4fde-8857-7958b32ac953','2025-12-19',304.0);
INSERT INTO weight_records (id,farm_id,animal_id,data,peso_kg) VALUES ('503d3f8b-c227-47ce-a83e-60590c125084','aaaaaaaa-0000-0000-0000-000000000001','feb7baae-1b57-46ff-98b7-a9773cd29045','2025-10-02',225.0);
INSERT INTO weight_records (id,farm_id,animal_id,data,peso_kg) VALUES ('06a0f23c-56e0-4ff0-827f-87cb172ac4ab','aaaaaaaa-0000-0000-0000-000000000001','feb7baae-1b57-46ff-98b7-a9773cd29045','2025-12-19',310.0);
INSERT INTO weight_records (id,farm_id,animal_id,data,peso_kg) VALUES ('7c4217b9-3fe4-4adc-8830-39c44ee7b070','aaaaaaaa-0000-0000-0000-000000000001','bc2231ed-2903-4c0b-b9da-38c39bad24fb','2025-10-02',282.0);
INSERT INTO weight_records (id,farm_id,animal_id,data,peso_kg) VALUES ('fcbf181d-1d0a-47f4-a044-47cf486fd8ac','aaaaaaaa-0000-0000-0000-000000000001','bc2231ed-2903-4c0b-b9da-38c39bad24fb','2025-12-19',275.0);
INSERT INTO weight_records (id,farm_id,animal_id,data,peso_kg) VALUES ('69284b66-b466-465a-a651-642b8c2c86b1','aaaaaaaa-0000-0000-0000-000000000001','862303b0-82cf-4f27-8f34-e382cf0c9502','2025-10-02',267.0);
INSERT INTO weight_records (id,farm_id,animal_id,data,peso_kg) VALUES ('931ef9f2-6dd3-4c2c-9a9f-2182b61b8321','aaaaaaaa-0000-0000-0000-000000000001','cc33f958-ac66-4876-94d5-21594d00c8cb','2025-10-02',282.0);
INSERT INTO weight_records (id,farm_id,animal_id,data,peso_kg) VALUES ('91440fc8-db41-4a55-bf37-b00cbf4d4527','aaaaaaaa-0000-0000-0000-000000000001','cc33f958-ac66-4876-94d5-21594d00c8cb','2025-12-19',257.0);
INSERT INTO weight_records (id,farm_id,animal_id,data,peso_kg) VALUES ('1497c399-5705-4932-a7db-96f26b7c76f3','aaaaaaaa-0000-0000-0000-000000000001','b058f7d6-5d42-455b-a27c-97dc02ea45a4','2025-10-02',307.0);
INSERT INTO weight_records (id,farm_id,animal_id,data,peso_kg) VALUES ('2013ae78-5c8a-4d5f-b5dd-f5d0396a0fcc','aaaaaaaa-0000-0000-0000-000000000001','b058f7d6-5d42-455b-a27c-97dc02ea45a4','2025-12-19',323.0);
INSERT INTO weight_records (id,farm_id,animal_id,data,peso_kg) VALUES ('fcfc0cd4-ecf1-4ba6-a8a2-1b13b9451601','aaaaaaaa-0000-0000-0000-000000000001','76c7b323-9da3-46a1-9efa-7758f3c1db85','2025-10-02',272.0);
INSERT INTO weight_records (id,farm_id,animal_id,data,peso_kg) VALUES ('169ba6fe-1588-426f-b2b5-df2526686b30','aaaaaaaa-0000-0000-0000-000000000001','76c7b323-9da3-46a1-9efa-7758f3c1db85','2025-12-19',282.0);
INSERT INTO weight_records (id,farm_id,animal_id,data,peso_kg) VALUES ('6dfc7937-6f43-4aba-ad73-368991a6b26d','aaaaaaaa-0000-0000-0000-000000000001','58b9b08c-3715-463c-a482-1bae18a1e3b2','2025-10-02',300.0);
INSERT INTO weight_records (id,farm_id,animal_id,data,peso_kg) VALUES ('c6b66625-5f2a-4119-a309-0b355cd93125','aaaaaaaa-0000-0000-0000-000000000001','58b9b08c-3715-463c-a482-1bae18a1e3b2','2025-12-19',334.0);
INSERT INTO weight_records (id,farm_id,animal_id,data,peso_kg) VALUES ('4bccdff8-ae38-4aea-a588-684641d49207','aaaaaaaa-0000-0000-0000-000000000001','58b9b08c-3715-463c-a482-1bae18a1e3b2','2026-02-09',336.0);
INSERT INTO weight_records (id,farm_id,animal_id,data,peso_kg) VALUES ('451e370f-7e6e-4046-a48a-26cb005d6d77','aaaaaaaa-0000-0000-0000-000000000001','e076dbe0-cb76-4aac-acb0-b03f6f6f0259','2025-10-02',285.0);
INSERT INTO weight_records (id,farm_id,animal_id,data,peso_kg) VALUES ('28102e0a-aa35-4a2b-a6dd-e539e54114fe','aaaaaaaa-0000-0000-0000-000000000001','e076dbe0-cb76-4aac-acb0-b03f6f6f0259','2025-12-19',328.0);
INSERT INTO weight_records (id,farm_id,animal_id,data,peso_kg) VALUES ('9a24bb0d-c1a7-4bbb-9a4a-36d68afb084b','aaaaaaaa-0000-0000-0000-000000000001','bfc56d1f-f88b-4679-8e7d-f2c36e20ff52','2025-10-02',275.0);
INSERT INTO weight_records (id,farm_id,animal_id,data,peso_kg) VALUES ('ffb07561-cad3-4494-892d-cf4d4dd69c1d','aaaaaaaa-0000-0000-0000-000000000001','bfc56d1f-f88b-4679-8e7d-f2c36e20ff52','2025-12-19',281.0);
INSERT INTO weight_records (id,farm_id,animal_id,data,peso_kg) VALUES ('5bf7da33-eb2d-4403-82c6-8478f512ae9f','aaaaaaaa-0000-0000-0000-000000000001','94a4a833-bd1e-4663-af32-647161fd8aef','2025-10-02',275.0);
INSERT INTO weight_records (id,farm_id,animal_id,data,peso_kg) VALUES ('1dc38907-51d3-4284-88c2-f1a8e9d076e6','aaaaaaaa-0000-0000-0000-000000000001','94a4a833-bd1e-4663-af32-647161fd8aef','2025-12-19',280.0);
INSERT INTO weight_records (id,farm_id,animal_id,data,peso_kg) VALUES ('d8e17fd4-34c4-4608-87b3-d09d1b56f9c2','aaaaaaaa-0000-0000-0000-000000000001','ce0a5664-9770-4b7d-8001-989d14ca73ac','2025-10-02',230.0);
INSERT INTO weight_records (id,farm_id,animal_id,data,peso_kg) VALUES ('155b7702-416f-4ad5-a6a3-c7061641fb80','aaaaaaaa-0000-0000-0000-000000000001','ce0a5664-9770-4b7d-8001-989d14ca73ac','2025-12-19',291.0);
INSERT INTO weight_records (id,farm_id,animal_id,data,peso_kg) VALUES ('ce61e128-ff84-4a9a-9cf2-46da29505ff5','aaaaaaaa-0000-0000-0000-000000000001','78176d9d-ac90-423c-bf5b-39426d038a14','2025-10-02',245.0);
INSERT INTO weight_records (id,farm_id,animal_id,data,peso_kg) VALUES ('5c29069c-d817-4923-aa9c-06ebdcb0a28b','aaaaaaaa-0000-0000-0000-000000000001','78176d9d-ac90-423c-bf5b-39426d038a14','2025-12-19',321.0);
INSERT INTO weight_records (id,farm_id,animal_id,data,peso_kg) VALUES ('fe5038f6-837e-4ed1-83dc-a183ebe773b0','aaaaaaaa-0000-0000-0000-000000000001','d066cc56-c510-4e89-9d70-3a3188cb354b','2025-10-02',505.0);
INSERT INTO weight_records (id,farm_id,animal_id,data,peso_kg) VALUES ('d6d6d84f-7ae7-413b-a691-cd9d7e22bc21','aaaaaaaa-0000-0000-0000-000000000001','4ca1f871-6e3f-4f4a-ab93-14109a514406','2025-10-02',432.0);
INSERT INTO weight_records (id,farm_id,animal_id,data,peso_kg) VALUES ('6fea2c07-b8c3-4b36-8a4c-90776d458e0b','aaaaaaaa-0000-0000-0000-000000000001','8dcafb80-c012-46b5-a0c2-0d4845bba651','2025-10-02',372.0);
INSERT INTO weight_records (id,farm_id,animal_id,data,peso_kg) VALUES ('2a6a8ee7-f146-4901-9f74-f2cf9cba3920','aaaaaaaa-0000-0000-0000-000000000001','f341be13-e503-499d-8644-dedba5450ae6','2025-10-02',583.0);
INSERT INTO weight_records (id,farm_id,animal_id,data,peso_kg) VALUES ('98589960-ac17-41f1-bd5b-7c242fd2d973','aaaaaaaa-0000-0000-0000-000000000001','c008fed3-d41e-4c6b-8abc-837c1136d796','2025-10-02',322.0);
INSERT INTO weight_records (id,farm_id,animal_id,data,peso_kg) VALUES ('68add6fe-87c7-4779-ba31-b2b104249377','aaaaaaaa-0000-0000-0000-000000000001','54e34eca-dba7-43ec-919c-0cd1df966a55','2025-10-02',320.0);
INSERT INTO weight_records (id,farm_id,animal_id,data,peso_kg) VALUES ('9940181e-49d7-44c8-b5a2-4794f6573ec8','aaaaaaaa-0000-0000-0000-000000000001','54e34eca-dba7-43ec-919c-0cd1df966a55','2025-12-19',295.0);
INSERT INTO weight_records (id,farm_id,animal_id,data,peso_kg) VALUES ('7405bd33-88a6-4f5b-be73-f9325267dadb','aaaaaaaa-0000-0000-0000-000000000001','16d4eb2c-47c3-43e0-8899-8749a0e43975','2025-10-02',465.0);
INSERT INTO weight_records (id,farm_id,animal_id,data,peso_kg) VALUES ('a0910768-ccd4-445b-9605-9ad584bcf30e','aaaaaaaa-0000-0000-0000-000000000001','6f1da691-565e-448e-b63b-f45e09b9bc3d','2025-10-02',249.0);
INSERT INTO weight_records (id,farm_id,animal_id,data,peso_kg) VALUES ('444820bd-87dc-45fa-9c46-1de7aa162842','aaaaaaaa-0000-0000-0000-000000000001','b3051450-069c-4af8-afdd-d629d558df51','2025-10-02',517.0);
INSERT INTO weight_records (id,farm_id,animal_id,data,peso_kg) VALUES ('c5186223-eb31-4d65-b8a9-29b0bfa4f9a3','aaaaaaaa-0000-0000-0000-000000000001','dc495531-8730-44d1-bc1b-dcd7ce043038','2025-10-02',375.0);
INSERT INTO weight_records (id,farm_id,animal_id,data,peso_kg) VALUES ('03213d09-f3f3-47a1-b978-f48f7730414e','aaaaaaaa-0000-0000-0000-000000000001','6ea833bf-1982-472b-8e7f-28dbe3213a8d','2025-10-02',290.0);
INSERT INTO weight_records (id,farm_id,animal_id,data,peso_kg) VALUES ('2cc46c38-19bf-4e7d-80eb-1ace71e9ea81','aaaaaaaa-0000-0000-0000-000000000001','6ea833bf-1982-472b-8e7f-28dbe3213a8d','2025-12-19',320.0);
INSERT INTO weight_records (id,farm_id,animal_id,data,peso_kg) VALUES ('672d5886-1e00-4636-a53c-fda488416742','aaaaaaaa-0000-0000-0000-000000000001','e157eb8e-d784-40ef-b547-08c40a6c6254','2025-10-02',278.0);
INSERT INTO weight_records (id,farm_id,animal_id,data,peso_kg) VALUES ('5f8f8d98-fba8-4199-b968-1432ff6401b8','aaaaaaaa-0000-0000-0000-000000000001','e157eb8e-d784-40ef-b547-08c40a6c6254','2025-12-19',313.0);
INSERT INTO weight_records (id,farm_id,animal_id,data,peso_kg) VALUES ('f130388f-6d24-479a-a0db-02736342d13b','aaaaaaaa-0000-0000-0000-000000000001','17bbca84-d32f-4c2c-bdb1-741d7c920baa','2025-10-02',419.0);
INSERT INTO weight_records (id,farm_id,animal_id,data,peso_kg) VALUES ('a7aefce0-fc1d-40d9-adb8-bf4eb1d5e8df','aaaaaaaa-0000-0000-0000-000000000001','988436e6-b55c-48bd-9349-ba0755143aa1','2025-10-02',404.0);
INSERT INTO weight_records (id,farm_id,animal_id,data,peso_kg) VALUES ('d113fc16-4edb-415d-bb3a-c157a20183a5','aaaaaaaa-0000-0000-0000-000000000001','369d858e-dd0e-4926-a1ef-6262e1edc0e2','2025-10-02',300.0);
INSERT INTO weight_records (id,farm_id,animal_id,data,peso_kg) VALUES ('c777536b-d017-4b29-bbe9-aa91b4a8b59b','aaaaaaaa-0000-0000-0000-000000000001','369d858e-dd0e-4926-a1ef-6262e1edc0e2','2025-12-19',282.0);
INSERT INTO weight_records (id,farm_id,animal_id,data,peso_kg) VALUES ('13e71b76-eb23-4be1-90b0-39320b0a045a','aaaaaaaa-0000-0000-0000-000000000001','920e1c08-bf5b-4cfd-827c-39bd1c076309','2025-10-02',405.0);
INSERT INTO weight_records (id,farm_id,animal_id,data,peso_kg) VALUES ('e0d9744a-e677-4585-a4bd-97e253585c49','aaaaaaaa-0000-0000-0000-000000000001','53ec3438-b19e-4685-822d-bb24a53bcb14','2025-10-02',342.0);
INSERT INTO weight_records (id,farm_id,animal_id,data,peso_kg) VALUES ('6e43ed5f-3cd2-4bbe-bc1e-7b5294f9c7fc','aaaaaaaa-0000-0000-0000-000000000001','ae8a4537-5e54-4c88-a0e1-e3cc930fabae','2025-10-02',423.0);
INSERT INTO weight_records (id,farm_id,animal_id,data,peso_kg) VALUES ('608a4eb4-2af6-49f5-a253-21f6eec2cee5','aaaaaaaa-0000-0000-0000-000000000001','c62471cc-7fb7-4473-b5e7-5d29348a0240','2025-10-02',515.0);
INSERT INTO weight_records (id,farm_id,animal_id,data,peso_kg) VALUES ('ad3e9774-02b2-449e-bbae-5754c156af69','aaaaaaaa-0000-0000-0000-000000000001','46cc0fab-2e7f-4230-bfa3-33568c7aca36','2025-10-02',431.0);
INSERT INTO weight_records (id,farm_id,animal_id,data,peso_kg) VALUES ('39b0b9ba-14d1-4881-bec4-ce040a8486e8','aaaaaaaa-0000-0000-0000-000000000001','ada84198-ce60-455c-b0ba-66b472e723ff','2025-10-02',520.0);
INSERT INTO weight_records (id,farm_id,animal_id,data,peso_kg) VALUES ('d6f280fd-78e5-43fa-8095-256fc42f5fcc','aaaaaaaa-0000-0000-0000-000000000001','e35ff768-45a9-43db-ad62-f1ba604a6e97','2025-10-02',480.0);
INSERT INTO weight_records (id,farm_id,animal_id,data,peso_kg) VALUES ('b8430843-888b-4209-bcdb-4e725d69916d','aaaaaaaa-0000-0000-0000-000000000001','26cfd1e3-e57b-44ef-9995-6d1ae1bf9ef7','2025-10-02',475.0);
INSERT INTO weight_records (id,farm_id,animal_id,data,peso_kg) VALUES ('accb115e-ddbd-4add-9f82-636f82c45360','aaaaaaaa-0000-0000-0000-000000000001','b555e2b3-1d76-45b5-82a0-af1c68723d7c','2025-10-02',530.0);
INSERT INTO weight_records (id,farm_id,animal_id,data,peso_kg) VALUES ('e4b66b67-bdb7-470f-a198-4aedaf77c922','aaaaaaaa-0000-0000-0000-000000000001','ea7189fb-c864-4d38-8e2e-1019a48f9a1d','2025-10-02',415.0);
INSERT INTO weight_records (id,farm_id,animal_id,data,peso_kg) VALUES ('ce908742-52ad-44bb-afcd-98c2d30fb3f5','aaaaaaaa-0000-0000-0000-000000000001','1b7452a3-27b3-474f-a6c7-ff02c5a418ec','2025-10-02',415.0);
INSERT INTO weight_records (id,farm_id,animal_id,data,peso_kg) VALUES ('816a19a7-2093-4c73-83f8-902dcb75a941','aaaaaaaa-0000-0000-0000-000000000001','ed77c187-c473-4e1f-847b-3953c248b90a','2025-10-02',311.0);
INSERT INTO weight_records (id,farm_id,animal_id,data,peso_kg) VALUES ('26ebad87-6fd9-4699-8580-7bbc623d2f49','aaaaaaaa-0000-0000-0000-000000000001','882f73f7-267a-477a-ad98-c7f824701ae5','2025-10-02',358.0);
INSERT INTO weight_records (id,farm_id,animal_id,data,peso_kg) VALUES ('a5119db1-77d8-4625-a86a-8718baef9c01','aaaaaaaa-0000-0000-0000-000000000001','0756433f-39c0-47a1-bd60-653bc571e80d','2025-10-02',377.0);
INSERT INTO weight_records (id,farm_id,animal_id,data,peso_kg) VALUES ('2b926243-605f-4d2f-ae23-398cbef6b671','aaaaaaaa-0000-0000-0000-000000000001','40ec15b3-3599-4c19-86bb-ca0b2d91ff0e','2025-10-02',292.0);
INSERT INTO weight_records (id,farm_id,animal_id,data,peso_kg) VALUES ('f8306674-4a96-4f5e-88d8-3f3e4ed66396','aaaaaaaa-0000-0000-0000-000000000001','ea8461f1-3d96-4699-8c2b-f56f38853b5b','2025-10-02',324.0);
INSERT INTO weight_records (id,farm_id,animal_id,data,peso_kg) VALUES ('b3d95011-fb70-47d4-ae7e-d5df57a0597d','aaaaaaaa-0000-0000-0000-000000000001','0579980b-9988-450e-ba81-d5ab9406e933','2025-10-02',214.0);
INSERT INTO weight_records (id,farm_id,animal_id,data,peso_kg) VALUES ('39080830-f8d5-406a-a4c2-e98bab95d519','aaaaaaaa-0000-0000-0000-000000000001','0579980b-9988-450e-ba81-d5ab9406e933','2025-12-19',251.0);
INSERT INTO weight_records (id,farm_id,animal_id,data,peso_kg) VALUES ('44e584cc-5695-4e1a-84f7-ce0599f5d7be','aaaaaaaa-0000-0000-0000-000000000001','f70c723f-30b7-48ca-b1e5-cba065265722','2025-10-02',420.0);
INSERT INTO weight_records (id,farm_id,animal_id,data,peso_kg) VALUES ('e7943b58-dcc5-4aaf-a5ee-972e3c5cdf76','aaaaaaaa-0000-0000-0000-000000000001','43331124-92ec-4de8-ac5c-89ec3583f7c7','2025-10-02',420.0);
INSERT INTO weight_records (id,farm_id,animal_id,data,peso_kg) VALUES ('f13d280c-edd9-4626-be0c-e4e56b38185b','aaaaaaaa-0000-0000-0000-000000000001','a0068acd-f7b5-4e8f-aa28-7e94f2a4ea05','2025-10-02',425.0);
INSERT INTO weight_records (id,farm_id,animal_id,data,peso_kg) VALUES ('4f4ced06-4195-4581-aaff-62ff720a73eb','aaaaaaaa-0000-0000-0000-000000000001','36fd7947-0846-471e-bc13-3a5348ca4229','2025-10-02',347.0);
INSERT INTO weight_records (id,farm_id,animal_id,data,peso_kg) VALUES ('9d98004e-cd53-4bb7-bbfe-3c6958669ded','aaaaaaaa-0000-0000-0000-000000000001','1e39bc26-37fb-48c9-a90f-fd47768ea0b0','2025-10-02',288.0);
INSERT INTO weight_records (id,farm_id,animal_id,data,peso_kg) VALUES ('d91b4a4d-4185-469f-b1dc-f40389500429','aaaaaaaa-0000-0000-0000-000000000001','1e39bc26-37fb-48c9-a90f-fd47768ea0b0','2025-12-19',348.0);
INSERT INTO weight_records (id,farm_id,animal_id,data,peso_kg) VALUES ('c75155bd-8a42-46ad-a56d-25e193407259','aaaaaaaa-0000-0000-0000-000000000001','ec88b311-4179-4975-acfe-bd30ad0a9fbe','2025-10-02',400.0);
INSERT INTO weight_records (id,farm_id,animal_id,data,peso_kg) VALUES ('83092e51-7004-4cce-86b2-188f8326c814','aaaaaaaa-0000-0000-0000-000000000001','b7bb460c-b5c4-4e36-ae94-db393c0b79af','2025-10-02',331.0);
INSERT INTO weight_records (id,farm_id,animal_id,data,peso_kg) VALUES ('cc1a46a8-4b60-4519-a3a0-0b94a3c11de4','aaaaaaaa-0000-0000-0000-000000000001','b7bb460c-b5c4-4e36-ae94-db393c0b79af','2025-12-19',345.0);
INSERT INTO weight_records (id,farm_id,animal_id,data,peso_kg) VALUES ('1ed47598-2d59-422a-be9c-06854fc65a16','aaaaaaaa-0000-0000-0000-000000000001','a95fa2bb-7025-4114-88fd-258b26107751','2025-10-02',301.0);
INSERT INTO weight_records (id,farm_id,animal_id,data,peso_kg) VALUES ('f6a48813-aa80-4837-b58a-c3e9c301faa6','aaaaaaaa-0000-0000-0000-000000000001','a95fa2bb-7025-4114-88fd-258b26107751','2025-12-19',305.0);
INSERT INTO weight_records (id,farm_id,animal_id,data,peso_kg) VALUES ('f3605c5e-2c3d-4a74-b989-a05c6f4f3194','aaaaaaaa-0000-0000-0000-000000000001','83f7222b-8371-4200-87d5-14fc950468bb','2025-10-02',501.0);
INSERT INTO weight_records (id,farm_id,animal_id,data,peso_kg) VALUES ('5017aace-a616-4329-bb7d-e21f39a932a8','aaaaaaaa-0000-0000-0000-000000000001','7c2d605f-952f-4b93-831f-1d2ff61e519e','2025-10-02',334.0);
INSERT INTO weight_records (id,farm_id,animal_id,data,peso_kg) VALUES ('4218a654-93a1-4fd1-81a4-726cb5c843b5','aaaaaaaa-0000-0000-0000-000000000001','7c2d605f-952f-4b93-831f-1d2ff61e519e','2025-12-19',355.0);
INSERT INTO weight_records (id,farm_id,animal_id,data,peso_kg) VALUES ('818e73a3-d744-4229-b14c-f1de14c27acd','aaaaaaaa-0000-0000-0000-000000000001','22f575f2-f040-419c-88d4-7cc49062e287','2025-10-02',400.0);
INSERT INTO weight_records (id,farm_id,animal_id,data,peso_kg) VALUES ('91c2d097-95e3-41f1-baa5-ccc9453a13c9','aaaaaaaa-0000-0000-0000-000000000001','c1e086c2-4543-4bb8-934b-9e414da4c6a6','2025-10-02',299.0);
INSERT INTO weight_records (id,farm_id,animal_id,data,peso_kg) VALUES ('7b7e166c-f397-4c45-8ca0-c6d4a53b6e1e','aaaaaaaa-0000-0000-0000-000000000001','c1e086c2-4543-4bb8-934b-9e414da4c6a6','2025-12-19',297.0);
INSERT INTO weight_records (id,farm_id,animal_id,data,peso_kg) VALUES ('096a3e7a-b350-435b-bf26-42774369315f','aaaaaaaa-0000-0000-0000-000000000001','b61128b9-84d3-42b1-a5ec-42ff57f0bf2e','2025-10-02',446.0);
INSERT INTO weight_records (id,farm_id,animal_id,data,peso_kg) VALUES ('6463ff2b-c8c5-4a30-9cad-d42bd3450b70','aaaaaaaa-0000-0000-0000-000000000001','7e60a0ed-f962-49dc-8ffb-08f5ac005292','2025-10-02',334.0);
INSERT INTO weight_records (id,farm_id,animal_id,data,peso_kg) VALUES ('6590374b-53ae-4213-a01f-0a9650051df0','aaaaaaaa-0000-0000-0000-000000000001','7e60a0ed-f962-49dc-8ffb-08f5ac005292','2025-12-19',350.0);
INSERT INTO weight_records (id,farm_id,animal_id,data,peso_kg) VALUES ('40ceb2b0-08c3-4955-bddf-2ae2c69a68f9','aaaaaaaa-0000-0000-0000-000000000001','205ba7f7-4802-477a-9a35-2fbc0c8c55a6','2025-10-02',369.0);
INSERT INTO weight_records (id,farm_id,animal_id,data,peso_kg) VALUES ('37d049ac-fcdf-4453-a342-57ca19ab39ef','aaaaaaaa-0000-0000-0000-000000000001','205ba7f7-4802-477a-9a35-2fbc0c8c55a6','2025-12-19',347.0);
INSERT INTO weight_records (id,farm_id,animal_id,data,peso_kg) VALUES ('c1a2d6ac-eebf-4622-b5f5-2afb89a301d3','aaaaaaaa-0000-0000-0000-000000000001','492336bb-fac0-4ac5-9bb6-9e494af27ba7','2025-10-02',306.0);
INSERT INTO weight_records (id,farm_id,animal_id,data,peso_kg) VALUES ('20109fd7-5a72-4c78-9ce3-fb279053dc0d','aaaaaaaa-0000-0000-0000-000000000001','823959b5-2bf2-4eaa-8c87-adfbe7116a51','2025-10-02',520.0);
INSERT INTO weight_records (id,farm_id,animal_id,data,peso_kg) VALUES ('241ed226-fb64-479d-a4ed-d803feb5204e','aaaaaaaa-0000-0000-0000-000000000001','c2aece39-2fdc-48b3-8f51-6addbc05c1b0','2025-10-02',427.0);
INSERT INTO weight_records (id,farm_id,animal_id,data,peso_kg) VALUES ('05b80027-f052-4dbc-bec3-2f9f20f2ab8a','aaaaaaaa-0000-0000-0000-000000000001','87034549-4105-4803-b87c-1bd7905b4484','2025-12-19',301.0);
INSERT INTO weight_records (id,farm_id,animal_id,data,peso_kg) VALUES ('50471902-5fd3-4d7f-b5aa-d0844f8c848a','aaaaaaaa-0000-0000-0000-000000000001','f740eb7d-8ea8-4d80-8989-f9732ca58599','2025-10-02',282.0);
INSERT INTO weight_records (id,farm_id,animal_id,data,peso_kg) VALUES ('4f8bbf42-8b75-4b00-9400-845dec609b14','aaaaaaaa-0000-0000-0000-000000000001','f740eb7d-8ea8-4d80-8989-f9732ca58599','2025-12-19',304.0);
INSERT INTO weight_records (id,farm_id,animal_id,data,peso_kg) VALUES ('63f94d65-d5d9-40ab-93c2-86216d35967d','aaaaaaaa-0000-0000-0000-000000000001','eb7f919f-0ac1-473b-884a-10a57dbcb6b0','2025-10-02',333.0);
INSERT INTO weight_records (id,farm_id,animal_id,data,peso_kg) VALUES ('abf87cff-9587-4a8d-81dd-3ac947712d11','aaaaaaaa-0000-0000-0000-000000000001','eb7f919f-0ac1-473b-884a-10a57dbcb6b0','2025-12-19',333.0);
INSERT INTO weight_records (id,farm_id,animal_id,data,peso_kg) VALUES ('0ad481d5-42a0-457e-a9d0-9e12935c15b9','aaaaaaaa-0000-0000-0000-000000000001','86171be6-9e8a-4520-b3ee-84333b6fa177','2025-10-02',423.0);
INSERT INTO weight_records (id,farm_id,animal_id,data,peso_kg) VALUES ('355b2e39-4ec5-4847-bc65-4ddf4d131b35','aaaaaaaa-0000-0000-0000-000000000001','5f67859b-0e87-45cb-bc9f-6d8996ad7820','2025-10-02',318.0);
INSERT INTO weight_records (id,farm_id,animal_id,data,peso_kg) VALUES ('27a6b171-af94-4e62-93bd-3035b8408b08','aaaaaaaa-0000-0000-0000-000000000001','5f67859b-0e87-45cb-bc9f-6d8996ad7820','2025-12-19',312.0);
INSERT INTO weight_records (id,farm_id,animal_id,data,peso_kg) VALUES ('67a19d3d-4e5e-4599-a6cd-741f6e7a66f4','aaaaaaaa-0000-0000-0000-000000000001','c93a78b7-ff63-4add-9ca1-bcc95fd0daa8','2025-10-02',500.0);
INSERT INTO weight_records (id,farm_id,animal_id,data,peso_kg) VALUES ('0222228a-817c-4431-a5e1-e957b584095f','aaaaaaaa-0000-0000-0000-000000000001','be1f4f1d-5816-4987-8bbf-a5248ff305da','2025-10-02',348.0);
INSERT INTO weight_records (id,farm_id,animal_id,data,peso_kg) VALUES ('8e5c50e4-0ccf-48e6-9ea5-b48bbef45558','aaaaaaaa-0000-0000-0000-000000000001','2685f2e8-ace1-421a-b4c0-9f09c13107b0','2025-10-02',387.0);
INSERT INTO weight_records (id,farm_id,animal_id,data,peso_kg) VALUES ('f9127c6e-0970-4663-811c-a08115a5bb3e','aaaaaaaa-0000-0000-0000-000000000001','6f3c82ee-8091-4fdb-9bc9-ecf42e15c3c1','2025-10-02',355.0);
INSERT INTO weight_records (id,farm_id,animal_id,data,peso_kg) VALUES ('7f751b38-4813-4244-aa80-b87104e3f18f','aaaaaaaa-0000-0000-0000-000000000001','7bf3b63d-daec-4e68-93f1-6b46a0615205','2025-10-02',390.0);
INSERT INTO weight_records (id,farm_id,animal_id,data,peso_kg) VALUES ('4814c032-f6ab-497f-8420-a703caabb3ec','aaaaaaaa-0000-0000-0000-000000000001','48b416f0-57fc-4357-a311-e7f6312d97c1','2025-10-02',433.0);
INSERT INTO weight_records (id,farm_id,animal_id,data,peso_kg) VALUES ('92550557-d32e-40e4-b469-979362d50cef','aaaaaaaa-0000-0000-0000-000000000001','530e559a-f65a-4b77-aec4-7f782f7205e9','2025-10-02',354.0);
INSERT INTO weight_records (id,farm_id,animal_id,data,peso_kg) VALUES ('2c4206e4-0342-43b7-8cb2-4e7ae3e88b02','aaaaaaaa-0000-0000-0000-000000000001','7e2f22e8-c69d-431c-b88f-3896361d7f22','2025-10-02',340.0);
INSERT INTO weight_records (id,farm_id,animal_id,data,peso_kg) VALUES ('effba44d-7dca-43d8-9771-1e3ead21d8f6','aaaaaaaa-0000-0000-0000-000000000001','7e2f22e8-c69d-431c-b88f-3896361d7f22','2025-12-19',329.0);
INSERT INTO weight_records (id,farm_id,animal_id,data,peso_kg) VALUES ('089de06c-7027-4529-a118-21db2dd9db02','aaaaaaaa-0000-0000-0000-000000000001','d129e2fb-e74f-4543-aa8d-82e46108f3f6','2025-10-02',343.0);
INSERT INTO weight_records (id,farm_id,animal_id,data,peso_kg) VALUES ('fa4437d1-22b9-4512-ad29-fba0458a793d','aaaaaaaa-0000-0000-0000-000000000001','45c53c2a-a282-4010-bd49-511aa8d6bc2b','2025-10-02',248.0);
INSERT INTO weight_records (id,farm_id,animal_id,data,peso_kg) VALUES ('6bb6a28a-9f1f-4943-951c-5a01ccf0bfa9','aaaaaaaa-0000-0000-0000-000000000001','45c53c2a-a282-4010-bd49-511aa8d6bc2b','2025-12-19',255.0);
INSERT INTO weight_records (id,farm_id,animal_id,data,peso_kg) VALUES ('4ea022e2-af90-4b74-a5b9-6db77c306503','aaaaaaaa-0000-0000-0000-000000000001','a6743b8c-05a2-4a7e-a07f-eeb51cd4325b','2025-10-02',400.0);
INSERT INTO weight_records (id,farm_id,animal_id,data,peso_kg) VALUES ('4134b15b-1460-4679-a2f3-aa8009746778','aaaaaaaa-0000-0000-0000-000000000001','a041973c-ac53-4f89-8766-9fde017d359f','2025-10-02',315.0);
INSERT INTO weight_records (id,farm_id,animal_id,data,peso_kg) VALUES ('50c3adc4-eac1-41e5-8b0f-39ee83c5f680','aaaaaaaa-0000-0000-0000-000000000001','a041973c-ac53-4f89-8766-9fde017d359f','2025-12-19',311.0);
INSERT INTO weight_records (id,farm_id,animal_id,data,peso_kg) VALUES ('ec559e77-8378-48dc-a248-7887e5d2607d','aaaaaaaa-0000-0000-0000-000000000001','cdbd1f14-fe6f-4a1c-a421-b3348adb99f9','2025-10-02',334.0);
INSERT INTO weight_records (id,farm_id,animal_id,data,peso_kg) VALUES ('7f3d932d-f0b8-42fb-95ac-a4aef5f619bc','aaaaaaaa-0000-0000-0000-000000000001','cdbd1f14-fe6f-4a1c-a421-b3348adb99f9','2025-12-19',350.0);
INSERT INTO weight_records (id,farm_id,animal_id,data,peso_kg) VALUES ('8341ba06-5055-4ff5-8419-5d1665e7a75f','aaaaaaaa-0000-0000-0000-000000000001','7935a9c5-8ce0-4452-927b-2e6dde7e038e','2025-10-02',336.0);
INSERT INTO weight_records (id,farm_id,animal_id,data,peso_kg) VALUES ('9632b5e3-f165-4868-b091-f4f5984f9a09','aaaaaaaa-0000-0000-0000-000000000001','7935a9c5-8ce0-4452-927b-2e6dde7e038e','2025-12-19',362.0);
INSERT INTO weight_records (id,farm_id,animal_id,data,peso_kg) VALUES ('4b7d88fa-3669-4173-b176-33e94465c36e','aaaaaaaa-0000-0000-0000-000000000001','1f1d1711-b7df-403f-8f2e-0e44c7e50997','2025-10-02',317.0);
INSERT INTO weight_records (id,farm_id,animal_id,data,peso_kg) VALUES ('d4c10751-6e7b-478f-86d2-b1685028d93f','aaaaaaaa-0000-0000-0000-000000000001','1f1d1711-b7df-403f-8f2e-0e44c7e50997','2025-12-19',327.0);
INSERT INTO weight_records (id,farm_id,animal_id,data,peso_kg) VALUES ('5abc64d4-0190-4448-855e-f9c138254c6f','aaaaaaaa-0000-0000-0000-000000000001','e12e6881-3331-49af-bc3f-eef1c54d8b4a','2025-10-02',308.0);
INSERT INTO weight_records (id,farm_id,animal_id,data,peso_kg) VALUES ('2998d79f-0b2a-447d-99b3-9b6f0ff32966','aaaaaaaa-0000-0000-0000-000000000001','e12e6881-3331-49af-bc3f-eef1c54d8b4a','2025-12-19',321.0);
INSERT INTO weight_records (id,farm_id,animal_id,data,peso_kg) VALUES ('8c0c63a7-7316-438e-a92a-a28a7d1e83b8','aaaaaaaa-0000-0000-0000-000000000001','0232df34-35aa-4fce-b17f-abb382fd9339','2025-10-02',460.0);
INSERT INTO weight_records (id,farm_id,animal_id,data,peso_kg) VALUES ('a2deee98-4a31-405d-8a11-e335014d0578','aaaaaaaa-0000-0000-0000-000000000001','9ec479f3-8aa6-4484-9760-904474f30c93','2025-10-02',423.0);
INSERT INTO weight_records (id,farm_id,animal_id,data,peso_kg) VALUES ('a24d7fb5-a809-40a2-9228-4bfa9d0df048','aaaaaaaa-0000-0000-0000-000000000001','8f9be748-9748-4fc2-9382-210add503b93','2025-10-02',409.0);
INSERT INTO weight_records (id,farm_id,animal_id,data,peso_kg) VALUES ('5e080fd7-2237-42d5-8669-8e7e53e41518','aaaaaaaa-0000-0000-0000-000000000001','823da565-7c3a-40d3-bd43-80bb4c101a98','2025-10-02',252.0);
INSERT INTO weight_records (id,farm_id,animal_id,data,peso_kg) VALUES ('c790e21b-56b6-4fce-a114-d8dbdc3b98fa','aaaaaaaa-0000-0000-0000-000000000001','2ee4bd90-d748-4497-88ca-9e7963b9bad1','2025-10-02',463.0);
INSERT INTO weight_records (id,farm_id,animal_id,data,peso_kg) VALUES ('09554c2c-28d8-432e-8255-60655b2cd46a','aaaaaaaa-0000-0000-0000-000000000001','e29870d8-4630-4535-a83e-e65846aab91b','2025-10-02',518.0);
INSERT INTO weight_records (id,farm_id,animal_id,data,peso_kg) VALUES ('35d4dd7d-56c9-4c1f-a360-f77569814545','aaaaaaaa-0000-0000-0000-000000000001','444f75f1-703e-4a81-9ced-120b3128852b','2025-10-02',325.0);
INSERT INTO weight_records (id,farm_id,animal_id,data,peso_kg) VALUES ('48913276-782a-4ac8-be44-78e4b4ef8c3f','aaaaaaaa-0000-0000-0000-000000000001','444f75f1-703e-4a81-9ced-120b3128852b','2025-12-19',323.0);
INSERT INTO weight_records (id,farm_id,animal_id,data,peso_kg) VALUES ('0a5bfdee-93f0-495c-a83e-dffc68685efb','aaaaaaaa-0000-0000-0000-000000000001','2ba46d96-c77d-4e55-9bb8-c8440e3324cf','2025-10-02',408.0);
INSERT INTO weight_records (id,farm_id,animal_id,data,peso_kg) VALUES ('b0c63f05-f05c-4015-98f7-d3f736f0450f','aaaaaaaa-0000-0000-0000-000000000001','71a85878-111b-42ed-b289-c3be768799b3','2025-10-02',425.0);
INSERT INTO weight_records (id,farm_id,animal_id,data,peso_kg) VALUES ('3e2d7a89-1f28-429e-9c8e-4333097704e6','aaaaaaaa-0000-0000-0000-000000000001','9aa877ca-3e0b-44f7-bade-589e3872bb61','2025-10-02',323.0);
INSERT INTO weight_records (id,farm_id,animal_id,data,peso_kg) VALUES ('eeff41cf-1491-4de2-9500-cb65d26467b3','aaaaaaaa-0000-0000-0000-000000000001','9aa877ca-3e0b-44f7-bade-589e3872bb61','2025-12-19',306.0);
INSERT INTO weight_records (id,farm_id,animal_id,data,peso_kg) VALUES ('4ad39129-1a7b-4ce1-bd2e-be0e680486f9','aaaaaaaa-0000-0000-0000-000000000001','6a1f6c42-a08b-4c91-9965-b1c669f7f790','2025-10-02',453.0);
INSERT INTO weight_records (id,farm_id,animal_id,data,peso_kg) VALUES ('893de968-fe84-4358-a781-f825c97648f1','aaaaaaaa-0000-0000-0000-000000000001','08c677bb-f297-4b0f-beff-bd38019fbb34','2025-10-02',461.0);
INSERT INTO weight_records (id,farm_id,animal_id,data,peso_kg) VALUES ('cb0ea8fd-7d61-414a-b411-0683c4f8fa4a','aaaaaaaa-0000-0000-0000-000000000001','d8c63f08-e9cc-4279-b0f4-8ff9ec3d8657','2025-10-02',370.0);
INSERT INTO weight_records (id,farm_id,animal_id,data,peso_kg) VALUES ('63309634-b4fd-46fc-91ac-09d93387e913','aaaaaaaa-0000-0000-0000-000000000001','abbd9976-5f0c-46d7-b2e5-f99f202efd66','2025-10-02',338.0);
INSERT INTO weight_records (id,farm_id,animal_id,data,peso_kg) VALUES ('18f33039-c50e-44c9-9cb9-82beee6a3cad','aaaaaaaa-0000-0000-0000-000000000001','17a291b3-7370-4e3d-b533-ff99a2d40787','2025-10-02',422.0);
INSERT INTO weight_records (id,farm_id,animal_id,data,peso_kg) VALUES ('7a4bb712-e404-43d9-a6d8-2b520bb65e0b','aaaaaaaa-0000-0000-0000-000000000001','8c9f14f6-961c-42ad-a5ab-9873fa8fe3bf','2025-10-02',372.0);
INSERT INTO weight_records (id,farm_id,animal_id,data,peso_kg) VALUES ('19b17986-3f38-436b-a03f-a1175a5e054e','aaaaaaaa-0000-0000-0000-000000000001','7b68ff76-fb32-4c28-bcfe-7996c1f2a712','2025-10-02',374.0);
INSERT INTO weight_records (id,farm_id,animal_id,data,peso_kg) VALUES ('7a8e6751-4f22-41c7-890a-ada149f7ca7e','aaaaaaaa-0000-0000-0000-000000000001','04154f99-8a4e-4320-9ac7-4fc5b0c742cb','2025-10-02',358.0);
INSERT INTO weight_records (id,farm_id,animal_id,data,peso_kg) VALUES ('5a125506-537d-477a-a177-0e6ae2fbbc9e','aaaaaaaa-0000-0000-0000-000000000001','a0a0f670-b017-46e5-a408-5f13c6d27692','2025-10-02',387.0);
INSERT INTO weight_records (id,farm_id,animal_id,data,peso_kg) VALUES ('5f39f335-ccfd-4aff-ba6b-4964f39d7b59','aaaaaaaa-0000-0000-0000-000000000001','074a8f7e-ec98-4da1-bbe4-c2b57b70a4d0','2025-10-02',286.0);
INSERT INTO weight_records (id,farm_id,animal_id,data,peso_kg) VALUES ('644750e8-e468-4fed-bc7b-2b2e9bfef4f4','aaaaaaaa-0000-0000-0000-000000000001','b563c2a7-017b-4252-a6c2-f327a5681072','2025-10-02',380.0);
INSERT INTO weight_records (id,farm_id,animal_id,data,peso_kg) VALUES ('f2ed03e8-8ad4-4aed-a385-a193d89d13a6','aaaaaaaa-0000-0000-0000-000000000001','edffb8af-b060-4c91-906c-67efa787a5c0','2026-02-09',356.0);

-- ══════════════════════════════════════════
-- 4. ASPIRAÇÕES REALIZADAS
-- ══════════════════════════════════════════

INSERT INTO opu_sessions (id,farm_id,data,responsavel,local,tipo) VALUES ('8e174b30-bbc8-4077-a3fc-84cc0a16d96f','aaaaaaaa-0000-0000-0000-000000000001','2025-08-05','GETAGEN','RODA BRANCA','REALIZADA');
INSERT INTO aspirations (id,farm_id,session_id,doadora_id,doadora_nome,oocitos_viaveis,embryos_congelados,observacoes) VALUES ('cba92b7b-7934-4102-af6e-16b57db4ad01','aaaaaaaa-0000-0000-0000-000000000001','8e174b30-bbc8-4077-a3fc-84cc0a16d96f',NULL,'ESLOVENIA FIV HRO',88,21,'Touro: LANDAU');
INSERT INTO opu_sessions (id,farm_id,data,responsavel,local,tipo) VALUES ('8b10a67c-9154-491a-9fd4-030e941ed011','aaaaaaaa-0000-0000-0000-000000000001','2025-08-20','DR. JULIANO','SE AGRO','REALIZADA');
INSERT INTO aspirations (id,farm_id,session_id,doadora_id,doadora_nome,oocitos_viaveis,embryos_congelados,observacoes) VALUES ('20c176e9-cc66-469f-b752-94732aa22298','aaaaaaaa-0000-0000-0000-000000000001','8b10a67c-9154-491a-9fd4-030e941ed011',NULL,'IVANKA FIV M.V.',56,9,'Touro: BITELO SS');
INSERT INTO aspirations (id,farm_id,session_id,doadora_id,doadora_nome,oocitos_viaveis,embryos_congelados,observacoes) VALUES ('aa43083b-47b0-4485-8867-e8941d80885c','aaaaaaaa-0000-0000-0000-000000000001','8b10a67c-9154-491a-9fd4-030e941ed011','a8972876-82d8-42c9-b376-f8777314ea20','AGRA DA COSMO',17,5,'Touro: LANDAU');
INSERT INTO aspirations (id,farm_id,session_id,doadora_id,doadora_nome,oocitos_viaveis,embryos_congelados,observacoes) VALUES ('3a998737-b52f-44be-b5b5-b9babd624054','aaaaaaaa-0000-0000-0000-000000000001','8b10a67c-9154-491a-9fd4-030e941ed011',NULL,'IASMIN1 FIV M.V.',197,42,'Touro: BITELO SS');
INSERT INTO aspirations (id,farm_id,session_id,doadora_id,doadora_nome,oocitos_viaveis,embryos_congelados,observacoes) VALUES ('899c627b-5277-4a5d-9472-99a26a0d4a56','aaaaaaaa-0000-0000-0000-000000000001','8b10a67c-9154-491a-9fd4-030e941ed011','626e9e81-2a84-4513-a094-5618062b04ee','ANGELIKI FIV TRES MONTES',48,13,'Touro: KAYAK');
INSERT INTO aspirations (id,farm_id,session_id,doadora_id,doadora_nome,oocitos_viaveis,embryos_congelados,observacoes) VALUES ('e3007cc0-ae17-4ba8-b070-4481405fbe75','aaaaaaaa-0000-0000-0000-000000000001','8b10a67c-9154-491a-9fd4-030e941ed011','da0057ba-73d1-452a-8e36-1ed09fe23436','BATHINDA 1 FIV DA FAZ.VITORIA',94,4,'Touro: LANDAU');
INSERT INTO aspirations (id,farm_id,session_id,doadora_id,doadora_nome,oocitos_viaveis,embryos_congelados,observacoes) VALUES ('1dcb4ac5-1f4f-4393-a17a-b16789858de2','aaaaaaaa-0000-0000-0000-000000000001','8b10a67c-9154-491a-9fd4-030e941ed011','7e34da4d-a5e1-4653-aef5-5d999a48db22','BRENDA FIV TRES MONTES',22,4,'Touro: LANDAU');
INSERT INTO aspirations (id,farm_id,session_id,doadora_id,doadora_nome,oocitos_viaveis,embryos_congelados,observacoes) VALUES ('23c55898-5e35-4886-87d9-59858bfc2654','aaaaaaaa-0000-0000-0000-000000000001','8b10a67c-9154-491a-9fd4-030e941ed011','649428c8-b280-4322-b365-f77896821f1d','ELEGANCE FIV DA MORATO',62,4,'Touro: BITELO SS');
INSERT INTO aspirations (id,farm_id,session_id,doadora_id,doadora_nome,oocitos_viaveis,embryos_congelados,observacoes) VALUES ('d5e24804-9b0c-4601-9736-11e766bc5b53','aaaaaaaa-0000-0000-0000-000000000001','8b10a67c-9154-491a-9fd4-030e941ed011','81653465-fb5f-4d7e-81e1-7095f428cab3','SOL FIV LUCENTE',32,2,'Touro: LANDAU');
INSERT INTO aspirations (id,farm_id,session_id,doadora_id,doadora_nome,oocitos_viaveis,embryos_congelados,observacoes) VALUES ('ec82bb95-c931-45d5-ad9c-4094b465204b','aaaaaaaa-0000-0000-0000-000000000001','8b10a67c-9154-491a-9fd4-030e941ed011','51c28452-19f4-4455-a5ac-f1825725020a','EVA I FIV LUCENTE',18,4,'Touro: LANDAU');
INSERT INTO aspirations (id,farm_id,session_id,doadora_id,doadora_nome,oocitos_viaveis,embryos_congelados,observacoes) VALUES ('473b0588-2847-41e1-aca5-6661fd529e43','aaaaaaaa-0000-0000-0000-000000000001','8b10a67c-9154-491a-9fd4-030e941ed011','455373c9-2f10-44e4-85c0-8d9ebc048c65','VELASHI I-II-ML FIV CGAL',8,NULL,'Touro: KAYAK');
INSERT INTO opu_sessions (id,farm_id,data,responsavel,local,tipo) VALUES ('6c65a858-766a-467b-ad3d-4276899f0c9b','aaaaaaaa-0000-0000-0000-000000000001','2025-10-07','GENEAL','MONTE VERDE (UBE)','REALIZADA');
INSERT INTO aspirations (id,farm_id,session_id,doadora_id,doadora_nome,oocitos_viaveis,embryos_congelados,observacoes) VALUES ('866036ff-4914-4e88-80fd-a6fe3604ab55','aaaaaaaa-0000-0000-0000-000000000001','6c65a858-766a-467b-ad3d-4276899f0c9b','460141d8-0e29-4822-aec1-aae3bdad2915','DALYA FIV CRL',89,57,'Touro: KAYAK');
INSERT INTO aspirations (id,farm_id,session_id,doadora_id,doadora_nome,oocitos_viaveis,embryos_congelados,observacoes) VALUES ('f34c7a04-676f-4519-bfba-3633205506f4','aaaaaaaa-0000-0000-0000-000000000001','6c65a858-766a-467b-ad3d-4276899f0c9b',NULL,'HALLELUJAH FIV AL CANAA',77,37,'Touro: KAYAK');
INSERT INTO opu_sessions (id,farm_id,data,responsavel,local,tipo) VALUES ('8c02c2d9-df7b-4b23-b83d-5d0fbf1e06af','aaaaaaaa-0000-0000-0000-000000000001','2025-10-30','GETAGEN','GIBERTONI','REALIZADA');
INSERT INTO aspirations (id,farm_id,session_id,doadora_id,doadora_nome,oocitos_viaveis,embryos_congelados,observacoes) VALUES ('5cd91831-5895-4e8d-ad71-0f990d196b46','aaaaaaaa-0000-0000-0000-000000000001','8c02c2d9-df7b-4b23-b83d-5d0fbf1e06af',NULL,'CAMILA FIV CRL',23,15,'Touro: BOBY HRO (SEX)');
INSERT INTO opu_sessions (id,farm_id,data,responsavel,local,tipo) VALUES ('2ae4f065-b174-49ee-a7db-c9a57bee8778','aaaaaaaa-0000-0000-0000-000000000001','2025-01-28','DR. JULIANO','SE AGRO','REALIZADA');
INSERT INTO aspirations (id,farm_id,session_id,doadora_id,doadora_nome,oocitos_viaveis,embryos_congelados,observacoes) VALUES ('aaeeafdd-bc45-4450-82ea-8a5562710aa1','aaaaaaaa-0000-0000-0000-000000000001','2ae4f065-b174-49ee-a7db-c9a57bee8778','af4b1147-db25-4e34-9525-18805629c80a','KHAIRA IX FIV LUCENTE',151,5,'Touro: BENTLEY TE BAR');
INSERT INTO aspirations (id,farm_id,session_id,doadora_id,doadora_nome,oocitos_viaveis,embryos_congelados,observacoes) VALUES ('97aa7953-63d4-4f52-82cc-62c8bf45b677','aaaaaaaa-0000-0000-0000-000000000001','2ae4f065-b174-49ee-a7db-c9a57bee8778','af4b1147-db25-4e34-9525-18805629c80a','KHAIRA IX FIV LUCENTE',NULL,48,'Touro: RIMA FIV SUDÃO');
INSERT INTO aspirations (id,farm_id,session_id,doadora_id,doadora_nome,oocitos_viaveis,embryos_congelados,observacoes) VALUES ('49fd0b1a-2f61-4961-9587-aa053e4c9913','aaaaaaaa-0000-0000-0000-000000000001','2ae4f065-b174-49ee-a7db-c9a57bee8778','c133bef9-99ca-404c-a63f-a39be7bb5576','AZURRA FIV GIBER',28,2,'Touro: BOBY HRO (F)');
INSERT INTO aspirations (id,farm_id,session_id,doadora_id,doadora_nome,oocitos_viaveis,embryos_congelados,observacoes) VALUES ('13cfe438-340e-480c-933f-84b0ee37601e','aaaaaaaa-0000-0000-0000-000000000001','2ae4f065-b174-49ee-a7db-c9a57bee8778','f60e7dbf-2823-4fff-af83-d378efaa19bc','ESTONIA FIV TLBF',3,5,'Touro: BOBY HRO (F)');
INSERT INTO aspirations (id,farm_id,session_id,doadora_id,doadora_nome,oocitos_viaveis,embryos_congelados,observacoes) VALUES ('dd88bbda-39a8-457b-b31a-82c4a14ff6f7','aaaaaaaa-0000-0000-0000-000000000001','2ae4f065-b174-49ee-a7db-c9a57bee8778','c769b44c-a631-49fb-b8d3-3d20d945584e','CAYMAN FIV DA RS',44,7,'Touro: RIMA FIV SUDÃO');
INSERT INTO aspirations (id,farm_id,session_id,doadora_id,doadora_nome,oocitos_viaveis,embryos_congelados,observacoes) VALUES ('854e7130-9ec1-485a-b1e4-d1afb700848d','aaaaaaaa-0000-0000-0000-000000000001','2ae4f065-b174-49ee-a7db-c9a57bee8778','81653465-fb5f-4d7e-81e1-7095f428cab3','SOL FIV LUCENTE',59,12,'Touro: BOBY HRO (F)');
INSERT INTO opu_sessions (id,farm_id,data,responsavel,local,tipo) VALUES ('244b235d-0666-49a9-bd0f-424dde7df643','aaaaaaaa-0000-0000-0000-000000000001','2025-10-30','GETAGEN','GIBERTONI','REALIZADA');
INSERT INTO aspirations (id,farm_id,session_id,doadora_id,doadora_nome,oocitos_viaveis,embryos_congelados,observacoes) VALUES ('9f6d21a3-52ba-457e-8be0-785066a6a254','aaaaaaaa-0000-0000-0000-000000000001','244b235d-0666-49a9-bd0f-424dde7df643',NULL,'DONNA FIV DA MONICA',80,38,'Touro: IVECO');
INSERT INTO aspirations (id,farm_id,session_id,doadora_id,doadora_nome,oocitos_viaveis,embryos_congelados,observacoes) VALUES ('28919149-47df-4154-ad0b-1eeb4caf1ebf','aaaaaaaa-0000-0000-0000-000000000001','244b235d-0666-49a9-bd0f-424dde7df643',NULL,'DONNA FIV DA MONICA',56,30,'Touro: HAVENGER');
INSERT INTO opu_sessions (id,farm_id,data,responsavel,local,tipo) VALUES ('a81b37be-c4e2-4e41-a15c-44e026f25b9b','aaaaaaaa-0000-0000-0000-000000000001','2026-01-14','GENEAL','MONTE VERDE','REALIZADA');
INSERT INTO aspirations (id,farm_id,session_id,doadora_id,doadora_nome,oocitos_viaveis,embryos_congelados,observacoes) VALUES ('36af173f-0ebc-4625-85b9-1473f61ed4e4','aaaaaaaa-0000-0000-0000-000000000001','a81b37be-c4e2-4e41-a15c-44e026f25b9b','460141d8-0e29-4822-aec1-aae3bdad2915','DALYA FIV CRL',NULL,13,'Touro: KABUL');

-- ══════════════════════════════════════════
-- 5. ASPIRAÇÕES COMPRADAS
-- ══════════════════════════════════════════

INSERT INTO opu_sessions (id,farm_id,data,laboratorio,responsavel,local,tipo) VALUES ('489ff760-096a-4dac-9b8e-1c0dfe58d94f','aaaaaaaa-0000-0000-0000-000000000001',CURRENT_DATE,NULL,NULL,'SE AGROPECUARIA','COMPRADA');
INSERT INTO aspirations (id,farm_id,session_id,doadora_id,doadora_nome,touro_nome,oocitos_viaveis,embryos_congelados,observacoes) VALUES ('a6573178-951d-436b-8509-7d3add74cb68','aaaaaaaa-0000-0000-0000-000000000001','489ff760-096a-4dac-9b8e-1c0dfe58d94f','3363cfc6-ae63-4784-aae0-aba3f4d86f6c','HERINGER SERENNA3 FIV','LANDAU DA DI GENIO',NULL,NULL,'P+ DG +60 DIAS');
INSERT INTO opu_sessions (id,farm_id,data,laboratorio,responsavel,local,tipo) VALUES ('f6c5a641-a155-4f17-8041-6df33164ff0c','aaaaaaaa-0000-0000-0000-000000000001',CURRENT_DATE,NULL,NULL,'SE AGROPECUARIA','COMPRADA');
INSERT INTO aspirations (id,farm_id,session_id,doadora_id,doadora_nome,touro_nome,oocitos_viaveis,embryos_congelados,observacoes) VALUES ('a34642e5-1fee-4056-8bbf-06b2c374fa47','aaaaaaaa-0000-0000-0000-000000000001','f6c5a641-a155-4f17-8041-6df33164ff0c',NULL,'COLOMBIANA FIV MPERBONI','LANDAU DA DI GENIO',NULL,NULL,'P+ DG +60 DIAS');
INSERT INTO opu_sessions (id,farm_id,data,laboratorio,responsavel,local,tipo) VALUES ('ff46b7da-d97a-4e30-8310-e3865ad5ec02','aaaaaaaa-0000-0000-0000-000000000001',CURRENT_DATE,NULL,NULL,'SE AGROPECUARIA','COMPRADA');
INSERT INTO aspirations (id,farm_id,session_id,doadora_id,doadora_nome,touro_nome,oocitos_viaveis,embryos_congelados,observacoes) VALUES ('e251cbdf-53c1-4b18-a376-5b16168bd1f4','aaaaaaaa-0000-0000-0000-000000000001','ff46b7da-d97a-4e30-8310-e3865ad5ec02','93ec31c9-5533-4153-991a-05be91651b6c','TABITA FIV','LANDAU DA DI GENIO',NULL,NULL,'P+ DG +60 DIAS');
INSERT INTO opu_sessions (id,farm_id,data,laboratorio,responsavel,local,tipo) VALUES ('7df142a9-fbfa-49cd-850f-6247140cbaed','aaaaaaaa-0000-0000-0000-000000000001',CURRENT_DATE,NULL,NULL,'SE AGROPECUARIA','COMPRADA');
INSERT INTO aspirations (id,farm_id,session_id,doadora_id,doadora_nome,touro_nome,oocitos_viaveis,embryos_congelados,observacoes) VALUES ('c581cdb9-acbb-4331-89f5-2b099a0d0ba9','aaaaaaaa-0000-0000-0000-000000000001','7df142a9-fbfa-49cd-850f-6247140cbaed',NULL,'GREGA M. VERDE','LANDAU DA DI GENIO',NULL,NULL,'P+ DG +60 DIAS');
INSERT INTO opu_sessions (id,farm_id,data,laboratorio,responsavel,local,tipo) VALUES ('f89bbc73-3766-465f-a8a7-877e5c1c58c3','aaaaaaaa-0000-0000-0000-000000000001',CURRENT_DATE,NULL,NULL,'SE AGROPECUARIA','COMPRADA');
INSERT INTO aspirations (id,farm_id,session_id,doadora_id,doadora_nome,touro_nome,oocitos_viaveis,embryos_congelados,observacoes) VALUES ('e6370351-91d2-4a76-a5be-417eef32237e','aaaaaaaa-0000-0000-0000-000000000001','f89bbc73-3766-465f-a8a7-877e5c1c58c3',NULL,'KAMALA FIV FCM','BITELO DA SS',NULL,NULL,'2BM + 1BF');
INSERT INTO opu_sessions (id,farm_id,data,laboratorio,responsavel,local,tipo) VALUES ('7be3b550-b454-467e-a0bd-3b9b86037e70','aaaaaaaa-0000-0000-0000-000000000001',CURRENT_DATE,NULL,NULL,'SE AGROPECUARIA','COMPRADA');
INSERT INTO aspirations (id,farm_id,session_id,doadora_id,doadora_nome,touro_nome,oocitos_viaveis,embryos_congelados,observacoes) VALUES ('b75f90b9-d650-451a-bba5-e1aacfbf315c','aaaaaaaa-0000-0000-0000-000000000001','7be3b550-b454-467e-a0bd-3b9b86037e70','626e9e81-2a84-4513-a094-5618062b04ee','ANGELIKI FIV TRES MONTES','BITELO DA SS',NULL,NULL,'2BF + 1BM');
INSERT INTO opu_sessions (id,farm_id,data,laboratorio,responsavel,local,tipo) VALUES ('51fef220-64eb-4a97-9eb6-85cb5a53e026','aaaaaaaa-0000-0000-0000-000000000001',CURRENT_DATE,NULL,NULL,'SE AGROPECUARIA','COMPRADA');
INSERT INTO aspirations (id,farm_id,session_id,doadora_id,doadora_nome,touro_nome,oocitos_viaveis,embryos_congelados,observacoes) VALUES ('6beb09c2-7eb0-4358-bf5a-8e0479987b4f','aaaaaaaa-0000-0000-0000-000000000001','51fef220-64eb-4a97-9eb6-85cb5a53e026',NULL,'TERNURA FIV M. VERDE','OPOSITOR',NULL,NULL,'1 BF');
INSERT INTO opu_sessions (id,farm_id,data,laboratorio,responsavel,local,tipo) VALUES ('fbfdeec2-220a-4049-94c2-8bddd4c2cc6c','aaaaaaaa-0000-0000-0000-000000000001',CURRENT_DATE,NULL,NULL,'SE AGROPECUARIA','COMPRADA');
INSERT INTO aspirations (id,farm_id,session_id,doadora_id,doadora_nome,touro_nome,oocitos_viaveis,embryos_congelados,observacoes) VALUES ('b61c8c61-c4b1-47e2-a5e4-abaefa2ad788','aaaaaaaa-0000-0000-0000-000000000001','fbfdeec2-220a-4049-94c2-8bddd4c2cc6c','da0057ba-73d1-452a-8e36-1ed09fe23436','BATHINDA 1 FIV DA FAZ.VITORIA','LANDAU DA DI GENIO',NULL,NULL,'1 BM');
INSERT INTO opu_sessions (id,farm_id,data,laboratorio,responsavel,local,tipo) VALUES ('ecf5b4a3-b833-4e9b-98c2-9d92a9476a53','aaaaaaaa-0000-0000-0000-000000000001',CURRENT_DATE,NULL,NULL,'FAZ. ELDORADO (RONALDO)','COMPRADA');
INSERT INTO aspirations (id,farm_id,session_id,doadora_id,doadora_nome,touro_nome,oocitos_viaveis,embryos_congelados,observacoes) VALUES ('6ac0bbee-8c13-4d70-a1c9-ccd58fa22290','aaaaaaaa-0000-0000-0000-000000000001','ecf5b4a3-b833-4e9b-98c2-9d92a9476a53',NULL,'EPIFANIA FIV XUAB (XUAB466)','BITELO DA SS',NULL,NULL,'P+ 60D');
INSERT INTO opu_sessions (id,farm_id,data,laboratorio,responsavel,local,tipo) VALUES ('b72bf21b-3dd8-4c04-9a60-7a8ff20b9828','aaaaaaaa-0000-0000-0000-000000000001',CURRENT_DATE,NULL,NULL,'FAZ. ELDORADO (RONALDO)','COMPRADA');
INSERT INTO aspirations (id,farm_id,session_id,doadora_id,doadora_nome,touro_nome,oocitos_viaveis,embryos_congelados,observacoes) VALUES ('0f378391-52d8-43c8-917a-1f986368f985','aaaaaaaa-0000-0000-0000-000000000001','b72bf21b-3dd8-4c04-9a60-7a8ff20b9828',NULL,'ESPN ORTIGIA (ESPN3419)','KAYAK',NULL,NULL,'P+ 60D');
INSERT INTO opu_sessions (id,farm_id,data,laboratorio,responsavel,local,tipo) VALUES ('db7eb9ab-f7d1-4a17-b484-fc9ce1afd57d','aaaaaaaa-0000-0000-0000-000000000001',CURRENT_DATE,NULL,NULL,'FAZ. ELDORADO (RONALDO)','COMPRADA');
INSERT INTO aspirations (id,farm_id,session_id,doadora_id,doadora_nome,touro_nome,oocitos_viaveis,embryos_congelados,observacoes) VALUES ('74758894-3c1c-4b16-89aa-a300ae6d0a41','aaaaaaaa-0000-0000-0000-000000000001','db7eb9ab-f7d1-4a17-b484-fc9ce1afd57d',NULL,'PEROLA FIV MOGYANA (FRGM883)','BITELO DA SS',NULL,NULL,'P+ 60D');
INSERT INTO opu_sessions (id,farm_id,data,laboratorio,responsavel,local,tipo) VALUES ('3e5cdb07-1dad-4314-acfa-d6ef6a30e5b8','aaaaaaaa-0000-0000-0000-000000000001',CURRENT_DATE,NULL,NULL,'FAZ. ELDORADO (RONALDO)','COMPRADA');
INSERT INTO aspirations (id,farm_id,session_id,doadora_id,doadora_nome,touro_nome,oocitos_viaveis,embryos_congelados,observacoes) VALUES ('5e23ba17-7db0-46d4-93cb-fe0b0244d8d9','aaaaaaaa-0000-0000-0000-000000000001','3e5cdb07-1dad-4314-acfa-d6ef6a30e5b8',NULL,'ESPN PINOCCHIA (ESPN3629)','KAYAK',NULL,NULL,'P+ 60D');
INSERT INTO opu_sessions (id,farm_id,data,laboratorio,responsavel,local,tipo) VALUES ('6039c706-7307-4215-88a2-ef385460ec32','aaaaaaaa-0000-0000-0000-000000000001',CURRENT_DATE,NULL,NULL,NULL,'COMPRADA');
INSERT INTO aspirations (id,farm_id,session_id,doadora_id,doadora_nome,touro_nome,oocitos_viaveis,embryos_congelados,observacoes) VALUES ('a9fd52da-c3fe-4b36-83f2-1ec8139f6353','aaaaaaaa-0000-0000-0000-000000000001','6039c706-7307-4215-88a2-ef385460ec32',NULL,'HALLIANYIII FIV LINCE',NULL,NULL,NULL,NULL);
INSERT INTO opu_sessions (id,farm_id,data,laboratorio,responsavel,local,tipo) VALUES ('228a88b0-e3c1-4425-b828-a9923d05ba3f','aaaaaaaa-0000-0000-0000-000000000001','2025-08-05','IGOR SERON / GETAGEN','IGOR SERON / GETAGEN','CENTRAL BENESI (UBERABA)','COMPRADA');
INSERT INTO aspirations (id,farm_id,session_id,doadora_id,doadora_nome,touro_nome,oocitos_viaveis,embryos_congelados,observacoes) VALUES ('41df53ac-66a9-437e-9135-83229bbcb468','aaaaaaaa-0000-0000-0000-000000000001','228a88b0-e3c1-4425-b828-a9923d05ba3f',NULL,'ESLOVENIA FIV HRO','LANDAU DA DI GENIO',88.0,15,'15 EMBRIÕES COM LANDAU TN3(SEX)');
INSERT INTO opu_sessions (id,farm_id,data,laboratorio,responsavel,local,tipo) VALUES ('b2d45e06-8d97-4d62-ad05-7d4a3b1ad27a','aaaaaaaa-0000-0000-0000-000000000001',CURRENT_DATE,NULL,NULL,NULL,'COMPRADA');
INSERT INTO aspirations (id,farm_id,session_id,doadora_id,doadora_nome,touro_nome,oocitos_viaveis,embryos_congelados,observacoes) VALUES ('128494af-747b-445f-908f-259aa4bd3998','aaaaaaaa-0000-0000-0000-000000000001','b2d45e06-8d97-4d62-ad05-7d4a3b1ad27a',NULL,'JAPONEZA FIV AL CANAA',NULL,NULL,NULL,NULL);
INSERT INTO opu_sessions (id,farm_id,data,laboratorio,responsavel,local,tipo) VALUES ('f6421ba8-9539-4f1b-95f9-92a242cd4c3e','aaaaaaaa-0000-0000-0000-000000000001','2025-10-07',NULL,NULL,'CENTRAL DA RAÇA (UBERABA)','COMPRADA');
INSERT INTO aspirations (id,farm_id,session_id,doadora_id,doadora_nome,touro_nome,oocitos_viaveis,embryos_congelados,observacoes) VALUES ('053f302d-dba7-4de9-a3c6-fa8ba66f447a','aaaaaaaa-0000-0000-0000-000000000001','f6421ba8-9539-4f1b-95f9-92a242cd4c3e',NULL,'HALLELUJAH FIV AL CANAA','KAYAK',77.0,31,NULL);
INSERT INTO opu_sessions (id,farm_id,data,laboratorio,responsavel,local,tipo) VALUES ('08748667-5782-459d-b813-71b0cf64a2b0','aaaaaaaa-0000-0000-0000-000000000001','2025-10-30','IGOR SERON / GETAGEN','IGOR SERON / GETAGEN','CENTRAL BENESI (UBERABA)','COMPRADA');
INSERT INTO aspirations (id,farm_id,session_id,doadora_id,doadora_nome,touro_nome,oocitos_viaveis,embryos_congelados,observacoes) VALUES ('4601d0aa-0c6e-40de-9487-f342dc01adf5','aaaaaaaa-0000-0000-0000-000000000001','08748667-5782-459d-b813-71b0cf64a2b0',NULL,'CAMILA FIV CRL','BOBY HRO (F)',23.0,10,NULL);
INSERT INTO opu_sessions (id,farm_id,data,laboratorio,responsavel,local,tipo) VALUES ('cdbb5f85-47c4-4ba8-ad4b-ee289a50dae7','aaaaaaaa-0000-0000-0000-000000000001','2025-10-07','GENEAL','GENEAL','CENTRAL DA RAÇA (UBERABA)','COMPRADA');
INSERT INTO aspirations (id,farm_id,session_id,doadora_id,doadora_nome,touro_nome,oocitos_viaveis,embryos_congelados,observacoes) VALUES ('733167e7-021a-48e2-a05a-a1cb067d5a9e','aaaaaaaa-0000-0000-0000-000000000001','cdbb5f85-47c4-4ba8-ad4b-ee289a50dae7','460141d8-0e29-4822-aec1-aae3bdad2915','DALYA FIV CRL','KAYAK',89.0,43,NULL);

-- ══════════════════════════════════════════
-- 6. EMBRIÕES E TRANSFERÊNCIAS (aba EMBRIÕES)
-- ══════════════════════════════════════════

INSERT INTO opu_sessions (id,farm_id,data,responsavel,tipo) VALUES ('93e654bb-9e41-4884-9bbd-383a97a81c75','aaaaaaaa-0000-0000-0000-000000000001','2024-10-24','S/I','REALIZADA');
INSERT INTO aspirations (id,farm_id,session_id,doadora_id,doadora_nome,touro_nome) VALUES ('45f18bc1-1067-4446-9e4b-460a2f2b2b3f','aaaaaaaa-0000-0000-0000-000000000001','93e654bb-9e41-4884-9bbd-383a97a81c75',NULL,'FOUNDA FIV M.VERDE (ISPU 5842)','BOBY HRO');
INSERT INTO embryos (id,farm_id,aspiration_id,numero_cdc_fiv,numero_adt_te,sexagem,status,observacoes) VALUES ('771411b4-6fea-4ae0-bbe3-c8ffcb9d8d21','aaaaaaaa-0000-0000-0000-000000000001','45f18bc1-1067-4446-9e4b-460a2f2b2b3f','440708.0','AGROBILARA','FEMEA','IMPLANTADO','CDC-FIV: 440708.0 | ADT-TE: AGROBILARA | DNA: Não | Nome: ANNE FIV DA SE AGRO | RGN: SMEF 2');
INSERT INTO transfers (id,farm_id,embryo_id,responsavel,data_te) VALUES ('7a713104-39ba-4379-9ee8-fb86e20d2a92','aaaaaaaa-0000-0000-0000-000000000001','771411b4-6fea-4ae0-bbe3-c8ffcb9d8d21','S/I','2024-10-24');
INSERT INTO pregnancy_diagnoses (id,farm_id,transfer_id,data_dg,resultado,data_previsao_parto) VALUES ('a1d71576-e8e5-495a-9a02-d1e0504264db','aaaaaaaa-0000-0000-0000-000000000001','7a713104-39ba-4379-9ee8-fb86e20d2a92','2025-08-07','POSITIVO','2025-08-07');
INSERT INTO opu_sessions (id,farm_id,data,responsavel,tipo) VALUES ('3c2c51d9-9a10-4e7c-93b1-01737288e1a8','aaaaaaaa-0000-0000-0000-000000000001','2024-11-07','JULIANO','REALIZADA');
INSERT INTO aspirations (id,farm_id,session_id,doadora_id,doadora_nome,touro_nome) VALUES ('f0f35e4d-745c-48d4-a756-04533115dfca','aaaaaaaa-0000-0000-0000-000000000001','3c2c51d9-9a10-4e7c-93b1-01737288e1a8',NULL,'ISANA 2 (CGAL2529)','KAYAK');
INSERT INTO embryos (id,farm_id,aspiration_id,numero_cdc_fiv,numero_adt_te,sexagem,status,observacoes) VALUES ('77fed609-2910-48a3-803d-ee135a63ff17','aaaaaaaa-0000-0000-0000-000000000001','f0f35e4d-745c-48d4-a756-04533115dfca','460502.0','VICENTE','FEMEA','IMPLANTADO','CDC-FIV: 460502.0 | ADT-TE: VICENTE | DNA: Não | Nome: KARLOTA FIV DA SE AGRO | RGN: SMEF 5');
INSERT INTO transfers (id,farm_id,embryo_id,responsavel,data_te) VALUES ('506417c4-0d0c-4cf7-9de7-c1462cc20549','aaaaaaaa-0000-0000-0000-000000000001','77fed609-2910-48a3-803d-ee135a63ff17','JULIANO','2024-11-07');
INSERT INTO pregnancy_diagnoses (id,farm_id,transfer_id,data_dg,resultado,data_previsao_parto) VALUES ('d0301b44-8c60-4bc6-a9a8-cfe6e08cf2aa','aaaaaaaa-0000-0000-0000-000000000001','506417c4-0d0c-4cf7-9de7-c1462cc20549','2025-08-25','POSITIVO','2025-08-25');
INSERT INTO opu_sessions (id,farm_id,data,responsavel,tipo) VALUES ('d700253d-d861-4d01-b258-329b808e3e3b','aaaaaaaa-0000-0000-0000-000000000001','2024-11-07','JULIANO','REALIZADA');
INSERT INTO aspirations (id,farm_id,session_id,doadora_id,doadora_nome,touro_nome) VALUES ('eeda603b-df1a-45db-8c65-b264269fd6fe','aaaaaaaa-0000-0000-0000-000000000001','d700253d-d861-4d01-b258-329b808e3e3b',NULL,'KYT BEMBECA (KYT2201)','LANDAU');
INSERT INTO embryos (id,farm_id,aspiration_id,numero_cdc_fiv,numero_adt_te,sexagem,status,observacoes) VALUES ('e88ef48a-e053-4f16-86b1-8461d1a61d49','aaaaaaaa-0000-0000-0000-000000000001','eeda603b-df1a-45db-8c65-b264269fd6fe','460425.0','AGROBILARA','FEMEA','IMPLANTADO','CDC-FIV: 460425.0 | ADT-TE: AGROBILARA | DNA: Não | Nome: KARENINA FIV DA SE AGRO | RGN: SMEF 7');
INSERT INTO transfers (id,farm_id,embryo_id,responsavel,data_te) VALUES ('bbe089d3-ef6d-4288-b57a-e60d8a822154','aaaaaaaa-0000-0000-0000-000000000001','e88ef48a-e053-4f16-86b1-8461d1a61d49','JULIANO','2024-11-07');
INSERT INTO pregnancy_diagnoses (id,farm_id,transfer_id,data_dg,resultado,data_previsao_parto) VALUES ('b3b2c98b-1b49-44b5-b727-30a0a5eb746a','aaaaaaaa-0000-0000-0000-000000000001','bbe089d3-ef6d-4288-b57a-e60d8a822154','2025-09-10','POSITIVO','2025-09-10');
INSERT INTO opu_sessions (id,farm_id,data,responsavel,tipo) VALUES ('04b39668-b0e5-4edd-b288-1acd094f6fdf','aaaaaaaa-0000-0000-0000-000000000001','2024-11-07','JULIANO','REALIZADA');
INSERT INTO aspirations (id,farm_id,session_id,doadora_id,doadora_nome,touro_nome) VALUES ('5b1005cc-958c-4fbf-86a1-5bafb8bb25d5','aaaaaaaa-0000-0000-0000-000000000001','04b39668-b0e5-4edd-b288-1acd094f6fdf',NULL,'FIRALNA (ISPK9891)','KAYAK');
INSERT INTO embryos (id,farm_id,aspiration_id,numero_cdc_fiv,numero_adt_te,sexagem,status,observacoes) VALUES ('45668ee5-3046-48fd-ac1d-dda164a2d4f6','aaaaaaaa-0000-0000-0000-000000000001','5b1005cc-958c-4fbf-86a1-5bafb8bb25d5','460311.0','CICINATO','MACHO','IMPLANTADO','CDC-FIV: 460311.0 | ADT-TE: CICINATO | DNA: Não | Nome: AUGUSTO FIV DA SE AGRO | RGN: SMEF 9');
INSERT INTO transfers (id,farm_id,embryo_id,responsavel,data_te) VALUES ('541a2ab4-8cd8-4bf2-a553-5de3e79bae5f','aaaaaaaa-0000-0000-0000-000000000001','45668ee5-3046-48fd-ac1d-dda164a2d4f6','JULIANO','2024-11-07');
INSERT INTO pregnancy_diagnoses (id,farm_id,transfer_id,data_dg,resultado,data_previsao_parto) VALUES ('11696c0c-0f4e-44f2-891b-bd6d60539a78','aaaaaaaa-0000-0000-0000-000000000001','541a2ab4-8cd8-4bf2-a553-5de3e79bae5f','2025-09-16','POSITIVO','2025-09-16');
INSERT INTO embryos (id,farm_id,aspiration_id,numero_cdc_fiv,numero_adt_te,sexagem,status,observacoes) VALUES ('e480e400-7c23-48fa-8706-28bd81ac9306','aaaaaaaa-0000-0000-0000-000000000001','5b1005cc-958c-4fbf-86a1-5bafb8bb25d5','460311.0','CICINATO','MACHO','IMPLANTADO','CDC-FIV: 460311.0 | ADT-TE: CICINATO | DNA: Não | Nome: ARAUTO FIV DA SE AGRO | RGN: SMEF 11');
INSERT INTO transfers (id,farm_id,embryo_id,responsavel,data_te) VALUES ('3ae0210d-f3d6-4cc7-9a20-a83415b07684','aaaaaaaa-0000-0000-0000-000000000001','e480e400-7c23-48fa-8706-28bd81ac9306','JULIANO','2024-11-07');
INSERT INTO pregnancy_diagnoses (id,farm_id,transfer_id,data_dg,resultado,data_previsao_parto) VALUES ('03157187-465f-4cd2-9a88-4f73c270280e','aaaaaaaa-0000-0000-0000-000000000001','3ae0210d-f3d6-4cc7-9a20-a83415b07684','2025-08-25','POSITIVO','2025-08-25');
INSERT INTO embryos (id,farm_id,aspiration_id,numero_cdc_fiv,numero_adt_te,sexagem,status,observacoes) VALUES ('ac8181ac-8618-4552-903f-bed294f29ad7','aaaaaaaa-0000-0000-0000-000000000001','5b1005cc-958c-4fbf-86a1-5bafb8bb25d5','460311.0','CICINATO','MACHO','IMPLANTADO','CDC-FIV: 460311.0 | ADT-TE: CICINATO | DNA: Não | Nome: APOLO FIV DA SE AGRO | RGN: SMEF 8');
INSERT INTO transfers (id,farm_id,embryo_id,responsavel,data_te) VALUES ('ba37c407-ee2e-41d6-b6fb-f071ac1592fc','aaaaaaaa-0000-0000-0000-000000000001','ac8181ac-8618-4552-903f-bed294f29ad7','JULIANO','2024-11-07');
INSERT INTO pregnancy_diagnoses (id,farm_id,transfer_id,data_dg,resultado,data_previsao_parto) VALUES ('621d1ddc-0fdb-492c-9ca8-8e652885840c','aaaaaaaa-0000-0000-0000-000000000001','ba37c407-ee2e-41d6-b6fb-f071ac1592fc','2025-09-05','POSITIVO','2025-09-05');
INSERT INTO embryos (id,farm_id,aspiration_id,numero_cdc_fiv,numero_adt_te,sexagem,status,observacoes) VALUES ('784edd0b-5224-458d-bf1f-fcf381548932','aaaaaaaa-0000-0000-0000-000000000001','5b1005cc-958c-4fbf-86a1-5bafb8bb25d5','460311.0','CICINATO','FEMEA','IMPLANTADO','CDC-FIV: 460311.0 | ADT-TE: CICINATO | DNA: Não | Nome: FIRALNA FIV DA SE AGRO | RGN: SMEF 10');
INSERT INTO transfers (id,farm_id,embryo_id,responsavel,data_te) VALUES ('0e7ac6df-8d8a-4cf3-be82-acd18a0c8c51','aaaaaaaa-0000-0000-0000-000000000001','784edd0b-5224-458d-bf1f-fcf381548932','JULIANO','2024-11-07');
INSERT INTO pregnancy_diagnoses (id,farm_id,transfer_id,data_dg,resultado,data_previsao_parto) VALUES ('4761dea3-9484-4963-abed-f46cef005d00','aaaaaaaa-0000-0000-0000-000000000001','0e7ac6df-8d8a-4cf3-be82-acd18a0c8c51','2025-09-17','POSITIVO','2025-09-17');
INSERT INTO embryos (id,farm_id,aspiration_id,numero_cdc_fiv,numero_adt_te,sexagem,status,observacoes) VALUES ('9136831d-cec9-462e-854c-a828f230822d','aaaaaaaa-0000-0000-0000-000000000001','f0f35e4d-745c-48d4-a756-04533115dfca','460502.0','VICENTE','FEMEA','IMPLANTADO','CDC-FIV: 460502.0 | ADT-TE: VICENTE | DNA: Não | Nome: KAREN FIV DA SE AGRO | RGN: SMEF 6');
INSERT INTO transfers (id,farm_id,embryo_id,responsavel,data_te) VALUES ('b66e95e8-0a06-47ff-a924-ebf524370b0d','aaaaaaaa-0000-0000-0000-000000000001','9136831d-cec9-462e-854c-a828f230822d','JULIANO','2024-11-07');
INSERT INTO pregnancy_diagnoses (id,farm_id,transfer_id,data_dg,resultado,data_previsao_parto) VALUES ('995d208f-4cd0-4b98-8a1f-76412a659280','aaaaaaaa-0000-0000-0000-000000000001','b66e95e8-0a06-47ff-a924-ebf524370b0d','2025-09-05','POSITIVO','2025-09-05');
INSERT INTO opu_sessions (id,farm_id,data,responsavel,tipo) VALUES ('97c2f6cf-b850-4992-98ca-fdc6344fb8f7','aaaaaaaa-0000-0000-0000-000000000001','2025-01-21','CHICÃO','REALIZADA');
INSERT INTO aspirations (id,farm_id,session_id,doadora_id,doadora_nome,touro_nome) VALUES ('b773ed70-e7dd-48c5-94c3-6cf39a2a0fbd','aaaaaaaa-0000-0000-0000-000000000001','97c2f6cf-b850-4992-98ca-fdc6344fb8f7',NULL,'TABITA (TJS 33)','LANDAU');
INSERT INTO embryos (id,farm_id,aspiration_id,numero_cdc_fiv,numero_adt_te,sexagem,status,observacoes) VALUES ('4376f16f-8b0f-4f16-9942-75172184a690','aaaaaaaa-0000-0000-0000-000000000001','b773ed70-e7dd-48c5-94c3-6cf39a2a0fbd','467911.0','TIRELLO','FEMEA','IMPLANTADO','CDC-FIV: 467911.0 | ADT-TE: TIRELLO | DNA: Não | Nome: KERIDA FIV DA SE AGRO | RGN: SMEF 13');
INSERT INTO transfers (id,farm_id,embryo_id,responsavel,data_te) VALUES ('fb9162d4-d992-4817-9239-ca517ede1e52','aaaaaaaa-0000-0000-0000-000000000001','4376f16f-8b0f-4f16-9942-75172184a690','CHICÃO','2025-01-21');
INSERT INTO pregnancy_diagnoses (id,farm_id,transfer_id,data_dg,resultado,data_previsao_parto) VALUES ('ec8c90c5-f91a-40cd-9dce-394893068272','aaaaaaaa-0000-0000-0000-000000000001','fb9162d4-d992-4817-9239-ca517ede1e52','2025-12-24','POSITIVO','2025-12-24');
INSERT INTO opu_sessions (id,farm_id,data,responsavel,tipo) VALUES ('f7b0af06-6804-4d27-b1cf-c1780e47260e','aaaaaaaa-0000-0000-0000-000000000001','2025-01-21','CHICÃO','REALIZADA');
INSERT INTO aspirations (id,farm_id,session_id,doadora_id,doadora_nome,touro_nome) VALUES ('5c380400-1816-49de-93db-d53392d3c5ac','aaaaaaaa-0000-0000-0000-000000000001','f7b0af06-6804-4d27-b1cf-c1780e47260e',NULL,'COLOMBIANA (MPER 120)','LANDAU');
INSERT INTO embryos (id,farm_id,aspiration_id,numero_cdc_fiv,numero_adt_te,sexagem,status,observacoes) VALUES ('6a3790da-3e65-4e12-be83-8240014a9025','aaaaaaaa-0000-0000-0000-000000000001','5c380400-1816-49de-93db-d53392d3c5ac','468291.0','JM','FEMEA','IMPLANTADO','CDC-FIV: 468291.0 | ADT-TE: JM | DNA: Não | Nome: AMERICANA FIV DA SE AGRO | RGN: SMEF 17');
INSERT INTO transfers (id,farm_id,embryo_id,responsavel,data_te) VALUES ('dd94845e-16d0-423e-8edf-83eda1e6070e','aaaaaaaa-0000-0000-0000-000000000001','6a3790da-3e65-4e12-be83-8240014a9025','CHICÃO','2025-01-21');
INSERT INTO pregnancy_diagnoses (id,farm_id,transfer_id,data_dg,resultado,data_previsao_parto) VALUES ('6d897fa5-80d5-472d-93ae-c07df79d99e4','aaaaaaaa-0000-0000-0000-000000000001','dd94845e-16d0-423e-8edf-83eda1e6070e','2025-12-20','POSITIVO','2025-12-20');
INSERT INTO embryos (id,farm_id,aspiration_id,numero_cdc_fiv,numero_adt_te,sexagem,status,observacoes) VALUES ('3f4f1b21-21dc-4f36-839b-0990ebcc8019','aaaaaaaa-0000-0000-0000-000000000001','5c380400-1816-49de-93db-d53392d3c5ac','468291.0','JM','FEMEA','IMPLANTADO','CDC-FIV: 468291.0 | ADT-TE: JM | DNA: Não | Nome: AMERICA FIV DA SE AGRO | RGN: SMEF 18');
INSERT INTO transfers (id,farm_id,embryo_id,responsavel,data_te) VALUES ('991c3fd7-5279-407a-9c60-1cb52e7d1d20','aaaaaaaa-0000-0000-0000-000000000001','3f4f1b21-21dc-4f36-839b-0990ebcc8019','CHICÃO','2025-01-21');
INSERT INTO pregnancy_diagnoses (id,farm_id,transfer_id,data_dg,resultado,data_previsao_parto) VALUES ('ce6a1ee0-451c-44c4-9efb-6572b10c5456','aaaaaaaa-0000-0000-0000-000000000001','991c3fd7-5279-407a-9c60-1cb52e7d1d20','2025-12-21','POSITIVO','2025-12-21');
INSERT INTO embryos (id,farm_id,aspiration_id,numero_cdc_fiv,numero_adt_te,sexagem,status,observacoes) VALUES ('98307135-7e39-4121-8ec0-c30715fa09b1','aaaaaaaa-0000-0000-0000-000000000001','b773ed70-e7dd-48c5-94c3-6cf39a2a0fbd','467911.0','TIRELLO','FEMEA','IMPLANTADO','CDC-FIV: 467911.0 | ADT-TE: TIRELLO | DNA: Não | Nome: KERIDISSIMA FIV DA SE AGRO | RGN: SMEF 15');
INSERT INTO transfers (id,farm_id,embryo_id,responsavel,data_te) VALUES ('b2007df9-225e-4c62-bb23-37e2a567c074','aaaaaaaa-0000-0000-0000-000000000001','98307135-7e39-4121-8ec0-c30715fa09b1','CHICÃO','2025-01-21');
INSERT INTO pregnancy_diagnoses (id,farm_id,transfer_id,data_dg,resultado,data_previsao_parto) VALUES ('84ac2b3a-ecbb-4908-bcbc-9f7ac22c5a49','aaaaaaaa-0000-0000-0000-000000000001','b2007df9-225e-4c62-bb23-37e2a567c074','2025-12-22','POSITIVO','2025-12-22');
INSERT INTO embryos (id,farm_id,aspiration_id,numero_cdc_fiv,numero_adt_te,sexagem,status,observacoes) VALUES ('97f8f66b-2b74-4f5a-9596-3af30d0570b0','aaaaaaaa-0000-0000-0000-000000000001','5c380400-1816-49de-93db-d53392d3c5ac','468291.0','JM','MACHO','IMPLANTADO','CDC-FIV: 468291.0 | ADT-TE: JM | DNA: Não | Nome: AMERICANO FIV DA SE AGRO | RGN: SMEF 19');
INSERT INTO transfers (id,farm_id,embryo_id,responsavel,data_te) VALUES ('4b8e8a74-7a31-415e-8aaf-19d71cbdc1fd','aaaaaaaa-0000-0000-0000-000000000001','97f8f66b-2b74-4f5a-9596-3af30d0570b0','CHICÃO','2025-01-21');
INSERT INTO pregnancy_diagnoses (id,farm_id,transfer_id,data_dg,resultado,data_previsao_parto) VALUES ('bc6dc95c-3dc5-4b3b-a901-8a1fac97365d','aaaaaaaa-0000-0000-0000-000000000001','4b8e8a74-7a31-415e-8aaf-19d71cbdc1fd','2025-12-19','POSITIVO','2025-12-19');
INSERT INTO embryos (id,farm_id,aspiration_id,numero_cdc_fiv,numero_adt_te,sexagem,status,observacoes) VALUES ('187b3941-bc7b-4fcc-90d2-0f7612039fb8','aaaaaaaa-0000-0000-0000-000000000001','b773ed70-e7dd-48c5-94c3-6cf39a2a0fbd','467911.0','TIRELLO','MACHO','IMPLANTADO','CDC-FIV: 467911.0 | ADT-TE: TIRELLO | DNA: Não | Nome: KERIDO FIV DA SE AGRO | RGN: SMEF 14');
INSERT INTO transfers (id,farm_id,embryo_id,responsavel,data_te) VALUES ('e7a13e24-e01f-46b5-9355-2d023a0bd2f7','aaaaaaaa-0000-0000-0000-000000000001','187b3941-bc7b-4fcc-90d2-0f7612039fb8','CHICÃO','2025-01-21');
INSERT INTO pregnancy_diagnoses (id,farm_id,transfer_id,data_dg,resultado,data_previsao_parto) VALUES ('6c9d2a8a-c66a-472a-be9c-1808759f854c','aaaaaaaa-0000-0000-0000-000000000001','e7a13e24-e01f-46b5-9355-2d023a0bd2f7','2025-12-24','POSITIVO','2025-12-24');
INSERT INTO embryos (id,farm_id,aspiration_id,numero_cdc_fiv,numero_adt_te,sexagem,status,observacoes) VALUES ('fac3437b-d35d-48b9-aa27-1acabf9e3017','aaaaaaaa-0000-0000-0000-000000000001','5c380400-1816-49de-93db-d53392d3c5ac','468291.0','JM','FEMEA','IMPLANTADO','CDC-FIV: 468291.0 | ADT-TE: JM | DNA: Não | Nome: COLUMBINA FIV DA SE AGRO | RGN: SMEF 20');
INSERT INTO transfers (id,farm_id,embryo_id,responsavel,data_te) VALUES ('c2fe6414-68e6-4332-ad2b-33f6e8b00bba','aaaaaaaa-0000-0000-0000-000000000001','fac3437b-d35d-48b9-aa27-1acabf9e3017','CHICÃO','2025-01-21');
INSERT INTO pregnancy_diagnoses (id,farm_id,transfer_id,data_dg,resultado,data_previsao_parto) VALUES ('85fc0d6e-99e5-4f2a-b47c-039388a150a6','aaaaaaaa-0000-0000-0000-000000000001','c2fe6414-68e6-4332-ad2b-33f6e8b00bba','2025-12-22','POSITIVO','2025-12-22');
INSERT INTO embryos (id,farm_id,aspiration_id,numero_cdc_fiv,numero_adt_te,sexagem,status,observacoes) VALUES ('375e0bfc-2b00-4ff7-9db6-c160209cedea','aaaaaaaa-0000-0000-0000-000000000001','b773ed70-e7dd-48c5-94c3-6cf39a2a0fbd','467911.0','TIRELLO','MACHO','IMPLANTADO','CDC-FIV: 467911.0 | ADT-TE: TIRELLO | DNA: Não | Nome: KERIDISSIMO FIV DA SE AGRO | RGN: SMEF 16');
INSERT INTO transfers (id,farm_id,embryo_id,responsavel,data_te) VALUES ('4b4bae02-b6a1-4459-bb13-6d28fbd787c1','aaaaaaaa-0000-0000-0000-000000000001','375e0bfc-2b00-4ff7-9db6-c160209cedea','CHICÃO','2025-01-21');
INSERT INTO pregnancy_diagnoses (id,farm_id,transfer_id,data_dg,resultado,data_previsao_parto) VALUES ('a4996032-87ed-4fe7-85a8-ee0debf8f529','aaaaaaaa-0000-0000-0000-000000000001','4b4bae02-b6a1-4459-bb13-6d28fbd787c1','2025-12-20','POSITIVO','2025-12-20');
INSERT INTO opu_sessions (id,farm_id,data,responsavel,tipo) VALUES ('1a4bea54-f700-4354-ac32-42ea42813569','aaaaaaaa-0000-0000-0000-000000000001','2025-01-21','CHICÃO','REALIZADA');
INSERT INTO aspirations (id,farm_id,session_id,doadora_id,doadora_nome,touro_nome) VALUES ('b2219fce-da83-4bda-939a-eafd1577613b','aaaaaaaa-0000-0000-0000-000000000001','1a4bea54-f700-4354-ac32-42ea42813569',NULL,'SERENNA3 (FHGN A8179)','LANDAU');
INSERT INTO embryos (id,farm_id,aspiration_id,numero_cdc_fiv,numero_adt_te,sexagem,status,observacoes) VALUES ('4bfaba15-ca19-48f2-91da-de3de270b4b9','aaaaaaaa-0000-0000-0000-000000000001','b2219fce-da83-4bda-939a-eafd1577613b','469545.0','DALTON HERINGER','MACHO','IMPLANTADO','CDC-FIV: 469545.0 | ADT-TE: DALTON HERINGER | DNA: Não | Nome: ATLETA FIV DA SE AGRO | RGN: SMEF 26');
INSERT INTO transfers (id,farm_id,embryo_id,responsavel,data_te) VALUES ('a0608eb5-9754-43f1-b56a-5ba8b17039cd','aaaaaaaa-0000-0000-0000-000000000001','4bfaba15-ca19-48f2-91da-de3de270b4b9','CHICÃO','2025-01-21');
INSERT INTO pregnancy_diagnoses (id,farm_id,transfer_id,data_dg,resultado,data_previsao_parto) VALUES ('12d25b58-fefa-47ae-8057-149c3c810c5d','aaaaaaaa-0000-0000-0000-000000000001','a0608eb5-9754-43f1-b56a-5ba8b17039cd','2025-12-23','POSITIVO','2025-12-23');
INSERT INTO embryos (id,farm_id,aspiration_id,numero_cdc_fiv,numero_adt_te,sexagem,status,observacoes) VALUES ('83f5eba5-7aaf-450c-95c0-4a0a43a48846','aaaaaaaa-0000-0000-0000-000000000001','5c380400-1816-49de-93db-d53392d3c5ac','468291.0','JM','FEMEA','IMPLANTADO','CDC-FIV: 468291.0 | ADT-TE: JM | DNA: Não | Nome: COLOMBIANA FIV DA SE AGRO | RGN: SMEF 21');
INSERT INTO transfers (id,farm_id,embryo_id,responsavel,data_te) VALUES ('09554391-4735-472a-a68b-e214d9bd97ab','aaaaaaaa-0000-0000-0000-000000000001','83f5eba5-7aaf-450c-95c0-4a0a43a48846','CHICÃO','2025-01-21');
INSERT INTO pregnancy_diagnoses (id,farm_id,transfer_id,data_dg,resultado,data_previsao_parto) VALUES ('6b3cc009-0a5f-4800-bfe1-3f78504f14e4','aaaaaaaa-0000-0000-0000-000000000001','09554391-4735-472a-a68b-e214d9bd97ab','2025-12-18','POSITIVO','2025-12-18');
INSERT INTO embryos (id,farm_id,aspiration_id,numero_cdc_fiv,numero_adt_te,sexagem,status,observacoes) VALUES ('ca2b66e8-317c-427f-b62c-09d1aba13796','aaaaaaaa-0000-0000-0000-000000000001','5c380400-1816-49de-93db-d53392d3c5ac','468291.0','JM','MACHO','IMPLANTADO','CDC-FIV: 468291.0 | ADT-TE: JM | DNA: Não | Nome: COLOMBIANO FIV DA SE AGRO | RGN: SMEF 22');
INSERT INTO transfers (id,farm_id,embryo_id,responsavel,data_te) VALUES ('c13e1da2-8778-4dd9-bed9-2503e9c472c8','aaaaaaaa-0000-0000-0000-000000000001','ca2b66e8-317c-427f-b62c-09d1aba13796','CHICÃO','2025-01-21');
INSERT INTO pregnancy_diagnoses (id,farm_id,transfer_id,data_dg,resultado,data_previsao_parto) VALUES ('50e46b48-4f58-4be7-bfea-0e21f690a99d','aaaaaaaa-0000-0000-0000-000000000001','c13e1da2-8778-4dd9-bed9-2503e9c472c8','2025-12-20','POSITIVO','2025-12-20');
INSERT INTO embryos (id,farm_id,aspiration_id,numero_cdc_fiv,numero_adt_te,sexagem,status,observacoes) VALUES ('3c58d559-c1bc-4ab5-9353-f76b41fcd1e5','aaaaaaaa-0000-0000-0000-000000000001','5c380400-1816-49de-93db-d53392d3c5ac','468291.0','JM','MACHO','IMPLANTADO','CDC-FIV: 468291.0 | ADT-TE: JM | DNA: Não | Nome: COLOMBO FIV DA SE AGRO | RGN: SMEF 23');
INSERT INTO transfers (id,farm_id,embryo_id,responsavel,data_te) VALUES ('8c804895-933f-4bd2-9c15-2d99b762d645','aaaaaaaa-0000-0000-0000-000000000001','3c58d559-c1bc-4ab5-9353-f76b41fcd1e5','CHICÃO','2025-01-21');
INSERT INTO pregnancy_diagnoses (id,farm_id,transfer_id,data_dg,resultado,data_previsao_parto) VALUES ('e7a1c442-49cd-4514-ba14-2a38035dc006','aaaaaaaa-0000-0000-0000-000000000001','8c804895-933f-4bd2-9c15-2d99b762d645','2025-12-19','POSITIVO','2025-12-19');
INSERT INTO embryos (id,farm_id,aspiration_id,numero_cdc_fiv,numero_adt_te,sexagem,status,observacoes) VALUES ('e1a41af1-1400-45ad-94a4-abc7245894d5','aaaaaaaa-0000-0000-0000-000000000001','5c380400-1816-49de-93db-d53392d3c5ac','468291.0','JM','FEMEA','IMPLANTADO','CDC-FIV: 468291.0 | ADT-TE: JM | DNA: Não | Nome: COLOMBIA FIV DA SE AGRO | RGN: SMEF 24');
INSERT INTO transfers (id,farm_id,embryo_id,responsavel,data_te) VALUES ('fed5a9f1-5d91-4427-94f6-532fe214fedb','aaaaaaaa-0000-0000-0000-000000000001','e1a41af1-1400-45ad-94a4-abc7245894d5','CHICÃO','2025-01-21');
INSERT INTO pregnancy_diagnoses (id,farm_id,transfer_id,data_dg,resultado,data_previsao_parto) VALUES ('275074f2-1fc9-4f57-81e7-4041e82934fd','aaaaaaaa-0000-0000-0000-000000000001','fed5a9f1-5d91-4427-94f6-532fe214fedb','2025-12-17','POSITIVO','2025-12-17');
INSERT INTO embryos (id,farm_id,aspiration_id,numero_cdc_fiv,numero_adt_te,sexagem,status,observacoes) VALUES ('9f255323-9b44-4ac1-9d9d-51b2679b918f','aaaaaaaa-0000-0000-0000-000000000001','b2219fce-da83-4bda-939a-eafd1577613b','469545.0','DALTON HERINGER','FEMEA','IMPLANTADO','CDC-FIV: 469545.0 | ADT-TE: DALTON HERINGER | DNA: Não | Nome: ATENAS FIV DA SE AGRO | RGN: SMEF 25');
INSERT INTO transfers (id,farm_id,embryo_id,responsavel,data_te) VALUES ('98ce3be8-4a9a-4b94-85d4-91a97e3a8b50','aaaaaaaa-0000-0000-0000-000000000001','9f255323-9b44-4ac1-9d9d-51b2679b918f','CHICÃO','2025-01-21');
INSERT INTO pregnancy_diagnoses (id,farm_id,transfer_id,data_dg,resultado,data_previsao_parto) VALUES ('e2b31d05-d76c-4722-9c96-dd913e4f53e8','aaaaaaaa-0000-0000-0000-000000000001','98ce3be8-4a9a-4b94-85d4-91a97e3a8b50','2025-12-22','POSITIVO','2025-12-22');
INSERT INTO opu_sessions (id,farm_id,data,responsavel,tipo) VALUES ('0de019c9-8817-47c7-8d98-9dc423b8da6c','aaaaaaaa-0000-0000-0000-000000000001','2026-06-23','CHICÃO','REALIZADA');
INSERT INTO aspirations (id,farm_id,session_id,doadora_id,doadora_nome,touro_nome) VALUES ('361c391b-27cd-473c-9a33-6fba4b7b9e3d','aaaaaaaa-0000-0000-0000-000000000001','0de019c9-8817-47c7-8d98-9dc423b8da6c',NULL,'KAMALA (FCMN 126)','BITELO SS');
INSERT INTO embryos (id,farm_id,aspiration_id,numero_cdc_fiv,numero_adt_te,sexagem,status,observacoes) VALUES ('dd6afdd9-5a4d-49ae-8f8d-2723fefbbd1e','aaaaaaaa-0000-0000-0000-000000000001','361c391b-27cd-473c-9a33-6fba4b7b9e3d','467910.0','ANT. CARVALHINHO','MACHO','IMPLANTADO','CDC-FIV: 467910.0 | ADT-TE: ANT. CARVALHINHO');
INSERT INTO transfers (id,farm_id,embryo_id,responsavel,data_te) VALUES ('007ced0a-121e-425a-bf7e-23432eeddf43','aaaaaaaa-0000-0000-0000-000000000001','dd6afdd9-5a4d-49ae-8f8d-2723fefbbd1e','CHICÃO','2026-06-23');
INSERT INTO pregnancy_diagnoses (id,farm_id,transfer_id,data_dg,resultado,data_previsao_parto) VALUES ('08f794ed-a9aa-408f-acc0-30c5b11be286','aaaaaaaa-0000-0000-0000-000000000001','007ced0a-121e-425a-bf7e-23432eeddf43','2025-02-26','POSITIVO','2025-02-26');
INSERT INTO embryos (id,farm_id,aspiration_id,numero_cdc_fiv,numero_adt_te,sexagem,status,observacoes) VALUES ('720f29cc-47ee-488f-9556-eb0945a8a463','aaaaaaaa-0000-0000-0000-000000000001','361c391b-27cd-473c-9a33-6fba4b7b9e3d','467910.0','ANT. CARVALHINHO','MACHO','IMPLANTADO','CDC-FIV: 467910.0 | ADT-TE: ANT. CARVALHINHO');
INSERT INTO transfers (id,farm_id,embryo_id,responsavel,data_te) VALUES ('4adb235b-6195-453c-b4eb-4393b6fe4ffa','aaaaaaaa-0000-0000-0000-000000000001','720f29cc-47ee-488f-9556-eb0945a8a463','CHICÃO','2026-06-23');
INSERT INTO pregnancy_diagnoses (id,farm_id,transfer_id,data_dg,resultado,data_previsao_parto) VALUES ('b2688b44-2eff-4bab-a191-041f7007ef47','aaaaaaaa-0000-0000-0000-000000000001','4adb235b-6195-453c-b4eb-4393b6fe4ffa','2026-02-28','POSITIVO','2026-02-28');
INSERT INTO opu_sessions (id,farm_id,data,responsavel,tipo) VALUES ('a35621b5-ff93-4d49-be06-20c4c4d8fc6a','aaaaaaaa-0000-0000-0000-000000000001','2026-06-23','CHICÃO','REALIZADA');
INSERT INTO aspirations (id,farm_id,session_id,doadora_id,doadora_nome,touro_nome) VALUES ('6c5186cb-377c-4147-abea-8d03ac4a734f','aaaaaaaa-0000-0000-0000-000000000001','a35621b5-ff93-4d49-be06-20c4c4d8fc6a',NULL,'ANGELIKI (FRTM 147)','BITELO SS');
INSERT INTO embryos (id,farm_id,aspiration_id,numero_cdc_fiv,numero_adt_te,sexagem,status,observacoes) VALUES ('0952456f-8c2e-425d-a6e0-c6420f1f8b7b','aaaaaaaa-0000-0000-0000-000000000001','6c5186cb-377c-4147-abea-8d03ac4a734f','468013.0','TRES MONTES','MACHO','IMPLANTADO','CDC-FIV: 468013.0 | ADT-TE: TRES MONTES | Nome: PARTO CESAREO / ÓBITO');
INSERT INTO transfers (id,farm_id,embryo_id,responsavel,data_te) VALUES ('8039e659-54bd-48f8-aa52-ef162da1cfc6','aaaaaaaa-0000-0000-0000-000000000001','0952456f-8c2e-425d-a6e0-c6420f1f8b7b','CHICÃO','2026-06-23');
INSERT INTO opu_sessions (id,farm_id,data,responsavel,tipo) VALUES ('d316f7a9-29cf-4fe2-8edb-00b681dc5fa2','aaaaaaaa-0000-0000-0000-000000000001','2026-06-23','CHICÃO','REALIZADA');
INSERT INTO aspirations (id,farm_id,session_id,doadora_id,doadora_nome,touro_nome) VALUES ('8f21664e-69c1-42f7-82c1-edc509ec1a1e','aaaaaaaa-0000-0000-0000-000000000001','d316f7a9-29cf-4fe2-8edb-00b681dc5fa2',NULL,'TERNURA FIV M.VERDE','OPOSITOR');
INSERT INTO embryos (id,farm_id,aspiration_id,numero_cdc_fiv,numero_adt_te,sexagem,status,observacoes) VALUES ('cd47c268-ab7c-450b-97f6-84903c3d6b43','aaaaaaaa-0000-0000-0000-000000000001','8f21664e-69c1-42f7-82c1-edc509ec1a1e',NULL,'JM','FEMEA','IMPLANTADO','ADT-TE: JM');
INSERT INTO transfers (id,farm_id,embryo_id,responsavel,data_te) VALUES ('cfb2e761-d4f6-4cd3-ab73-4fa5a4ab0129','aaaaaaaa-0000-0000-0000-000000000001','cd47c268-ab7c-450b-97f6-84903c3d6b43','CHICÃO','2026-06-23');
INSERT INTO pregnancy_diagnoses (id,farm_id,transfer_id,data_dg,resultado,data_previsao_parto) VALUES ('6c856e31-c0b7-435e-92b5-cd2c4da4f241','aaaaaaaa-0000-0000-0000-000000000001','cfb2e761-d4f6-4cd3-ab73-4fa5a4ab0129','2026-03-05','POSITIVO','2026-03-05');
INSERT INTO embryos (id,farm_id,aspiration_id,numero_cdc_fiv,numero_adt_te,sexagem,status,observacoes) VALUES ('ee5ab79d-2844-4fd1-886a-1c5fea82fbf1','aaaaaaaa-0000-0000-0000-000000000001','6c5186cb-377c-4147-abea-8d03ac4a734f','468013.0','TRES MONTES','FEMEA','IMPLANTADO','CDC-FIV: 468013.0 | ADT-TE: TRES MONTES');
INSERT INTO transfers (id,farm_id,embryo_id,responsavel,data_te) VALUES ('bcde6822-4a3c-4f8a-a0ed-a75eee4526e4','aaaaaaaa-0000-0000-0000-000000000001','ee5ab79d-2844-4fd1-886a-1c5fea82fbf1','CHICÃO','2026-06-23');
INSERT INTO pregnancy_diagnoses (id,farm_id,transfer_id,data_dg,resultado,data_previsao_parto) VALUES ('442b9dcf-2b56-42f3-857c-d4e40bcb8ddc','aaaaaaaa-0000-0000-0000-000000000001','bcde6822-4a3c-4f8a-a0ed-a75eee4526e4','2025-02-26','POSITIVO','2025-02-26');
INSERT INTO opu_sessions (id,farm_id,data,responsavel,tipo) VALUES ('f347268f-121c-4449-8441-b38124afe05d','aaaaaaaa-0000-0000-0000-000000000001','2026-06-23','CHICÃO','REALIZADA');
INSERT INTO aspirations (id,farm_id,session_id,doadora_id,doadora_nome,touro_nome) VALUES ('972b7019-d7a6-4b18-96ba-8741bd9e14b7','aaaaaaaa-0000-0000-0000-000000000001','f347268f-121c-4449-8441-b38124afe05d',NULL,'BATHINDA (LFFV 698)','LANDAU');
INSERT INTO embryos (id,farm_id,aspiration_id,numero_cdc_fiv,numero_adt_te,sexagem,status,observacoes) VALUES ('cbc05d2a-3b03-4304-bc90-69b7f36f703a','aaaaaaaa-0000-0000-0000-000000000001','972b7019-d7a6-4b18-96ba-8741bd9e14b7','468304.0','JM','MACHO','IMPLANTADO','CDC-FIV: 468304.0 | ADT-TE: JM');
INSERT INTO transfers (id,farm_id,embryo_id,responsavel,data_te) VALUES ('bde4c29e-af4a-484f-9ba2-22b92d689f8a','aaaaaaaa-0000-0000-0000-000000000001','cbc05d2a-3b03-4304-bc90-69b7f36f703a','CHICÃO','2026-06-23');
INSERT INTO pregnancy_diagnoses (id,farm_id,transfer_id,data_dg,resultado,data_previsao_parto) VALUES ('451eb929-2022-4e60-8143-8e247d788360','aaaaaaaa-0000-0000-0000-000000000001','bde4c29e-af4a-484f-9ba2-22b92d689f8a','2026-02-28','POSITIVO','2026-02-28');
INSERT INTO embryos (id,farm_id,aspiration_id,numero_cdc_fiv,numero_adt_te,sexagem,status,observacoes) VALUES ('175acd56-680f-44a6-8bd1-7683b169fea4','aaaaaaaa-0000-0000-0000-000000000001','6c5186cb-377c-4147-abea-8d03ac4a734f','468013.0','TRES MONTES','FEMEA','IMPLANTADO','CDC-FIV: 468013.0 | ADT-TE: TRES MONTES');
INSERT INTO transfers (id,farm_id,embryo_id,responsavel,data_te) VALUES ('d1f2429c-a675-4369-b69d-21a3b6508dad','aaaaaaaa-0000-0000-0000-000000000001','175acd56-680f-44a6-8bd1-7683b169fea4','CHICÃO','2026-06-23');
INSERT INTO pregnancy_diagnoses (id,farm_id,transfer_id,data_dg,resultado,data_previsao_parto) VALUES ('7e92b004-44f3-4f2f-ac96-1a77b3e94dd6','aaaaaaaa-0000-0000-0000-000000000001','d1f2429c-a675-4369-b69d-21a3b6508dad','2026-03-06','POSITIVO','2026-03-06');
INSERT INTO embryos (id,farm_id,aspiration_id,numero_cdc_fiv,numero_adt_te,sexagem,status,observacoes) VALUES ('04320d98-71f9-4bb2-a830-3865f940e7bd','aaaaaaaa-0000-0000-0000-000000000001','361c391b-27cd-473c-9a33-6fba4b7b9e3d','467910.0','ANT. CARVALHINHO','FEMEA','IMPLANTADO','CDC-FIV: 467910.0 | ADT-TE: ANT. CARVALHINHO');
INSERT INTO transfers (id,farm_id,embryo_id,responsavel,data_te) VALUES ('d91d52fb-a518-4c5b-ad5e-29e23a1bb890','aaaaaaaa-0000-0000-0000-000000000001','04320d98-71f9-4bb2-a830-3865f940e7bd','CHICÃO','2026-06-23');
INSERT INTO pregnancy_diagnoses (id,farm_id,transfer_id,data_dg,resultado,data_previsao_parto) VALUES ('ff28a84c-f8ce-459e-b82e-b921e6ad35ca','aaaaaaaa-0000-0000-0000-000000000001','d91d52fb-a518-4c5b-ad5e-29e23a1bb890','2026-03-10','POSITIVO','2026-03-10');
INSERT INTO opu_sessions (id,farm_id,data,responsavel,tipo) VALUES ('810ef79f-bdee-485e-8190-c7ed641a5879','aaaaaaaa-0000-0000-0000-000000000001','2025-08-28','JULIANO','REALIZADA');
INSERT INTO aspirations (id,farm_id,session_id,doadora_id,doadora_nome,touro_nome) VALUES ('8f1cd064-80be-4989-9fc9-419ff54aae1b','aaaaaaaa-0000-0000-0000-000000000001','810ef79f-bdee-485e-8190-c7ed641a5879',NULL,'EVA I (LUCE 384)','LANDAU');
INSERT INTO embryos (id,farm_id,aspiration_id,numero_cdc_fiv,numero_adt_te,sexagem,status,observacoes) VALUES ('407de8a3-e41f-4f8a-b640-e7c62a517a52','aaaaaaaa-0000-0000-0000-000000000001','8f1cd064-80be-4989-9fc9-419ff54aae1b',NULL,NULL,'NAO_SEXADO','IMPLANTADO',NULL);
INSERT INTO transfers (id,farm_id,embryo_id,responsavel,data_te) VALUES ('664bbd2b-3739-4700-ad81-c2ef3ab9c1a2','aaaaaaaa-0000-0000-0000-000000000001','407de8a3-e41f-4f8a-b640-e7c62a517a52','JULIANO','2025-08-28');
INSERT INTO pregnancy_diagnoses (id,farm_id,transfer_id,data_dg,resultado,data_previsao_parto) VALUES ('91ceb198-1c5c-4b31-87b8-a53460e26e7d','aaaaaaaa-0000-0000-0000-000000000001','664bbd2b-3739-4700-ad81-c2ef3ab9c1a2','2025-06-26','POSITIVO','2025-06-26');
INSERT INTO opu_sessions (id,farm_id,data,responsavel,tipo) VALUES ('d6887a9b-af38-466d-9c89-3bde0188f9ca','aaaaaaaa-0000-0000-0000-000000000001','2025-08-28','JULIANO','REALIZADA');
INSERT INTO aspirations (id,farm_id,session_id,doadora_id,doadora_nome,touro_nome) VALUES ('42e17529-6f58-4458-8dc5-e3f8e91003fc','aaaaaaaa-0000-0000-0000-000000000001','d6887a9b-af38-466d-9c89-3bde0188f9ca',NULL,'ELEGANCE (SGMM 5090)','BITELO SS');
INSERT INTO embryos (id,farm_id,aspiration_id,numero_cdc_fiv,numero_adt_te,sexagem,status,observacoes) VALUES ('9a9fb153-fefd-4d54-a3c2-d6637b7b348a','aaaaaaaa-0000-0000-0000-000000000001','42e17529-6f58-4458-8dc5-e3f8e91003fc',NULL,NULL,'NAO_SEXADO','IMPLANTADO',NULL);
INSERT INTO transfers (id,farm_id,embryo_id,responsavel,data_te) VALUES ('26e3761f-f799-4a1e-b3a2-13e16eeb1dac','aaaaaaaa-0000-0000-0000-000000000001','9a9fb153-fefd-4d54-a3c2-d6637b7b348a','JULIANO','2025-08-28');
INSERT INTO pregnancy_diagnoses (id,farm_id,transfer_id,data_dg,resultado,data_previsao_parto) VALUES ('66f58897-3caa-432c-8a3a-52ac06231463','aaaaaaaa-0000-0000-0000-000000000001','26e3761f-f799-4a1e-b3a2-13e16eeb1dac','2025-06-26','POSITIVO','2025-06-26');
INSERT INTO embryos (id,farm_id,aspiration_id,numero_cdc_fiv,numero_adt_te,sexagem,status,observacoes) VALUES ('0d2c0699-a51d-42de-aba3-1109756e28e7','aaaaaaaa-0000-0000-0000-000000000001','8f1cd064-80be-4989-9fc9-419ff54aae1b',NULL,NULL,'FEMEA','IMPLANTADO',NULL);
INSERT INTO transfers (id,farm_id,embryo_id,responsavel,data_te) VALUES ('f16f0520-6929-444a-abb3-924f35fa2c0c','aaaaaaaa-0000-0000-0000-000000000001','0d2c0699-a51d-42de-aba3-1109756e28e7','JULIANO','2025-08-28');
INSERT INTO pregnancy_diagnoses (id,farm_id,transfer_id,data_dg,resultado,data_previsao_parto) VALUES ('0c65e11a-8be5-4c7e-b03f-370754df4fa9','aaaaaaaa-0000-0000-0000-000000000001','f16f0520-6929-444a-abb3-924f35fa2c0c','2025-06-26','POSITIVO','2025-06-26');
INSERT INTO opu_sessions (id,farm_id,data,responsavel,tipo) VALUES ('15d61708-4150-4a93-9799-28fbccee1b51','aaaaaaaa-0000-0000-0000-000000000001','2025-08-28','JULIANO','REALIZADA');
INSERT INTO aspirations (id,farm_id,session_id,doadora_id,doadora_nome,touro_nome) VALUES ('4f865999-5178-4b69-82c2-659de837811d','aaaaaaaa-0000-0000-0000-000000000001','15d61708-4150-4a93-9799-28fbccee1b51',NULL,'IVANKA (ISPU 6807)','BITELO SS');
INSERT INTO embryos (id,farm_id,aspiration_id,numero_cdc_fiv,numero_adt_te,sexagem,status,observacoes) VALUES ('cfc3dd5f-fb4a-4b0b-9488-2fc88876ebe8','aaaaaaaa-0000-0000-0000-000000000001','4f865999-5178-4b69-82c2-659de837811d',NULL,NULL,'FEMEA','IMPLANTADO',NULL);
INSERT INTO transfers (id,farm_id,embryo_id,responsavel,data_te) VALUES ('fcd73da1-27a8-4b76-abe3-1d1534bcfe7a','aaaaaaaa-0000-0000-0000-000000000001','cfc3dd5f-fb4a-4b0b-9488-2fc88876ebe8','JULIANO','2025-08-28');
INSERT INTO pregnancy_diagnoses (id,farm_id,transfer_id,data_dg,resultado,data_previsao_parto) VALUES ('82856a7e-e2da-4eb9-81b7-a49d339e39a9','aaaaaaaa-0000-0000-0000-000000000001','fcd73da1-27a8-4b76-abe3-1d1534bcfe7a','2025-06-26','POSITIVO','2025-06-26');
INSERT INTO opu_sessions (id,farm_id,data,responsavel,tipo) VALUES ('f2e64684-1f04-4fd3-98c6-9040594e150c','aaaaaaaa-0000-0000-0000-000000000001','2025-08-28','JULIANO','REALIZADA');
INSERT INTO aspirations (id,farm_id,session_id,doadora_id,doadora_nome,touro_nome) VALUES ('4d100c03-a96b-4fb4-b429-7f7f7097b345','aaaaaaaa-0000-0000-0000-000000000001','f2e64684-1f04-4fd3-98c6-9040594e150c',NULL,'BATHINDA (LFFV 698)','LANDAU');
INSERT INTO embryos (id,farm_id,aspiration_id,numero_cdc_fiv,numero_adt_te,sexagem,status,observacoes) VALUES ('08efbad1-104e-4f51-b7af-6c2c64a30421','aaaaaaaa-0000-0000-0000-000000000001','4d100c03-a96b-4fb4-b429-7f7f7097b345',NULL,NULL,'FEMEA','IMPLANTADO',NULL);
INSERT INTO transfers (id,farm_id,embryo_id,responsavel,data_te) VALUES ('994d400b-cb93-441c-8796-c0351522c5cd','aaaaaaaa-0000-0000-0000-000000000001','08efbad1-104e-4f51-b7af-6c2c64a30421','JULIANO','2025-08-28');
INSERT INTO pregnancy_diagnoses (id,farm_id,transfer_id,data_dg,resultado,data_previsao_parto) VALUES ('8dc429f9-6c7f-4a0f-be75-45a1fadae181','aaaaaaaa-0000-0000-0000-000000000001','994d400b-cb93-441c-8796-c0351522c5cd','2025-06-26','POSITIVO','2025-06-26');
INSERT INTO embryos (id,farm_id,aspiration_id,numero_cdc_fiv,numero_adt_te,sexagem,status,observacoes) VALUES ('9dbd3075-e6a8-44ec-a691-20e145479b98','aaaaaaaa-0000-0000-0000-000000000001','4d100c03-a96b-4fb4-b429-7f7f7097b345',NULL,NULL,'MACHO','IMPLANTADO',NULL);
INSERT INTO transfers (id,farm_id,embryo_id,responsavel,data_te) VALUES ('6bb52fb8-0e31-422b-a581-8602a1eb8eaa','aaaaaaaa-0000-0000-0000-000000000001','9dbd3075-e6a8-44ec-a691-20e145479b98','JULIANO','2025-08-28');
INSERT INTO pregnancy_diagnoses (id,farm_id,transfer_id,data_dg,resultado,data_previsao_parto) VALUES ('c97924ce-2327-4c93-8455-76badc11e9e8','aaaaaaaa-0000-0000-0000-000000000001','6bb52fb8-0e31-422b-a581-8602a1eb8eaa','2025-06-26','POSITIVO','2025-06-26');
INSERT INTO opu_sessions (id,farm_id,data,responsavel,tipo) VALUES ('a012b92c-4776-40e7-b66e-6d980da640bb','aaaaaaaa-0000-0000-0000-000000000001','2025-08-28','JULIANO','REALIZADA');
INSERT INTO aspirations (id,farm_id,session_id,doadora_id,doadora_nome,touro_nome) VALUES ('27df3641-df40-4819-a621-6131fb3b69d9','aaaaaaaa-0000-0000-0000-000000000001','a012b92c-4776-40e7-b66e-6d980da640bb',NULL,'SOL (LUCE 202)','LANDAU');
INSERT INTO embryos (id,farm_id,aspiration_id,numero_cdc_fiv,numero_adt_te,sexagem,status,observacoes) VALUES ('c25db247-fa18-4482-9a92-12c291e7cc06','aaaaaaaa-0000-0000-0000-000000000001','27df3641-df40-4819-a621-6131fb3b69d9',NULL,NULL,'NAO_SEXADO','IMPLANTADO',NULL);
INSERT INTO transfers (id,farm_id,embryo_id,responsavel,data_te) VALUES ('6ff0f00c-1542-448e-a311-e3b4b8a2aec2','aaaaaaaa-0000-0000-0000-000000000001','c25db247-fa18-4482-9a92-12c291e7cc06','JULIANO','2025-08-28');
INSERT INTO pregnancy_diagnoses (id,farm_id,transfer_id,data_dg,resultado,data_previsao_parto) VALUES ('46fb6426-ea6b-4688-a0be-c47dd23b57e5','aaaaaaaa-0000-0000-0000-000000000001','6ff0f00c-1542-448e-a311-e3b4b8a2aec2','2025-06-26','POSITIVO','2025-06-26');
INSERT INTO opu_sessions (id,farm_id,data,responsavel,tipo) VALUES ('6db576da-4de1-4132-b78c-c60b4da910eb','aaaaaaaa-0000-0000-0000-000000000001','2025-03-06','GETAGEN','REALIZADA');
INSERT INTO aspirations (id,farm_id,session_id,doadora_id,doadora_nome,touro_nome) VALUES ('1fd6cb60-0fa0-4175-a04e-3b5064e5b64c','aaaaaaaa-0000-0000-0000-000000000001','6db576da-4de1-4132-b78c-c60b4da910eb',NULL,'EPIFANIA (XUAB 466)','BITELO SS');
INSERT INTO embryos (id,farm_id,aspiration_id,numero_cdc_fiv,numero_adt_te,sexagem,status,observacoes) VALUES ('ab880805-6842-45d0-9a81-92b1bd9dfee5','aaaaaaaa-0000-0000-0000-000000000001','1fd6cb60-0fa0-4175-a04e-3b5064e5b64c',NULL,NULL,'FEMEA','IMPLANTADO',NULL);
INSERT INTO transfers (id,farm_id,embryo_id,responsavel,data_te) VALUES ('1fab9777-453e-4448-be7a-a9b2c580b4c8','aaaaaaaa-0000-0000-0000-000000000001','ab880805-6842-45d0-9a81-92b1bd9dfee5','GETAGEN','2025-03-06');
INSERT INTO pregnancy_diagnoses (id,farm_id,transfer_id,data_dg,resultado,data_previsao_parto) VALUES ('682a70e8-f3ca-4f0d-a89e-06159e985249','aaaaaaaa-0000-0000-0000-000000000001','1fab9777-453e-4448-be7a-a9b2c580b4c8','2025-12-25','POSITIVO','2025-12-25');
INSERT INTO embryos (id,farm_id,aspiration_id,numero_cdc_fiv,numero_adt_te,sexagem,status,observacoes) VALUES ('5af70701-a5ea-4f7d-af42-ad23e03ad053','aaaaaaaa-0000-0000-0000-000000000001','1fd6cb60-0fa0-4175-a04e-3b5064e5b64c',NULL,NULL,'MACHO','IMPLANTADO',NULL);
INSERT INTO transfers (id,farm_id,embryo_id,responsavel,data_te) VALUES ('cdaf9510-3a54-4bd8-93ac-9a9ae98f297c','aaaaaaaa-0000-0000-0000-000000000001','5af70701-a5ea-4f7d-af42-ad23e03ad053','GETAGEN','2025-03-06');
INSERT INTO pregnancy_diagnoses (id,farm_id,transfer_id,data_dg,resultado,data_previsao_parto) VALUES ('f42b957d-b563-4144-9734-c173970287b7','aaaaaaaa-0000-0000-0000-000000000001','cdaf9510-3a54-4bd8-93ac-9a9ae98f297c','2025-12-25','POSITIVO','2025-12-25');
INSERT INTO opu_sessions (id,farm_id,data,responsavel,tipo) VALUES ('922634b0-e918-4b99-bf41-6332da776075','aaaaaaaa-0000-0000-0000-000000000001','2025-03-06','GETAGEN','REALIZADA');
INSERT INTO aspirations (id,farm_id,session_id,doadora_id,doadora_nome,touro_nome) VALUES ('a03e8353-48a7-4bef-8844-2edb4c80c9ae','aaaaaaaa-0000-0000-0000-000000000001','922634b0-e918-4b99-bf41-6332da776075',NULL,'ORTIGIA (ESPN 3419)','KAYAK');
INSERT INTO embryos (id,farm_id,aspiration_id,numero_cdc_fiv,numero_adt_te,sexagem,status,observacoes) VALUES ('b4221e61-bae9-4f61-9c11-4f2584337ba0','aaaaaaaa-0000-0000-0000-000000000001','a03e8353-48a7-4bef-8844-2edb4c80c9ae',NULL,NULL,'FEMEA','IMPLANTADO',NULL);
INSERT INTO transfers (id,farm_id,embryo_id,responsavel,data_te) VALUES ('a7c79cf2-970d-4907-8eac-3f84ff9f9a9b','aaaaaaaa-0000-0000-0000-000000000001','b4221e61-bae9-4f61-9c11-4f2584337ba0','GETAGEN','2025-03-06');
INSERT INTO pregnancy_diagnoses (id,farm_id,transfer_id,data_dg,resultado,data_previsao_parto) VALUES ('6c7b029d-1921-47e3-8516-b4e171f29608','aaaaaaaa-0000-0000-0000-000000000001','a7c79cf2-970d-4907-8eac-3f84ff9f9a9b','2025-12-25','POSITIVO','2025-12-25');
INSERT INTO embryos (id,farm_id,aspiration_id,numero_cdc_fiv,numero_adt_te,sexagem,status,observacoes) VALUES ('84e02aaa-0826-4436-992f-0d930a8fe9bd','aaaaaaaa-0000-0000-0000-000000000001','a03e8353-48a7-4bef-8844-2edb4c80c9ae',NULL,NULL,'MACHO','IMPLANTADO',NULL);
INSERT INTO transfers (id,farm_id,embryo_id,responsavel,data_te) VALUES ('a8f20f3f-e72c-4f73-8cb7-dd1045557f90','aaaaaaaa-0000-0000-0000-000000000001','84e02aaa-0826-4436-992f-0d930a8fe9bd','GETAGEN','2025-03-06');
INSERT INTO pregnancy_diagnoses (id,farm_id,transfer_id,data_dg,resultado,data_previsao_parto) VALUES ('a7cdf1ef-e55b-4122-97d8-55c09a5409d2','aaaaaaaa-0000-0000-0000-000000000001','a8f20f3f-e72c-4f73-8cb7-dd1045557f90','2025-12-25','POSITIVO','2025-12-25');
INSERT INTO embryos (id,farm_id,aspiration_id,numero_cdc_fiv,numero_adt_te,sexagem,status,observacoes) VALUES ('f1971505-263e-4389-8a44-dc458ad76850','aaaaaaaa-0000-0000-0000-000000000001','a03e8353-48a7-4bef-8844-2edb4c80c9ae',NULL,NULL,'FEMEA','IMPLANTADO',NULL);
INSERT INTO transfers (id,farm_id,embryo_id,responsavel,data_te) VALUES ('515e6a01-cf3b-4d4b-b3d4-addb53941f9c','aaaaaaaa-0000-0000-0000-000000000001','f1971505-263e-4389-8a44-dc458ad76850','GETAGEN','2025-03-06');
INSERT INTO pregnancy_diagnoses (id,farm_id,transfer_id,data_dg,resultado,data_previsao_parto) VALUES ('514d1285-ffa2-4c06-bcdf-d16fa2c2cc4d','aaaaaaaa-0000-0000-0000-000000000001','515e6a01-cf3b-4d4b-b3d4-addb53941f9c','2025-12-25','POSITIVO','2025-12-25');
INSERT INTO opu_sessions (id,farm_id,data,responsavel,tipo) VALUES ('399cfc21-02bd-4cda-9189-c9d78a327731','aaaaaaaa-0000-0000-0000-000000000001','2025-03-06','GETAGEN','REALIZADA');
INSERT INTO aspirations (id,farm_id,session_id,doadora_id,doadora_nome,touro_nome) VALUES ('188a6a47-0638-4f9e-84fa-3fc96da533aa','aaaaaaaa-0000-0000-0000-000000000001','399cfc21-02bd-4cda-9189-c9d78a327731',NULL,'PEROLA MOGYANA (FRGM 883)','BITELO SS');
INSERT INTO embryos (id,farm_id,aspiration_id,numero_cdc_fiv,numero_adt_te,sexagem,status,observacoes) VALUES ('e07890de-d32c-43eb-a6ff-e3cdc92f19f1','aaaaaaaa-0000-0000-0000-000000000001','188a6a47-0638-4f9e-84fa-3fc96da533aa',NULL,NULL,'MACHO','IMPLANTADO',NULL);
INSERT INTO transfers (id,farm_id,embryo_id,responsavel,data_te) VALUES ('ba07174a-ee0b-4741-934c-2db6c3f023eb','aaaaaaaa-0000-0000-0000-000000000001','e07890de-d32c-43eb-a6ff-e3cdc92f19f1','GETAGEN','2025-03-06');
INSERT INTO pregnancy_diagnoses (id,farm_id,transfer_id,data_dg,resultado,data_previsao_parto) VALUES ('c5e7a7c6-8150-400e-8ce6-d4cee412e78f','aaaaaaaa-0000-0000-0000-000000000001','ba07174a-ee0b-4741-934c-2db6c3f023eb','2025-12-25','POSITIVO','2025-12-25');
INSERT INTO embryos (id,farm_id,aspiration_id,numero_cdc_fiv,numero_adt_te,sexagem,status,observacoes) VALUES ('891c628e-77ba-467a-9c3d-a0969c729bd9','aaaaaaaa-0000-0000-0000-000000000001','188a6a47-0638-4f9e-84fa-3fc96da533aa',NULL,NULL,'MACHO','IMPLANTADO',NULL);
INSERT INTO transfers (id,farm_id,embryo_id,responsavel,data_te) VALUES ('c26fd1de-02c2-4768-9fb5-5c04ad82ad16','aaaaaaaa-0000-0000-0000-000000000001','891c628e-77ba-467a-9c3d-a0969c729bd9','GETAGEN','2025-03-06');
INSERT INTO pregnancy_diagnoses (id,farm_id,transfer_id,data_dg,resultado,data_previsao_parto) VALUES ('d6ae118c-dbc9-4eb2-9111-fa3e1a0d2b69','aaaaaaaa-0000-0000-0000-000000000001','c26fd1de-02c2-4768-9fb5-5c04ad82ad16','2025-12-25','POSITIVO','2025-12-25');
INSERT INTO embryos (id,farm_id,aspiration_id,numero_cdc_fiv,numero_adt_te,sexagem,status,observacoes) VALUES ('597ff559-aef1-452e-a510-1531c6e7876d','aaaaaaaa-0000-0000-0000-000000000001','188a6a47-0638-4f9e-84fa-3fc96da533aa',NULL,NULL,'MACHO','IMPLANTADO',NULL);
INSERT INTO transfers (id,farm_id,embryo_id,responsavel,data_te) VALUES ('c5d3fa83-8673-4db7-b729-6503964b5bd1','aaaaaaaa-0000-0000-0000-000000000001','597ff559-aef1-452e-a510-1531c6e7876d','GETAGEN','2025-03-06');
INSERT INTO pregnancy_diagnoses (id,farm_id,transfer_id,data_dg,resultado,data_previsao_parto) VALUES ('20449eb3-a9a1-4909-9bcd-7fd5b8a5f2ec','aaaaaaaa-0000-0000-0000-000000000001','c5d3fa83-8673-4db7-b729-6503964b5bd1','2025-12-25','POSITIVO','2025-12-25');
INSERT INTO opu_sessions (id,farm_id,data,responsavel,tipo) VALUES ('d7709955-818a-46d9-83f3-2f49bb0864d7','aaaaaaaa-0000-0000-0000-000000000001','2025-03-06','GETAGEN','REALIZADA');
INSERT INTO aspirations (id,farm_id,session_id,doadora_id,doadora_nome,touro_nome) VALUES ('767b0587-9123-49a3-bb9b-af9eb202be0c','aaaaaaaa-0000-0000-0000-000000000001','d7709955-818a-46d9-83f3-2f49bb0864d7',NULL,'PINOCCHIA (ESPN 3629)','KAYAK');
INSERT INTO embryos (id,farm_id,aspiration_id,numero_cdc_fiv,numero_adt_te,sexagem,status,observacoes) VALUES ('cb55fe2d-5b4e-4230-865c-073f4ff42794','aaaaaaaa-0000-0000-0000-000000000001','767b0587-9123-49a3-bb9b-af9eb202be0c',NULL,NULL,'FEMEA','IMPLANTADO',NULL);
INSERT INTO transfers (id,farm_id,embryo_id,responsavel,data_te) VALUES ('d335e72a-e9d7-44fd-b288-6341466c09a4','aaaaaaaa-0000-0000-0000-000000000001','cb55fe2d-5b4e-4230-865c-073f4ff42794','GETAGEN','2025-03-06');
INSERT INTO pregnancy_diagnoses (id,farm_id,transfer_id,data_dg,resultado,data_previsao_parto) VALUES ('655a13ae-2413-43eb-8fc8-99e30ac8dbf6','aaaaaaaa-0000-0000-0000-000000000001','d335e72a-e9d7-44fd-b288-6341466c09a4','2025-12-25','POSITIVO','2025-12-25');
INSERT INTO opu_sessions (id,farm_id,data,responsavel,tipo) VALUES ('419e3f27-5b4e-4110-939d-fb34e9a96639','aaaaaaaa-0000-0000-0000-000000000001','2025-10-15','GENEAL','REALIZADA');
INSERT INTO aspirations (id,farm_id,session_id,doadora_id,doadora_nome,touro_nome) VALUES ('99af3056-0c53-4874-8b92-1b3f88a56308','aaaaaaaa-0000-0000-0000-000000000001','419e3f27-5b4e-4110-939d-fb34e9a96639',NULL,'HALLELUJAH (NFHC 1076)','KAYAK');
INSERT INTO embryos (id,farm_id,aspiration_id,numero_cdc_fiv,numero_adt_te,sexagem,status,observacoes) VALUES ('0e9c773c-3a46-4fa8-9eae-b5adc2d24553','aaaaaaaa-0000-0000-0000-000000000001','99af3056-0c53-4874-8b92-1b3f88a56308',NULL,NULL,'MACHO','IMPLANTADO',NULL);
INSERT INTO transfers (id,farm_id,embryo_id,responsavel,data_te) VALUES ('a954b3ac-e219-4090-8ca5-e98480f3d989','aaaaaaaa-0000-0000-0000-000000000001','0e9c773c-3a46-4fa8-9eae-b5adc2d24553','GENEAL','2025-10-15');
INSERT INTO pregnancy_diagnoses (id,farm_id,transfer_id,data_dg,resultado,data_previsao_parto) VALUES ('6fbd3d12-ebe0-4857-8fed-85afe19aa606','aaaaaaaa-0000-0000-0000-000000000001','a954b3ac-e219-4090-8ca5-e98480f3d989','2025-07-25','POSITIVO','2025-07-25');
INSERT INTO embryos (id,farm_id,aspiration_id,numero_cdc_fiv,numero_adt_te,sexagem,status,observacoes) VALUES ('1b41b578-2eb3-471c-a7f2-1efaa9007ab2','aaaaaaaa-0000-0000-0000-000000000001','99af3056-0c53-4874-8b92-1b3f88a56308',NULL,NULL,'MACHO','IMPLANTADO',NULL);
INSERT INTO transfers (id,farm_id,embryo_id,responsavel,data_te) VALUES ('80aa1e48-0a20-47df-a15b-df78c75cfad7','aaaaaaaa-0000-0000-0000-000000000001','1b41b578-2eb3-471c-a7f2-1efaa9007ab2','GENEAL','2025-10-15');
INSERT INTO pregnancy_diagnoses (id,farm_id,transfer_id,data_dg,resultado,data_previsao_parto) VALUES ('a1fb1f71-b44c-40de-9ca2-3c0f2a17fad3','aaaaaaaa-0000-0000-0000-000000000001','80aa1e48-0a20-47df-a15b-df78c75cfad7','2025-07-25','POSITIVO','2025-07-25');
INSERT INTO embryos (id,farm_id,aspiration_id,numero_cdc_fiv,numero_adt_te,sexagem,status,observacoes) VALUES ('da9d0b4e-ae34-46fd-b76c-3be27f2cc406','aaaaaaaa-0000-0000-0000-000000000001','99af3056-0c53-4874-8b92-1b3f88a56308',NULL,NULL,'MACHO','IMPLANTADO',NULL);
INSERT INTO transfers (id,farm_id,embryo_id,responsavel,data_te) VALUES ('29fee635-e43c-4db3-a292-70f00c1d80a8','aaaaaaaa-0000-0000-0000-000000000001','da9d0b4e-ae34-46fd-b76c-3be27f2cc406','GENEAL','2025-10-15');
INSERT INTO pregnancy_diagnoses (id,farm_id,transfer_id,data_dg,resultado,data_previsao_parto) VALUES ('e47abb32-8650-49db-8eb4-376851892efe','aaaaaaaa-0000-0000-0000-000000000001','29fee635-e43c-4db3-a292-70f00c1d80a8','2025-07-25','POSITIVO','2025-07-25');
INSERT INTO embryos (id,farm_id,aspiration_id,numero_cdc_fiv,numero_adt_te,sexagem,status,observacoes) VALUES ('58246bb8-8536-40b9-816c-2c576be163a2','aaaaaaaa-0000-0000-0000-000000000001','99af3056-0c53-4874-8b92-1b3f88a56308',NULL,NULL,'FEMEA','IMPLANTADO',NULL);
INSERT INTO transfers (id,farm_id,embryo_id,responsavel,data_te) VALUES ('acde80f4-2efd-49bb-914a-e75ce0f30e59','aaaaaaaa-0000-0000-0000-000000000001','58246bb8-8536-40b9-816c-2c576be163a2','GENEAL','2025-10-15');
INSERT INTO pregnancy_diagnoses (id,farm_id,transfer_id,data_dg,resultado,data_previsao_parto) VALUES ('336fcdd1-2d28-4c3b-bf34-fc000376b0e9','aaaaaaaa-0000-0000-0000-000000000001','acde80f4-2efd-49bb-914a-e75ce0f30e59','2025-07-25','POSITIVO','2025-07-25');
INSERT INTO embryos (id,farm_id,aspiration_id,numero_cdc_fiv,numero_adt_te,sexagem,status,observacoes) VALUES ('9f14eea0-8c9e-444c-849c-124a962afd79','aaaaaaaa-0000-0000-0000-000000000001','99af3056-0c53-4874-8b92-1b3f88a56308',NULL,NULL,'MACHO','IMPLANTADO',NULL);
INSERT INTO transfers (id,farm_id,embryo_id,responsavel,data_te) VALUES ('41882c5a-a7f9-4fc4-ba71-6b91533f1754','aaaaaaaa-0000-0000-0000-000000000001','9f14eea0-8c9e-444c-849c-124a962afd79','GENEAL','2025-10-15');
INSERT INTO pregnancy_diagnoses (id,farm_id,transfer_id,data_dg,resultado,data_previsao_parto) VALUES ('65915216-a1d6-41fd-8fb2-0aac2c14f4e0','aaaaaaaa-0000-0000-0000-000000000001','41882c5a-a7f9-4fc4-ba71-6b91533f1754','2025-07-25','POSITIVO','2025-07-25');
INSERT INTO embryos (id,farm_id,aspiration_id,numero_cdc_fiv,numero_adt_te,sexagem,status,observacoes) VALUES ('9561740e-438c-41ab-982c-dc2f9d30ddc1','aaaaaaaa-0000-0000-0000-000000000001','99af3056-0c53-4874-8b92-1b3f88a56308',NULL,NULL,'MACHO','IMPLANTADO',NULL);
INSERT INTO transfers (id,farm_id,embryo_id,responsavel,data_te) VALUES ('6084b66c-7c32-49b2-a0b0-f8c86cbb93aa','aaaaaaaa-0000-0000-0000-000000000001','9561740e-438c-41ab-982c-dc2f9d30ddc1','GENEAL','2025-10-15');
INSERT INTO pregnancy_diagnoses (id,farm_id,transfer_id,data_dg,resultado,data_previsao_parto) VALUES ('80af2ea2-5d6f-4edd-a17a-b26382e20b6a','aaaaaaaa-0000-0000-0000-000000000001','6084b66c-7c32-49b2-a0b0-f8c86cbb93aa','2025-07-25','POSITIVO','2025-07-25');
INSERT INTO embryos (id,farm_id,aspiration_id,numero_cdc_fiv,numero_adt_te,sexagem,status,observacoes) VALUES ('3485138f-1c0f-4653-97a4-4138e34f48ed','aaaaaaaa-0000-0000-0000-000000000001','99af3056-0c53-4874-8b92-1b3f88a56308',NULL,NULL,'FEMEA','IMPLANTADO',NULL);
INSERT INTO transfers (id,farm_id,embryo_id,responsavel,data_te) VALUES ('479cba72-33c6-4283-a27d-48571b4eb724','aaaaaaaa-0000-0000-0000-000000000001','3485138f-1c0f-4653-97a4-4138e34f48ed','GENEAL','2025-10-15');
INSERT INTO pregnancy_diagnoses (id,farm_id,transfer_id,data_dg,resultado,data_previsao_parto) VALUES ('d19e3097-2947-44f3-abe5-4d9e9416001b','aaaaaaaa-0000-0000-0000-000000000001','479cba72-33c6-4283-a27d-48571b4eb724','2025-07-25','POSITIVO','2025-07-25');
INSERT INTO embryos (id,farm_id,aspiration_id,numero_cdc_fiv,numero_adt_te,sexagem,status,observacoes) VALUES ('d79a7496-60c5-4cd4-8806-8ca62a8ef62d','aaaaaaaa-0000-0000-0000-000000000001','99af3056-0c53-4874-8b92-1b3f88a56308',NULL,NULL,'MACHO','IMPLANTADO',NULL);
INSERT INTO transfers (id,farm_id,embryo_id,responsavel,data_te) VALUES ('3a02b821-74a3-43d8-95b1-5f2252161f3d','aaaaaaaa-0000-0000-0000-000000000001','d79a7496-60c5-4cd4-8806-8ca62a8ef62d','GENEAL','2025-10-15');
INSERT INTO pregnancy_diagnoses (id,farm_id,transfer_id,data_dg,resultado,data_previsao_parto) VALUES ('ce3f8ef5-421e-4e7a-9a45-4f1b0aabcadb','aaaaaaaa-0000-0000-0000-000000000001','3a02b821-74a3-43d8-95b1-5f2252161f3d','2025-07-25','POSITIVO','2025-07-25');
INSERT INTO embryos (id,farm_id,aspiration_id,numero_cdc_fiv,numero_adt_te,sexagem,status,observacoes) VALUES ('e02876ab-2e6a-4cef-acd0-b72eb31cccb1','aaaaaaaa-0000-0000-0000-000000000001','99af3056-0c53-4874-8b92-1b3f88a56308',NULL,NULL,'FEMEA','IMPLANTADO',NULL);
INSERT INTO transfers (id,farm_id,embryo_id,responsavel,data_te) VALUES ('ec9ad322-b963-4d1b-8ebc-dc73234d63f6','aaaaaaaa-0000-0000-0000-000000000001','e02876ab-2e6a-4cef-acd0-b72eb31cccb1','GENEAL','2025-10-15');
INSERT INTO pregnancy_diagnoses (id,farm_id,transfer_id,data_dg,resultado,data_previsao_parto) VALUES ('66d86dda-1a90-4391-8bcb-5a1de2c73084','aaaaaaaa-0000-0000-0000-000000000001','ec9ad322-b963-4d1b-8ebc-dc73234d63f6','2025-07-25','POSITIVO','2025-07-25');
INSERT INTO embryos (id,farm_id,aspiration_id,numero_cdc_fiv,numero_adt_te,sexagem,status,observacoes) VALUES ('9aab0770-1405-4157-81ca-6aa3033ca51b','aaaaaaaa-0000-0000-0000-000000000001','99af3056-0c53-4874-8b92-1b3f88a56308',NULL,NULL,'MACHO','IMPLANTADO',NULL);
INSERT INTO transfers (id,farm_id,embryo_id,responsavel,data_te) VALUES ('5022395f-e29a-4545-ba19-d72e4c30828c','aaaaaaaa-0000-0000-0000-000000000001','9aab0770-1405-4157-81ca-6aa3033ca51b','GENEAL','2025-10-15');
INSERT INTO pregnancy_diagnoses (id,farm_id,transfer_id,data_dg,resultado,data_previsao_parto) VALUES ('d57d13cf-75fb-44e8-b56b-69eec3c06a5b','aaaaaaaa-0000-0000-0000-000000000001','5022395f-e29a-4545-ba19-d72e4c30828c','2025-07-25','POSITIVO','2025-07-25');
INSERT INTO embryos (id,farm_id,aspiration_id,numero_cdc_fiv,numero_adt_te,sexagem,status,observacoes) VALUES ('99c3eb6e-d059-4861-a93e-ca28d20eda25','aaaaaaaa-0000-0000-0000-000000000001','99af3056-0c53-4874-8b92-1b3f88a56308',NULL,NULL,'MACHO','IMPLANTADO',NULL);
INSERT INTO transfers (id,farm_id,embryo_id,responsavel,data_te) VALUES ('3981e5ed-1e2a-4068-89db-e2d22c22de17','aaaaaaaa-0000-0000-0000-000000000001','99c3eb6e-d059-4861-a93e-ca28d20eda25','GENEAL','2025-10-15');
INSERT INTO pregnancy_diagnoses (id,farm_id,transfer_id,data_dg,resultado,data_previsao_parto) VALUES ('97eae457-751d-4627-841c-20e339ba2fc3','aaaaaaaa-0000-0000-0000-000000000001','3981e5ed-1e2a-4068-89db-e2d22c22de17','2025-07-25','POSITIVO','2025-07-25');
INSERT INTO embryos (id,farm_id,aspiration_id,numero_cdc_fiv,numero_adt_te,sexagem,status,observacoes) VALUES ('3a00195f-6305-4327-8ab1-cd7e19186b0c','aaaaaaaa-0000-0000-0000-000000000001','99af3056-0c53-4874-8b92-1b3f88a56308',NULL,NULL,'MACHO','IMPLANTADO',NULL);
INSERT INTO transfers (id,farm_id,embryo_id,responsavel,data_te) VALUES ('4b6714b1-d441-4dc3-ba15-fd1fa8c36f5f','aaaaaaaa-0000-0000-0000-000000000001','3a00195f-6305-4327-8ab1-cd7e19186b0c','GENEAL','2025-10-15');
INSERT INTO pregnancy_diagnoses (id,farm_id,transfer_id,data_dg,resultado,data_previsao_parto) VALUES ('64e2aac2-c30a-45f6-a800-7e41fe19b177','aaaaaaaa-0000-0000-0000-000000000001','4b6714b1-d441-4dc3-ba15-fd1fa8c36f5f','2025-07-25','POSITIVO','2025-07-25');
INSERT INTO opu_sessions (id,farm_id,data,responsavel,tipo) VALUES ('a6ae1730-0682-4057-baac-cf70bf718b05','aaaaaaaa-0000-0000-0000-000000000001','2025-11-07','GETAGEN','REALIZADA');
INSERT INTO aspirations (id,farm_id,session_id,doadora_id,doadora_nome,touro_nome) VALUES ('b5465c56-1feb-4c04-98f9-a56a0ebcd2ac','aaaaaaaa-0000-0000-0000-000000000001','a6ae1730-0682-4057-baac-cf70bf718b05',NULL,'ESLOVENIA HIV HRO','LANDAU');
INSERT INTO embryos (id,farm_id,aspiration_id,numero_cdc_fiv,numero_adt_te,sexagem,status,observacoes) VALUES ('0563de38-5b35-4c30-988c-e08565cf3f3f','aaaaaaaa-0000-0000-0000-000000000001','b5465c56-1feb-4c04-98f9-a56a0ebcd2ac',NULL,NULL,'NAO_SEXADO','IMPLANTADO',NULL);
INSERT INTO transfers (id,farm_id,embryo_id,responsavel,data_te) VALUES ('8fc1b8da-a24f-46b2-bc29-a99c45dc8490','aaaaaaaa-0000-0000-0000-000000000001','0563de38-5b35-4c30-988c-e08565cf3f3f','GETAGEN','2025-11-07');
INSERT INTO pregnancy_diagnoses (id,farm_id,transfer_id,data_dg,resultado,data_previsao_parto) VALUES ('e73568c9-cbf6-414d-8b04-c3263c644c64','aaaaaaaa-0000-0000-0000-000000000001','8fc1b8da-a24f-46b2-bc29-a99c45dc8490','2025-08-25','POSITIVO','2025-08-25');
INSERT INTO embryos (id,farm_id,aspiration_id,numero_cdc_fiv,numero_adt_te,sexagem,status,observacoes) VALUES ('aeff0257-726e-46a8-9f53-fcba59d8e67f','aaaaaaaa-0000-0000-0000-000000000001','b5465c56-1feb-4c04-98f9-a56a0ebcd2ac',NULL,NULL,'NAO_SEXADO','IMPLANTADO',NULL);
INSERT INTO transfers (id,farm_id,embryo_id,responsavel,data_te) VALUES ('df802311-c837-4415-8a4f-aae9e64ab824','aaaaaaaa-0000-0000-0000-000000000001','aeff0257-726e-46a8-9f53-fcba59d8e67f','GETAGEN','2025-11-07');
INSERT INTO pregnancy_diagnoses (id,farm_id,transfer_id,data_dg,resultado,data_previsao_parto) VALUES ('39550395-2d2c-4554-bb08-a1ce16e5d99a','aaaaaaaa-0000-0000-0000-000000000001','df802311-c837-4415-8a4f-aae9e64ab824','2025-08-25','POSITIVO','2025-08-25');
INSERT INTO embryos (id,farm_id,aspiration_id,numero_cdc_fiv,numero_adt_te,sexagem,status,observacoes) VALUES ('f149f357-e9a0-46df-bd0e-862754555410','aaaaaaaa-0000-0000-0000-000000000001','b5465c56-1feb-4c04-98f9-a56a0ebcd2ac',NULL,NULL,'NAO_SEXADO','IMPLANTADO',NULL);
INSERT INTO transfers (id,farm_id,embryo_id,responsavel,data_te) VALUES ('820cb3fb-0a29-4a42-b5af-4e9e01624c8b','aaaaaaaa-0000-0000-0000-000000000001','f149f357-e9a0-46df-bd0e-862754555410','GETAGEN','2025-11-07');
INSERT INTO pregnancy_diagnoses (id,farm_id,transfer_id,data_dg,resultado,data_previsao_parto) VALUES ('159a9962-c193-4dfb-b5c2-b37b4cdc50a6','aaaaaaaa-0000-0000-0000-000000000001','820cb3fb-0a29-4a42-b5af-4e9e01624c8b','2025-08-25','POSITIVO','2025-08-25');
INSERT INTO embryos (id,farm_id,aspiration_id,numero_cdc_fiv,numero_adt_te,sexagem,status,observacoes) VALUES ('da5bd111-2507-4908-8c50-69a2f1f2bed9','aaaaaaaa-0000-0000-0000-000000000001','b5465c56-1feb-4c04-98f9-a56a0ebcd2ac',NULL,NULL,'NAO_SEXADO','IMPLANTADO',NULL);
INSERT INTO transfers (id,farm_id,embryo_id,responsavel,data_te) VALUES ('dd73ef70-02dc-418d-af54-4707a3a2200a','aaaaaaaa-0000-0000-0000-000000000001','da5bd111-2507-4908-8c50-69a2f1f2bed9','GETAGEN','2025-11-07');
INSERT INTO pregnancy_diagnoses (id,farm_id,transfer_id,data_dg,resultado,data_previsao_parto) VALUES ('a0777b2f-4599-49c6-8df4-fd554f05fef9','aaaaaaaa-0000-0000-0000-000000000001','dd73ef70-02dc-418d-af54-4707a3a2200a','2025-08-25','POSITIVO','2025-08-25');
INSERT INTO embryos (id,farm_id,aspiration_id,numero_cdc_fiv,numero_adt_te,sexagem,status,observacoes) VALUES ('e787b407-bea1-4f0d-9443-fcd199e086ec','aaaaaaaa-0000-0000-0000-000000000001','b5465c56-1feb-4c04-98f9-a56a0ebcd2ac',NULL,NULL,'NAO_SEXADO','IMPLANTADO',NULL);
INSERT INTO transfers (id,farm_id,embryo_id,responsavel,data_te) VALUES ('d88a3985-b106-41ff-9f14-6d98c2185213','aaaaaaaa-0000-0000-0000-000000000001','e787b407-bea1-4f0d-9443-fcd199e086ec','GETAGEN','2025-11-07');
INSERT INTO pregnancy_diagnoses (id,farm_id,transfer_id,data_dg,resultado,data_previsao_parto) VALUES ('562b96f7-de50-4fea-9b78-d6f8733ab742','aaaaaaaa-0000-0000-0000-000000000001','d88a3985-b106-41ff-9f14-6d98c2185213','2025-08-25','POSITIVO','2025-08-25');
INSERT INTO embryos (id,farm_id,aspiration_id,numero_cdc_fiv,numero_adt_te,sexagem,status,observacoes) VALUES ('3c400436-2ae5-4d42-8219-ccf2389503d4','aaaaaaaa-0000-0000-0000-000000000001','b5465c56-1feb-4c04-98f9-a56a0ebcd2ac',NULL,NULL,'NAO_SEXADO','IMPLANTADO',NULL);
INSERT INTO transfers (id,farm_id,embryo_id,responsavel,data_te) VALUES ('c1208e06-c269-4aae-9349-2eeb7346b957','aaaaaaaa-0000-0000-0000-000000000001','3c400436-2ae5-4d42-8219-ccf2389503d4','GETAGEN','2025-11-07');
INSERT INTO pregnancy_diagnoses (id,farm_id,transfer_id,data_dg,resultado,data_previsao_parto) VALUES ('e7fe43ea-1d83-477a-9c79-b5a75d04bcac','aaaaaaaa-0000-0000-0000-000000000001','c1208e06-c269-4aae-9349-2eeb7346b957','2025-08-25','POSITIVO','2025-08-25');
INSERT INTO embryos (id,farm_id,aspiration_id,numero_cdc_fiv,numero_adt_te,sexagem,status,observacoes) VALUES ('399c8b29-ef0c-436c-9025-df0170793543','aaaaaaaa-0000-0000-0000-000000000001','b5465c56-1feb-4c04-98f9-a56a0ebcd2ac',NULL,NULL,'NAO_SEXADO','IMPLANTADO',NULL);
INSERT INTO transfers (id,farm_id,embryo_id,responsavel,data_te) VALUES ('4c2ac21f-f764-4d54-b9e4-c895460dfef1','aaaaaaaa-0000-0000-0000-000000000001','399c8b29-ef0c-436c-9025-df0170793543','GETAGEN','2025-11-07');
INSERT INTO pregnancy_diagnoses (id,farm_id,transfer_id,data_dg,resultado,data_previsao_parto) VALUES ('1fdccfc0-e8b3-4066-b0c6-890151a001aa','aaaaaaaa-0000-0000-0000-000000000001','4c2ac21f-f764-4d54-b9e4-c895460dfef1','2025-08-25','POSITIVO','2025-08-25');
INSERT INTO opu_sessions (id,farm_id,data,responsavel,tipo) VALUES ('c8a1dbef-ae11-40c9-8f39-9e3642bdcf9d','aaaaaaaa-0000-0000-0000-000000000001','2025-11-07','GETAGEN','REALIZADA');
INSERT INTO aspirations (id,farm_id,session_id,doadora_id,doadora_nome,touro_nome) VALUES ('a486ac0f-1182-4347-af63-5b17ed46661a','aaaaaaaa-0000-0000-0000-000000000001','c8a1dbef-ae11-40c9-8f39-9e3642bdcf9d',NULL,'CAMILA FIV CRL','BOBY HRO (F)');
INSERT INTO embryos (id,farm_id,aspiration_id,numero_cdc_fiv,numero_adt_te,sexagem,status,observacoes) VALUES ('66e2c90e-f267-4d37-a9ef-5fa0d050deec','aaaaaaaa-0000-0000-0000-000000000001','a486ac0f-1182-4347-af63-5b17ed46661a',NULL,NULL,'NAO_SEXADO','IMPLANTADO',NULL);
INSERT INTO transfers (id,farm_id,embryo_id,responsavel,data_te) VALUES ('93b10699-95c9-4c79-ae6d-4b59b78765c9','aaaaaaaa-0000-0000-0000-000000000001','66e2c90e-f267-4d37-a9ef-5fa0d050deec','GETAGEN','2025-11-07');
INSERT INTO pregnancy_diagnoses (id,farm_id,transfer_id,data_dg,resultado,data_previsao_parto) VALUES ('fabdf65d-29f6-4eca-8ff4-fe8be2189e9c','aaaaaaaa-0000-0000-0000-000000000001','93b10699-95c9-4c79-ae6d-4b59b78765c9','2025-08-25','POSITIVO','2025-08-25');
INSERT INTO embryos (id,farm_id,aspiration_id,numero_cdc_fiv,numero_adt_te,sexagem,status,observacoes) VALUES ('9ed1d385-1297-4f86-a6cd-319113e55752','aaaaaaaa-0000-0000-0000-000000000001','a486ac0f-1182-4347-af63-5b17ed46661a',NULL,NULL,'NAO_SEXADO','IMPLANTADO',NULL);
INSERT INTO transfers (id,farm_id,embryo_id,responsavel,data_te) VALUES ('ba1cb25a-61fd-4873-9077-797dde8acfce','aaaaaaaa-0000-0000-0000-000000000001','9ed1d385-1297-4f86-a6cd-319113e55752','GETAGEN','2025-11-07');
INSERT INTO pregnancy_diagnoses (id,farm_id,transfer_id,data_dg,resultado,data_previsao_parto) VALUES ('106c85f3-f86e-4029-9b21-01c523df7c46','aaaaaaaa-0000-0000-0000-000000000001','ba1cb25a-61fd-4873-9077-797dde8acfce','2025-08-25','POSITIVO','2025-08-25');
INSERT INTO embryos (id,farm_id,aspiration_id,numero_cdc_fiv,numero_adt_te,sexagem,status,observacoes) VALUES ('3f2513d7-aa47-4a88-9cf5-3ffb144fbb77','aaaaaaaa-0000-0000-0000-000000000001','a486ac0f-1182-4347-af63-5b17ed46661a',NULL,NULL,'NAO_SEXADO','IMPLANTADO',NULL);
INSERT INTO transfers (id,farm_id,embryo_id,responsavel,data_te) VALUES ('388148d5-9f48-4cc3-a800-0949188c7a92','aaaaaaaa-0000-0000-0000-000000000001','3f2513d7-aa47-4a88-9cf5-3ffb144fbb77','GETAGEN','2025-11-07');
INSERT INTO pregnancy_diagnoses (id,farm_id,transfer_id,data_dg,resultado,data_previsao_parto) VALUES ('b2bec131-2aa2-4c36-a6b5-45327346305b','aaaaaaaa-0000-0000-0000-000000000001','388148d5-9f48-4cc3-a800-0949188c7a92','2025-08-25','POSITIVO','2025-08-25');
INSERT INTO embryos (id,farm_id,aspiration_id,numero_cdc_fiv,numero_adt_te,sexagem,status,observacoes) VALUES ('e89986fe-4986-4837-bc48-168352cf6344','aaaaaaaa-0000-0000-0000-000000000001','a486ac0f-1182-4347-af63-5b17ed46661a',NULL,NULL,'NAO_SEXADO','IMPLANTADO',NULL);
INSERT INTO transfers (id,farm_id,embryo_id,responsavel,data_te) VALUES ('bcb8661b-a4ee-4683-b577-1bb9babb045c','aaaaaaaa-0000-0000-0000-000000000001','e89986fe-4986-4837-bc48-168352cf6344','GETAGEN','2025-11-07');
INSERT INTO pregnancy_diagnoses (id,farm_id,transfer_id,data_dg,resultado,data_previsao_parto) VALUES ('8f7623e9-26f0-4778-b1b1-31d792a0badd','aaaaaaaa-0000-0000-0000-000000000001','bcb8661b-a4ee-4683-b577-1bb9babb045c','2025-08-25','POSITIVO','2025-08-25');
INSERT INTO embryos (id,farm_id,aspiration_id,numero_cdc_fiv,numero_adt_te,sexagem,status,observacoes) VALUES ('499ec6b1-f2b9-407f-9ec2-ce5e950abb57','aaaaaaaa-0000-0000-0000-000000000001','a486ac0f-1182-4347-af63-5b17ed46661a',NULL,NULL,'NAO_SEXADO','IMPLANTADO',NULL);
INSERT INTO transfers (id,farm_id,embryo_id,responsavel,data_te) VALUES ('b5c9132a-ef76-4f5f-ab4b-32b0e107bb65','aaaaaaaa-0000-0000-0000-000000000001','499ec6b1-f2b9-407f-9ec2-ce5e950abb57','GETAGEN','2025-11-07');
INSERT INTO pregnancy_diagnoses (id,farm_id,transfer_id,data_dg,resultado,data_previsao_parto) VALUES ('08a1a1fc-bb90-4974-be1b-728f682c79b5','aaaaaaaa-0000-0000-0000-000000000001','b5c9132a-ef76-4f5f-ab4b-32b0e107bb65','2025-08-25','POSITIVO','2025-08-25');
INSERT INTO embryos (id,farm_id,aspiration_id,numero_cdc_fiv,numero_adt_te,sexagem,status,observacoes) VALUES ('54ef1fd2-52d8-4879-a98c-43298158e251','aaaaaaaa-0000-0000-0000-000000000001','a486ac0f-1182-4347-af63-5b17ed46661a',NULL,NULL,'NAO_SEXADO','IMPLANTADO',NULL);
INSERT INTO transfers (id,farm_id,embryo_id,responsavel,data_te) VALUES ('306c8e3f-bc89-4849-bde7-04dc42e33cbe','aaaaaaaa-0000-0000-0000-000000000001','54ef1fd2-52d8-4879-a98c-43298158e251','GETAGEN','2025-11-07');
INSERT INTO pregnancy_diagnoses (id,farm_id,transfer_id,data_dg,resultado,data_previsao_parto) VALUES ('6ba50781-bf40-4f8f-a5ae-fcf576e98a2f','aaaaaaaa-0000-0000-0000-000000000001','306c8e3f-bc89-4849-bde7-04dc42e33cbe','2025-08-25','POSITIVO','2025-08-25');
INSERT INTO opu_sessions (id,farm_id,data,responsavel,tipo) VALUES ('248b6242-ee0c-437d-82d4-cff70bdce4e8','aaaaaaaa-0000-0000-0000-000000000001','2025-10-15','GENEAL','REALIZADA');
INSERT INTO aspirations (id,farm_id,session_id,doadora_id,doadora_nome,touro_nome) VALUES ('2819ca08-04fe-4473-9803-a3c40a1e3ff9','aaaaaaaa-0000-0000-0000-000000000001','248b6242-ee0c-437d-82d4-cff70bdce4e8',NULL,'DALYA FIV CRL (NCRL 420)','KAYAK');
INSERT INTO embryos (id,farm_id,aspiration_id,numero_cdc_fiv,numero_adt_te,sexagem,status,observacoes) VALUES ('8e51ea03-7c8f-41aa-b875-0bface2ef0cb','aaaaaaaa-0000-0000-0000-000000000001','2819ca08-04fe-4473-9803-a3c40a1e3ff9',NULL,NULL,'FEMEA','IMPLANTADO',NULL);
INSERT INTO transfers (id,farm_id,embryo_id,responsavel,data_te) VALUES ('68688c8b-13f2-4250-9db5-f962e42ee8aa','aaaaaaaa-0000-0000-0000-000000000001','8e51ea03-7c8f-41aa-b875-0bface2ef0cb','GENEAL','2025-10-15');
INSERT INTO pregnancy_diagnoses (id,farm_id,transfer_id,data_dg,resultado,data_previsao_parto) VALUES ('77c8de1f-a4cc-47be-909c-b0d9429b599e','aaaaaaaa-0000-0000-0000-000000000001','68688c8b-13f2-4250-9db5-f962e42ee8aa','2025-07-25','POSITIVO','2025-07-25');
INSERT INTO embryos (id,farm_id,aspiration_id,numero_cdc_fiv,numero_adt_te,sexagem,status,observacoes) VALUES ('b46fc606-6214-4eb0-ab4d-1135a9e1d06d','aaaaaaaa-0000-0000-0000-000000000001','2819ca08-04fe-4473-9803-a3c40a1e3ff9',NULL,NULL,'FEMEA','IMPLANTADO',NULL);
INSERT INTO transfers (id,farm_id,embryo_id,responsavel,data_te) VALUES ('8b31883b-0c8f-42cd-8a35-228d93745275','aaaaaaaa-0000-0000-0000-000000000001','b46fc606-6214-4eb0-ab4d-1135a9e1d06d','GENEAL','2025-10-15');
INSERT INTO pregnancy_diagnoses (id,farm_id,transfer_id,data_dg,resultado,data_previsao_parto) VALUES ('819589b3-3691-4f48-adcc-59f3bb9bdae8','aaaaaaaa-0000-0000-0000-000000000001','8b31883b-0c8f-42cd-8a35-228d93745275','2025-07-25','POSITIVO','2025-07-25');
INSERT INTO embryos (id,farm_id,aspiration_id,numero_cdc_fiv,numero_adt_te,sexagem,status,observacoes) VALUES ('39106e23-9073-48b0-88c2-a18f8e2f14c3','aaaaaaaa-0000-0000-0000-000000000001','2819ca08-04fe-4473-9803-a3c40a1e3ff9',NULL,NULL,'FEMEA','IMPLANTADO',NULL);
INSERT INTO transfers (id,farm_id,embryo_id,responsavel,data_te) VALUES ('62dd7b03-154f-4826-a210-7bc2c4862a45','aaaaaaaa-0000-0000-0000-000000000001','39106e23-9073-48b0-88c2-a18f8e2f14c3','GENEAL','2025-10-15');
INSERT INTO pregnancy_diagnoses (id,farm_id,transfer_id,data_dg,resultado,data_previsao_parto) VALUES ('85f0b8db-24d1-40c1-b444-f934cde9d6b8','aaaaaaaa-0000-0000-0000-000000000001','62dd7b03-154f-4826-a210-7bc2c4862a45','2025-07-25','POSITIVO','2025-07-25');
INSERT INTO embryos (id,farm_id,aspiration_id,numero_cdc_fiv,numero_adt_te,sexagem,status,observacoes) VALUES ('270beef8-4f59-46fd-9805-8f0a7f0b0089','aaaaaaaa-0000-0000-0000-000000000001','2819ca08-04fe-4473-9803-a3c40a1e3ff9',NULL,NULL,'FEMEA','IMPLANTADO',NULL);
INSERT INTO transfers (id,farm_id,embryo_id,responsavel,data_te) VALUES ('b2672b2e-093a-4ee4-b8a0-9b90aeee6d29','aaaaaaaa-0000-0000-0000-000000000001','270beef8-4f59-46fd-9805-8f0a7f0b0089','GENEAL','2025-10-15');
INSERT INTO pregnancy_diagnoses (id,farm_id,transfer_id,data_dg,resultado,data_previsao_parto) VALUES ('68cbb91d-a7d1-46b2-9cb2-c51259148a89','aaaaaaaa-0000-0000-0000-000000000001','b2672b2e-093a-4ee4-b8a0-9b90aeee6d29','2025-07-25','POSITIVO','2025-07-25');
INSERT INTO embryos (id,farm_id,aspiration_id,numero_cdc_fiv,numero_adt_te,sexagem,status,observacoes) VALUES ('f4e83843-94a4-46a1-9fdb-310079ede481','aaaaaaaa-0000-0000-0000-000000000001','2819ca08-04fe-4473-9803-a3c40a1e3ff9',NULL,NULL,'FEMEA','IMPLANTADO',NULL);
INSERT INTO transfers (id,farm_id,embryo_id,responsavel,data_te) VALUES ('e19225e2-51f2-4893-9441-61d8a0a5d891','aaaaaaaa-0000-0000-0000-000000000001','f4e83843-94a4-46a1-9fdb-310079ede481','GENEAL','2025-10-15');
INSERT INTO pregnancy_diagnoses (id,farm_id,transfer_id,data_dg,resultado,data_previsao_parto) VALUES ('8e8e3d46-8d7c-4934-bd39-118e443f45f2','aaaaaaaa-0000-0000-0000-000000000001','e19225e2-51f2-4893-9441-61d8a0a5d891','2025-07-25','POSITIVO','2025-07-25');
INSERT INTO embryos (id,farm_id,aspiration_id,numero_cdc_fiv,numero_adt_te,sexagem,status,observacoes) VALUES ('b7928e1c-6d90-4c14-9754-7cfd867c6cf3','aaaaaaaa-0000-0000-0000-000000000001','2819ca08-04fe-4473-9803-a3c40a1e3ff9',NULL,NULL,'FEMEA','IMPLANTADO',NULL);
INSERT INTO transfers (id,farm_id,embryo_id,responsavel,data_te) VALUES ('7a36f6f6-76dd-4a4d-a71e-d0023cfc4c0c','aaaaaaaa-0000-0000-0000-000000000001','b7928e1c-6d90-4c14-9754-7cfd867c6cf3','GENEAL','2025-10-15');
INSERT INTO pregnancy_diagnoses (id,farm_id,transfer_id,data_dg,resultado,data_previsao_parto) VALUES ('bd4347c4-b415-4dd5-8eae-20940b1ca02a','aaaaaaaa-0000-0000-0000-000000000001','7a36f6f6-76dd-4a4d-a71e-d0023cfc4c0c','2025-07-25','POSITIVO','2025-07-25');
INSERT INTO embryos (id,farm_id,aspiration_id,numero_cdc_fiv,numero_adt_te,sexagem,status,observacoes) VALUES ('9bccd751-77cf-430a-a490-72adab7c5eea','aaaaaaaa-0000-0000-0000-000000000001','2819ca08-04fe-4473-9803-a3c40a1e3ff9',NULL,NULL,'FEMEA','IMPLANTADO',NULL);
INSERT INTO transfers (id,farm_id,embryo_id,responsavel,data_te) VALUES ('a8031f2f-6efb-4a6b-b6cd-cfeafae0e46d','aaaaaaaa-0000-0000-0000-000000000001','9bccd751-77cf-430a-a490-72adab7c5eea','GENEAL','2025-10-15');
INSERT INTO pregnancy_diagnoses (id,farm_id,transfer_id,data_dg,resultado,data_previsao_parto) VALUES ('9dde1778-6689-4fc0-a9a2-42f42fa505ce','aaaaaaaa-0000-0000-0000-000000000001','a8031f2f-6efb-4a6b-b6cd-cfeafae0e46d','2025-07-25','POSITIVO','2025-07-25');
INSERT INTO embryos (id,farm_id,aspiration_id,numero_cdc_fiv,numero_adt_te,sexagem,status,observacoes) VALUES ('c108b3ae-211c-410b-8063-bb1d3cf3e7b1','aaaaaaaa-0000-0000-0000-000000000001','2819ca08-04fe-4473-9803-a3c40a1e3ff9',NULL,NULL,'FEMEA','IMPLANTADO',NULL);
INSERT INTO transfers (id,farm_id,embryo_id,responsavel,data_te) VALUES ('117508c3-eca2-4738-8441-3b6b5c5670df','aaaaaaaa-0000-0000-0000-000000000001','c108b3ae-211c-410b-8063-bb1d3cf3e7b1','GENEAL','2025-10-15');
INSERT INTO pregnancy_diagnoses (id,farm_id,transfer_id,data_dg,resultado,data_previsao_parto) VALUES ('1c5a14bd-e8b4-4769-addc-d507ab7dbc28','aaaaaaaa-0000-0000-0000-000000000001','117508c3-eca2-4738-8441-3b6b5c5670df','2025-07-25','POSITIVO','2025-07-25');
INSERT INTO embryos (id,farm_id,aspiration_id,numero_cdc_fiv,numero_adt_te,sexagem,status,observacoes) VALUES ('7af3f5e6-5510-438e-9935-228610caffd9','aaaaaaaa-0000-0000-0000-000000000001','2819ca08-04fe-4473-9803-a3c40a1e3ff9',NULL,NULL,'MACHO','IMPLANTADO',NULL);
INSERT INTO transfers (id,farm_id,embryo_id,responsavel,data_te) VALUES ('4d466e6d-5665-4058-9c1e-25e0b6697dba','aaaaaaaa-0000-0000-0000-000000000001','7af3f5e6-5510-438e-9935-228610caffd9','GENEAL','2025-10-15');
INSERT INTO pregnancy_diagnoses (id,farm_id,transfer_id,data_dg,resultado,data_previsao_parto) VALUES ('1f6ab9b0-9bb9-4133-a670-a04df6631a42','aaaaaaaa-0000-0000-0000-000000000001','4d466e6d-5665-4058-9c1e-25e0b6697dba','2025-07-25','POSITIVO','2025-07-25');
INSERT INTO embryos (id,farm_id,aspiration_id,numero_cdc_fiv,numero_adt_te,sexagem,status,observacoes) VALUES ('aa175808-602c-4b33-af57-7004990705f5','aaaaaaaa-0000-0000-0000-000000000001','2819ca08-04fe-4473-9803-a3c40a1e3ff9',NULL,NULL,'MACHO','IMPLANTADO',NULL);
INSERT INTO transfers (id,farm_id,embryo_id,responsavel,data_te) VALUES ('a15bade5-e475-46c2-a246-627e700ec2c3','aaaaaaaa-0000-0000-0000-000000000001','aa175808-602c-4b33-af57-7004990705f5','GENEAL','2025-10-15');
INSERT INTO pregnancy_diagnoses (id,farm_id,transfer_id,data_dg,resultado,data_previsao_parto) VALUES ('06cf5fe8-64cb-4a37-b3a3-b42d0420728e','aaaaaaaa-0000-0000-0000-000000000001','a15bade5-e475-46c2-a246-627e700ec2c3','2025-07-25','POSITIVO','2025-07-25');
INSERT INTO embryos (id,farm_id,aspiration_id,numero_cdc_fiv,numero_adt_te,sexagem,status,observacoes) VALUES ('350bed61-a96f-49fd-8baa-946f1614f4f1','aaaaaaaa-0000-0000-0000-000000000001','2819ca08-04fe-4473-9803-a3c40a1e3ff9',NULL,NULL,'MACHO','IMPLANTADO',NULL);
INSERT INTO transfers (id,farm_id,embryo_id,responsavel,data_te) VALUES ('e6aee686-95f1-49db-8064-44f825f365be','aaaaaaaa-0000-0000-0000-000000000001','350bed61-a96f-49fd-8baa-946f1614f4f1','GENEAL','2025-10-15');
INSERT INTO pregnancy_diagnoses (id,farm_id,transfer_id,data_dg,resultado,data_previsao_parto) VALUES ('9cbd0e67-b986-4130-a69b-64519422731b','aaaaaaaa-0000-0000-0000-000000000001','e6aee686-95f1-49db-8064-44f825f365be','2025-07-25','POSITIVO','2025-07-25');
INSERT INTO embryos (id,farm_id,aspiration_id,numero_cdc_fiv,numero_adt_te,sexagem,status,observacoes) VALUES ('6b1c51d2-abb1-4d49-9fbe-9bf031a0dd66','aaaaaaaa-0000-0000-0000-000000000001','2819ca08-04fe-4473-9803-a3c40a1e3ff9',NULL,NULL,'MACHO','IMPLANTADO',NULL);
INSERT INTO transfers (id,farm_id,embryo_id,responsavel,data_te) VALUES ('68d260a9-5403-4a4d-8bd1-cbbd68c9d7d8','aaaaaaaa-0000-0000-0000-000000000001','6b1c51d2-abb1-4d49-9fbe-9bf031a0dd66','GENEAL','2025-10-15');
INSERT INTO pregnancy_diagnoses (id,farm_id,transfer_id,data_dg,resultado,data_previsao_parto) VALUES ('4fc28aa2-c1ed-4e42-a2a4-747285c37e0a','aaaaaaaa-0000-0000-0000-000000000001','68d260a9-5403-4a4d-8bd1-cbbd68c9d7d8','2025-07-25','POSITIVO','2025-07-25');
INSERT INTO embryos (id,farm_id,aspiration_id,numero_cdc_fiv,numero_adt_te,sexagem,status,observacoes) VALUES ('df177025-2eac-4bcd-8521-34773fe6b3b9','aaaaaaaa-0000-0000-0000-000000000001','2819ca08-04fe-4473-9803-a3c40a1e3ff9',NULL,NULL,'MACHO','IMPLANTADO',NULL);
INSERT INTO transfers (id,farm_id,embryo_id,responsavel,data_te) VALUES ('c96aea52-a266-4b8e-9533-e126f31cefb9','aaaaaaaa-0000-0000-0000-000000000001','df177025-2eac-4bcd-8521-34773fe6b3b9','GENEAL','2025-10-15');
INSERT INTO pregnancy_diagnoses (id,farm_id,transfer_id,data_dg,resultado,data_previsao_parto) VALUES ('dc52338f-a471-4381-a9e4-682f806c647b','aaaaaaaa-0000-0000-0000-000000000001','c96aea52-a266-4b8e-9533-e126f31cefb9','2025-07-25','POSITIVO','2025-07-25');
INSERT INTO embryos (id,farm_id,aspiration_id,numero_cdc_fiv,numero_adt_te,sexagem,status,observacoes) VALUES ('e5944f0a-9311-400f-9073-32d211dd1a5e','aaaaaaaa-0000-0000-0000-000000000001','2819ca08-04fe-4473-9803-a3c40a1e3ff9',NULL,NULL,'MACHO','IMPLANTADO',NULL);
INSERT INTO transfers (id,farm_id,embryo_id,responsavel,data_te) VALUES ('79728a8e-8c5d-4819-ada9-3fc6a43b92e7','aaaaaaaa-0000-0000-0000-000000000001','e5944f0a-9311-400f-9073-32d211dd1a5e','GENEAL','2025-10-15');
INSERT INTO pregnancy_diagnoses (id,farm_id,transfer_id,data_dg,resultado,data_previsao_parto) VALUES ('beefb81f-fa55-45ad-9ccf-7a70a78eebb0','aaaaaaaa-0000-0000-0000-000000000001','79728a8e-8c5d-4819-ada9-3fc6a43b92e7','2025-07-25','POSITIVO','2025-07-25');
INSERT INTO embryos (id,farm_id,aspiration_id,numero_cdc_fiv,numero_adt_te,sexagem,status,observacoes) VALUES ('163548af-e17c-4c9d-a5f6-ff00be9334d3','aaaaaaaa-0000-0000-0000-000000000001','2819ca08-04fe-4473-9803-a3c40a1e3ff9',NULL,NULL,'MACHO','IMPLANTADO',NULL);
INSERT INTO transfers (id,farm_id,embryo_id,responsavel,data_te) VALUES ('c2838a0a-7919-4f0a-b1c9-791afd5cd711','aaaaaaaa-0000-0000-0000-000000000001','163548af-e17c-4c9d-a5f6-ff00be9334d3','GENEAL','2025-10-15');
INSERT INTO pregnancy_diagnoses (id,farm_id,transfer_id,data_dg,resultado,data_previsao_parto) VALUES ('cc6e047c-6960-4831-9203-390d8421beee','aaaaaaaa-0000-0000-0000-000000000001','c2838a0a-7919-4f0a-b1c9-791afd5cd711','2025-07-25','POSITIVO','2025-07-25');
INSERT INTO opu_sessions (id,farm_id,data,responsavel,tipo) VALUES ('2733681a-e55f-4ae0-bf3a-cce8390d597e','aaaaaaaa-0000-0000-0000-000000000001','2026-02-05','JULIANO','REALIZADA');
INSERT INTO aspirations (id,farm_id,session_id,doadora_id,doadora_nome,touro_nome) VALUES ('6b646d5e-4690-4fcd-8a84-dfafb4f1aaea','aaaaaaaa-0000-0000-0000-000000000001','2733681a-e55f-4ae0-bf3a-cce8390d597e',NULL,'ESTONIA (TLBF 89)','BOBY HRO');
INSERT INTO embryos (id,farm_id,aspiration_id,numero_cdc_fiv,numero_adt_te,sexagem,status,observacoes) VALUES ('ed074c69-496f-42d3-886d-de18f24d123b','aaaaaaaa-0000-0000-0000-000000000001','6b646d5e-4690-4fcd-8a84-dfafb4f1aaea',NULL,NULL,'NAO_SEXADO','IMPLANTADO',NULL);
INSERT INTO transfers (id,farm_id,embryo_id,responsavel,data_te) VALUES ('16492a3b-c5ba-4d7a-a3cf-5cddcec1e5be','aaaaaaaa-0000-0000-0000-000000000001','ed074c69-496f-42d3-886d-de18f24d123b','JULIANO','2026-02-05');
INSERT INTO pregnancy_diagnoses (id,farm_id,transfer_id,data_dg,resultado,data_previsao_parto) VALUES ('4f197042-a102-4a81-b83f-3a2275254aa1','aaaaaaaa-0000-0000-0000-000000000001','16492a3b-c5ba-4d7a-a3cf-5cddcec1e5be','2026-11-18','POSITIVO','2026-11-18');
INSERT INTO opu_sessions (id,farm_id,data,responsavel,tipo) VALUES ('ca8c0bc2-656e-45af-b7e4-59d254fd7e41','aaaaaaaa-0000-0000-0000-000000000001','2026-02-05','JULIANO','REALIZADA');
INSERT INTO aspirations (id,farm_id,session_id,doadora_id,doadora_nome,touro_nome) VALUES ('5edbe815-1e44-4afe-b591-f6855d4a7ec3','aaaaaaaa-0000-0000-0000-000000000001','ca8c0bc2-656e-45af-b7e4-59d254fd7e41',NULL,'CAYMAN (RSBP 6057)','RIMA FIV SUDÃO');
INSERT INTO embryos (id,farm_id,aspiration_id,numero_cdc_fiv,numero_adt_te,sexagem,status,observacoes) VALUES ('84402353-1f8d-4584-a7a0-6d51d474e55e','aaaaaaaa-0000-0000-0000-000000000001','5edbe815-1e44-4afe-b591-f6855d4a7ec3',NULL,NULL,'NAO_SEXADO','IMPLANTADO',NULL);
INSERT INTO transfers (id,farm_id,embryo_id,responsavel,data_te) VALUES ('f940097c-d535-4c4f-bc18-fd272f06cfc9','aaaaaaaa-0000-0000-0000-000000000001','84402353-1f8d-4584-a7a0-6d51d474e55e','JULIANO','2026-02-05');
INSERT INTO pregnancy_diagnoses (id,farm_id,transfer_id,data_dg,resultado,data_previsao_parto) VALUES ('2ed805ea-fc8b-407e-a0ae-4c895013ca8c','aaaaaaaa-0000-0000-0000-000000000001','f940097c-d535-4c4f-bc18-fd272f06cfc9','2026-11-18','POSITIVO','2026-11-18');
INSERT INTO opu_sessions (id,farm_id,data,responsavel,tipo) VALUES ('8ddc89f8-c766-4050-8fab-e8b8a2cf9174','aaaaaaaa-0000-0000-0000-000000000001','2026-02-05','JULIANO','REALIZADA');
INSERT INTO aspirations (id,farm_id,session_id,doadora_id,doadora_nome,touro_nome) VALUES ('18b9b1d5-c292-46af-a7ae-0f98b822c645','aaaaaaaa-0000-0000-0000-000000000001','8ddc89f8-c766-4050-8fab-e8b8a2cf9174',NULL,'KHAYRA IX (LUCE 450)','RIMA FIV SUDÃO');
INSERT INTO embryos (id,farm_id,aspiration_id,numero_cdc_fiv,numero_adt_te,sexagem,status,observacoes) VALUES ('37a4cbc8-d068-4a75-8ba9-f6478b08933e','aaaaaaaa-0000-0000-0000-000000000001','18b9b1d5-c292-46af-a7ae-0f98b822c645',NULL,NULL,'NAO_SEXADO','IMPLANTADO',NULL);
INSERT INTO transfers (id,farm_id,embryo_id,responsavel,data_te) VALUES ('3b6de848-b34b-43e3-93fb-45fd99e7f912','aaaaaaaa-0000-0000-0000-000000000001','37a4cbc8-d068-4a75-8ba9-f6478b08933e','JULIANO','2026-02-05');
INSERT INTO pregnancy_diagnoses (id,farm_id,transfer_id,data_dg,resultado,data_previsao_parto) VALUES ('8c1717a7-a809-4f34-817f-c52023f37736','aaaaaaaa-0000-0000-0000-000000000001','3b6de848-b34b-43e3-93fb-45fd99e7f912','2026-11-18','POSITIVO','2026-11-18');
INSERT INTO opu_sessions (id,farm_id,data,responsavel,tipo) VALUES ('dcad3b74-f4f9-4638-8ec4-16e148e015f8','aaaaaaaa-0000-0000-0000-000000000001','2026-02-05','JULIANO','REALIZADA');
INSERT INTO aspirations (id,farm_id,session_id,doadora_id,doadora_nome,touro_nome) VALUES ('fe927276-8bf0-4d18-ad62-77721f389197','aaaaaaaa-0000-0000-0000-000000000001','dcad3b74-f4f9-4638-8ec4-16e148e015f8',NULL,'AZURRA (GIBE 1735)','BOBY HRO');
INSERT INTO embryos (id,farm_id,aspiration_id,numero_cdc_fiv,numero_adt_te,sexagem,status,observacoes) VALUES ('33a1f419-c9b0-4466-8dad-2ab94ceb3bdf','aaaaaaaa-0000-0000-0000-000000000001','fe927276-8bf0-4d18-ad62-77721f389197',NULL,NULL,'NAO_SEXADO','IMPLANTADO',NULL);
INSERT INTO transfers (id,farm_id,embryo_id,responsavel,data_te) VALUES ('4cfa20ce-4530-45fe-bfc6-56de1fb650e2','aaaaaaaa-0000-0000-0000-000000000001','33a1f419-c9b0-4466-8dad-2ab94ceb3bdf','JULIANO','2026-02-05');
INSERT INTO pregnancy_diagnoses (id,farm_id,transfer_id,data_dg,resultado,data_previsao_parto) VALUES ('6ec0b5b6-024b-459c-a767-db016126f362','aaaaaaaa-0000-0000-0000-000000000001','4cfa20ce-4530-45fe-bfc6-56de1fb650e2','2026-11-18','POSITIVO','2026-11-18');
INSERT INTO embryos (id,farm_id,aspiration_id,numero_cdc_fiv,numero_adt_te,sexagem,status,observacoes) VALUES ('8e521ad0-1e6f-4140-b98a-761edb500a46','aaaaaaaa-0000-0000-0000-000000000001','18b9b1d5-c292-46af-a7ae-0f98b822c645',NULL,NULL,'NAO_SEXADO','IMPLANTADO',NULL);
INSERT INTO transfers (id,farm_id,embryo_id,responsavel,data_te) VALUES ('57270595-2d6d-4da3-80d7-1a22cce9f125','aaaaaaaa-0000-0000-0000-000000000001','8e521ad0-1e6f-4140-b98a-761edb500a46','JULIANO','2026-02-05');
INSERT INTO pregnancy_diagnoses (id,farm_id,transfer_id,data_dg,resultado,data_previsao_parto) VALUES ('35676135-a6c1-4d91-9a22-1e76f73e3f29','aaaaaaaa-0000-0000-0000-000000000001','57270595-2d6d-4da3-80d7-1a22cce9f125','2026-11-18','POSITIVO','2026-11-18');
INSERT INTO embryos (id,farm_id,aspiration_id,numero_cdc_fiv,numero_adt_te,sexagem,status,observacoes) VALUES ('fa1e34c1-5ef3-4dc6-bff7-8bdc7aa541d9','aaaaaaaa-0000-0000-0000-000000000001','18b9b1d5-c292-46af-a7ae-0f98b822c645',NULL,NULL,'NAO_SEXADO','IMPLANTADO',NULL);
INSERT INTO transfers (id,farm_id,embryo_id,responsavel,data_te) VALUES ('a9d67609-c2d2-4cfd-b3ff-35219b2cfbe2','aaaaaaaa-0000-0000-0000-000000000001','fa1e34c1-5ef3-4dc6-bff7-8bdc7aa541d9','JULIANO','2026-02-05');
INSERT INTO pregnancy_diagnoses (id,farm_id,transfer_id,data_dg,resultado,data_previsao_parto) VALUES ('fe523d73-07e6-47cb-9e89-57f40fd22a31','aaaaaaaa-0000-0000-0000-000000000001','a9d67609-c2d2-4cfd-b3ff-35219b2cfbe2','2026-11-18','POSITIVO','2026-11-18');
INSERT INTO embryos (id,farm_id,aspiration_id,numero_cdc_fiv,numero_adt_te,sexagem,status,observacoes) VALUES ('56829cf7-d736-413b-8ab7-2003e5c3d7d8','aaaaaaaa-0000-0000-0000-000000000001','18b9b1d5-c292-46af-a7ae-0f98b822c645',NULL,NULL,'NAO_SEXADO','IMPLANTADO',NULL);
INSERT INTO transfers (id,farm_id,embryo_id,responsavel,data_te) VALUES ('bf6796de-8320-4065-a2e5-ed1e9aca998f','aaaaaaaa-0000-0000-0000-000000000001','56829cf7-d736-413b-8ab7-2003e5c3d7d8','JULIANO','2026-02-05');
INSERT INTO pregnancy_diagnoses (id,farm_id,transfer_id,data_dg,resultado,data_previsao_parto) VALUES ('c3c54c09-cde8-4a57-bb57-bde51512748c','aaaaaaaa-0000-0000-0000-000000000001','bf6796de-8320-4065-a2e5-ed1e9aca998f','2026-11-18','POSITIVO','2026-11-18');
INSERT INTO embryos (id,farm_id,aspiration_id,numero_cdc_fiv,numero_adt_te,sexagem,status,observacoes) VALUES ('bc7e6b2b-327c-42e6-a7c2-8c5c8f56b791','aaaaaaaa-0000-0000-0000-000000000001','6b646d5e-4690-4fcd-8a84-dfafb4f1aaea',NULL,NULL,'NAO_SEXADO','IMPLANTADO',NULL);
INSERT INTO transfers (id,farm_id,embryo_id,responsavel,data_te) VALUES ('bf6514b5-2572-4faf-ab96-19246f2bc9c0','aaaaaaaa-0000-0000-0000-000000000001','bc7e6b2b-327c-42e6-a7c2-8c5c8f56b791','JULIANO','2026-02-05');
INSERT INTO pregnancy_diagnoses (id,farm_id,transfer_id,data_dg,resultado,data_previsao_parto) VALUES ('a4ef2f39-2213-4bdd-a03a-c40da0aff3d2','aaaaaaaa-0000-0000-0000-000000000001','bf6514b5-2572-4faf-ab96-19246f2bc9c0','2026-11-18','POSITIVO','2026-11-18');
INSERT INTO opu_sessions (id,farm_id,data,responsavel,tipo) VALUES ('8f84456b-a58b-471b-bcd6-2e76b84eb05d','aaaaaaaa-0000-0000-0000-000000000001','2026-02-05','JULIANO','REALIZADA');
INSERT INTO aspirations (id,farm_id,session_id,doadora_id,doadora_nome,touro_nome) VALUES ('2f16e5d2-1009-41ef-8e8c-4c1ff4fd0e4b','aaaaaaaa-0000-0000-0000-000000000001','8f84456b-a58b-471b-bcd6-2e76b84eb05d',NULL,'SOL (LUCE 202)','BOBY HRO');
INSERT INTO embryos (id,farm_id,aspiration_id,numero_cdc_fiv,numero_adt_te,sexagem,status,observacoes) VALUES ('3c105ee1-b804-4d1d-854a-b9dd758acdd8','aaaaaaaa-0000-0000-0000-000000000001','2f16e5d2-1009-41ef-8e8c-4c1ff4fd0e4b',NULL,NULL,'NAO_SEXADO','IMPLANTADO',NULL);
INSERT INTO transfers (id,farm_id,embryo_id,responsavel,data_te) VALUES ('cc3130ca-145c-4770-b58c-e4a86d5e1fe8','aaaaaaaa-0000-0000-0000-000000000001','3c105ee1-b804-4d1d-854a-b9dd758acdd8','JULIANO','2026-02-05');
INSERT INTO pregnancy_diagnoses (id,farm_id,transfer_id,data_dg,resultado,data_previsao_parto) VALUES ('bcb62a5f-f90a-4f77-990a-29877f492228','aaaaaaaa-0000-0000-0000-000000000001','cc3130ca-145c-4770-b58c-e4a86d5e1fe8','2026-11-18','POSITIVO','2026-11-18');
INSERT INTO embryos (id,farm_id,aspiration_id,numero_cdc_fiv,numero_adt_te,sexagem,status,observacoes) VALUES ('8c2914ea-17f4-477a-9b71-e612a2d2c3c3','aaaaaaaa-0000-0000-0000-000000000001','5edbe815-1e44-4afe-b591-f6855d4a7ec3',NULL,NULL,'NAO_SEXADO','IMPLANTADO',NULL);
INSERT INTO transfers (id,farm_id,embryo_id,responsavel,data_te) VALUES ('3ec77a05-9146-48ca-a63c-eaca09e26238','aaaaaaaa-0000-0000-0000-000000000001','8c2914ea-17f4-477a-9b71-e612a2d2c3c3','JULIANO','2026-02-05');
INSERT INTO pregnancy_diagnoses (id,farm_id,transfer_id,data_dg,resultado,data_previsao_parto) VALUES ('be5207ad-5154-4e11-a369-b1f13906d6ce','aaaaaaaa-0000-0000-0000-000000000001','3ec77a05-9146-48ca-a63c-eaca09e26238','2026-11-18','POSITIVO','2026-11-18');
INSERT INTO embryos (id,farm_id,aspiration_id,numero_cdc_fiv,numero_adt_te,sexagem,status,observacoes) VALUES ('8092cc16-708c-439d-93bc-3d59d8feb612','aaaaaaaa-0000-0000-0000-000000000001','18b9b1d5-c292-46af-a7ae-0f98b822c645',NULL,NULL,'NAO_SEXADO','IMPLANTADO',NULL);
INSERT INTO transfers (id,farm_id,embryo_id,responsavel,data_te) VALUES ('04a96b64-36d7-4b59-890e-386a1dd47c58','aaaaaaaa-0000-0000-0000-000000000001','8092cc16-708c-439d-93bc-3d59d8feb612','JULIANO','2026-02-05');
INSERT INTO pregnancy_diagnoses (id,farm_id,transfer_id,data_dg,resultado,data_previsao_parto) VALUES ('bb0f7445-895b-4569-91bf-67b1df8ccc71','aaaaaaaa-0000-0000-0000-000000000001','04a96b64-36d7-4b59-890e-386a1dd47c58','2026-11-18','POSITIVO','2026-11-18');
INSERT INTO embryos (id,farm_id,aspiration_id,numero_cdc_fiv,numero_adt_te,sexagem,status,observacoes) VALUES ('94bbf4fa-443c-49bc-8c35-d017e36b3e10','aaaaaaaa-0000-0000-0000-000000000001','18b9b1d5-c292-46af-a7ae-0f98b822c645',NULL,NULL,'NAO_SEXADO','IMPLANTADO',NULL);
INSERT INTO transfers (id,farm_id,embryo_id,responsavel,data_te) VALUES ('56b75921-248d-420a-94f8-f3becf34954f','aaaaaaaa-0000-0000-0000-000000000001','94bbf4fa-443c-49bc-8c35-d017e36b3e10','JULIANO','2026-02-05');
INSERT INTO pregnancy_diagnoses (id,farm_id,transfer_id,data_dg,resultado,data_previsao_parto) VALUES ('b86b4081-bc80-4a0e-9156-b85aa8ad9bfa','aaaaaaaa-0000-0000-0000-000000000001','56b75921-248d-420a-94f8-f3becf34954f','2026-11-18','POSITIVO','2026-11-18');
INSERT INTO embryos (id,farm_id,aspiration_id,numero_cdc_fiv,numero_adt_te,sexagem,status,observacoes) VALUES ('d93d84a1-5525-4a2a-91cf-857f1fda646c','aaaaaaaa-0000-0000-0000-000000000001','18b9b1d5-c292-46af-a7ae-0f98b822c645',NULL,NULL,'NAO_SEXADO','IMPLANTADO',NULL);
INSERT INTO transfers (id,farm_id,embryo_id,responsavel,data_te) VALUES ('e8683631-2afb-4295-9f68-fcb827638fa9','aaaaaaaa-0000-0000-0000-000000000001','d93d84a1-5525-4a2a-91cf-857f1fda646c','JULIANO','2026-02-05');
INSERT INTO pregnancy_diagnoses (id,farm_id,transfer_id,data_dg,resultado,data_previsao_parto) VALUES ('404bed64-25d0-4808-aac2-eb92478b7b39','aaaaaaaa-0000-0000-0000-000000000001','e8683631-2afb-4295-9f68-fcb827638fa9','2026-11-18','POSITIVO','2026-11-18');
INSERT INTO embryos (id,farm_id,aspiration_id,numero_cdc_fiv,numero_adt_te,sexagem,status,observacoes) VALUES ('054cd0cc-06e4-4c4d-9cd6-bbfb43729e15','aaaaaaaa-0000-0000-0000-000000000001','18b9b1d5-c292-46af-a7ae-0f98b822c645',NULL,NULL,'NAO_SEXADO','IMPLANTADO',NULL);
INSERT INTO transfers (id,farm_id,embryo_id,responsavel,data_te) VALUES ('6d384eda-28ab-4908-ac6e-f56b90b2e3d5','aaaaaaaa-0000-0000-0000-000000000001','054cd0cc-06e4-4c4d-9cd6-bbfb43729e15','JULIANO','2026-02-05');
INSERT INTO pregnancy_diagnoses (id,farm_id,transfer_id,data_dg,resultado,data_previsao_parto) VALUES ('4905cceb-6996-4ce1-a49c-e791e6c6ae86','aaaaaaaa-0000-0000-0000-000000000001','6d384eda-28ab-4908-ac6e-f56b90b2e3d5','2026-11-18','POSITIVO','2026-11-18');
INSERT INTO embryos (id,farm_id,aspiration_id,numero_cdc_fiv,numero_adt_te,sexagem,status,observacoes) VALUES ('48269996-7e0f-4c14-9851-e4211f9aee14','aaaaaaaa-0000-0000-0000-000000000001','18b9b1d5-c292-46af-a7ae-0f98b822c645',NULL,NULL,'NAO_SEXADO','IMPLANTADO',NULL);
INSERT INTO transfers (id,farm_id,embryo_id,responsavel,data_te) VALUES ('01cb3093-e203-4fff-b972-6361abe7a584','aaaaaaaa-0000-0000-0000-000000000001','48269996-7e0f-4c14-9851-e4211f9aee14','JULIANO','2026-02-05');
INSERT INTO pregnancy_diagnoses (id,farm_id,transfer_id,data_dg,resultado,data_previsao_parto) VALUES ('29693521-d451-4335-97f3-331e8b8b9b34','aaaaaaaa-0000-0000-0000-000000000001','01cb3093-e203-4fff-b972-6361abe7a584','2026-11-18','POSITIVO','2026-11-18');
INSERT INTO embryos (id,farm_id,aspiration_id,numero_cdc_fiv,numero_adt_te,sexagem,status,observacoes) VALUES ('a64000a0-5a4b-4afc-a8a1-c1a1e6241d50','aaaaaaaa-0000-0000-0000-000000000001','2f16e5d2-1009-41ef-8e8c-4c1ff4fd0e4b',NULL,NULL,'NAO_SEXADO','IMPLANTADO',NULL);
INSERT INTO transfers (id,farm_id,embryo_id,responsavel,data_te) VALUES ('02c808d7-6fd4-442a-83d4-51c081c39517','aaaaaaaa-0000-0000-0000-000000000001','a64000a0-5a4b-4afc-a8a1-c1a1e6241d50','JULIANO','2026-02-05');
INSERT INTO pregnancy_diagnoses (id,farm_id,transfer_id,data_dg,resultado,data_previsao_parto) VALUES ('7b09fa77-f7d3-44d0-b95f-aabf491ab4de','aaaaaaaa-0000-0000-0000-000000000001','02c808d7-6fd4-442a-83d4-51c081c39517','2026-11-18','POSITIVO','2026-11-18');
INSERT INTO embryos (id,farm_id,aspiration_id,numero_cdc_fiv,numero_adt_te,sexagem,status,observacoes) VALUES ('b0aa5466-a44e-48d8-bdce-34642ae005f8','aaaaaaaa-0000-0000-0000-000000000001','2f16e5d2-1009-41ef-8e8c-4c1ff4fd0e4b',NULL,NULL,'NAO_SEXADO','IMPLANTADO',NULL);
INSERT INTO transfers (id,farm_id,embryo_id,responsavel,data_te) VALUES ('1a8ac0d2-d03d-4331-8e20-946fadd541f9','aaaaaaaa-0000-0000-0000-000000000001','b0aa5466-a44e-48d8-bdce-34642ae005f8','JULIANO','2026-02-05');
INSERT INTO pregnancy_diagnoses (id,farm_id,transfer_id,data_dg,resultado,data_previsao_parto) VALUES ('e3767633-2613-4523-adc0-cd718f0cf789','aaaaaaaa-0000-0000-0000-000000000001','1a8ac0d2-d03d-4331-8e20-946fadd541f9','2026-11-18','POSITIVO','2026-11-18');
INSERT INTO embryos (id,farm_id,aspiration_id,numero_cdc_fiv,numero_adt_te,sexagem,status,observacoes) VALUES ('4be4dd7f-6e22-43c1-8bc9-f5f7417da852','aaaaaaaa-0000-0000-0000-000000000001','18b9b1d5-c292-46af-a7ae-0f98b822c645',NULL,NULL,'NAO_SEXADO','IMPLANTADO',NULL);
INSERT INTO transfers (id,farm_id,embryo_id,responsavel,data_te) VALUES ('c6723a11-c226-4fee-b5fc-4f579f285f6d','aaaaaaaa-0000-0000-0000-000000000001','4be4dd7f-6e22-43c1-8bc9-f5f7417da852','JULIANO','2026-02-05');
INSERT INTO pregnancy_diagnoses (id,farm_id,transfer_id,data_dg,resultado,data_previsao_parto) VALUES ('3b0be70f-4c18-48ab-b95c-ccfbe20943e9','aaaaaaaa-0000-0000-0000-000000000001','c6723a11-c226-4fee-b5fc-4f579f285f6d','2026-11-18','POSITIVO','2026-11-18');
INSERT INTO embryos (id,farm_id,aspiration_id,numero_cdc_fiv,numero_adt_te,sexagem,status,observacoes) VALUES ('09a60b74-5dec-49de-ac66-2acf79a048a7','aaaaaaaa-0000-0000-0000-000000000001','18b9b1d5-c292-46af-a7ae-0f98b822c645',NULL,NULL,'NAO_SEXADO','IMPLANTADO',NULL);
INSERT INTO transfers (id,farm_id,embryo_id,responsavel,data_te) VALUES ('c09f0b63-b8b8-423c-96e4-eb01b0854607','aaaaaaaa-0000-0000-0000-000000000001','09a60b74-5dec-49de-ac66-2acf79a048a7','JULIANO','2026-02-05');
INSERT INTO pregnancy_diagnoses (id,farm_id,transfer_id,data_dg,resultado,data_previsao_parto) VALUES ('d4370fae-0f81-45db-a669-3ce68659286d','aaaaaaaa-0000-0000-0000-000000000001','c09f0b63-b8b8-423c-96e4-eb01b0854607','2026-11-18','POSITIVO','2026-11-18');
INSERT INTO embryos (id,farm_id,aspiration_id,numero_cdc_fiv,numero_adt_te,sexagem,status,observacoes) VALUES ('4b704441-8614-4f46-90ee-67d391f1df4d','aaaaaaaa-0000-0000-0000-000000000001','18b9b1d5-c292-46af-a7ae-0f98b822c645',NULL,NULL,'NAO_SEXADO','IMPLANTADO',NULL);
INSERT INTO transfers (id,farm_id,embryo_id,responsavel,data_te) VALUES ('ee277f17-de5b-47b0-b6c1-481cb8188352','aaaaaaaa-0000-0000-0000-000000000001','4b704441-8614-4f46-90ee-67d391f1df4d','JULIANO','2026-02-05');
INSERT INTO pregnancy_diagnoses (id,farm_id,transfer_id,data_dg,resultado,data_previsao_parto) VALUES ('8e407b8f-4874-4c95-8b9e-28407342f25c','aaaaaaaa-0000-0000-0000-000000000001','ee277f17-de5b-47b0-b6c1-481cb8188352','2026-11-18','POSITIVO','2026-11-18');
INSERT INTO embryos (id,farm_id,aspiration_id,numero_cdc_fiv,numero_adt_te,sexagem,status,observacoes) VALUES ('c53c9c08-12d2-45d2-a727-f58b92fd7751','aaaaaaaa-0000-0000-0000-000000000001','18b9b1d5-c292-46af-a7ae-0f98b822c645',NULL,NULL,'NAO_SEXADO','IMPLANTADO',NULL);
INSERT INTO transfers (id,farm_id,embryo_id,responsavel,data_te) VALUES ('f2345401-93e2-42a8-8ae1-a78907c90ade','aaaaaaaa-0000-0000-0000-000000000001','c53c9c08-12d2-45d2-a727-f58b92fd7751','JULIANO','2026-02-05');
INSERT INTO pregnancy_diagnoses (id,farm_id,transfer_id,data_dg,resultado,data_previsao_parto) VALUES ('18310500-3dd5-4442-ba55-ebb37715b2d0','aaaaaaaa-0000-0000-0000-000000000001','f2345401-93e2-42a8-8ae1-a78907c90ade','2026-11-18','POSITIVO','2026-11-18');
INSERT INTO embryos (id,farm_id,aspiration_id,numero_cdc_fiv,numero_adt_te,sexagem,status,observacoes) VALUES ('28e0c7cb-7d1e-4a27-9606-be3af3702e08','aaaaaaaa-0000-0000-0000-000000000001','18b9b1d5-c292-46af-a7ae-0f98b822c645',NULL,NULL,'NAO_SEXADO','IMPLANTADO',NULL);
INSERT INTO transfers (id,farm_id,embryo_id,responsavel,data_te) VALUES ('3a8f2ad5-3740-4c4b-be70-f8269d2faa50','aaaaaaaa-0000-0000-0000-000000000001','28e0c7cb-7d1e-4a27-9606-be3af3702e08','JULIANO','2026-02-05');
INSERT INTO pregnancy_diagnoses (id,farm_id,transfer_id,data_dg,resultado,data_previsao_parto) VALUES ('2557db7e-d27a-4419-8864-60c1d2e7e763','aaaaaaaa-0000-0000-0000-000000000001','3a8f2ad5-3740-4c4b-be70-f8269d2faa50','2026-11-18','POSITIVO','2026-11-18');
INSERT INTO embryos (id,farm_id,aspiration_id,numero_cdc_fiv,numero_adt_te,sexagem,status,observacoes) VALUES ('1a1f7c99-ed48-4714-9ec8-8679a5ad63a1','aaaaaaaa-0000-0000-0000-000000000001','18b9b1d5-c292-46af-a7ae-0f98b822c645',NULL,NULL,'NAO_SEXADO','IMPLANTADO',NULL);
INSERT INTO transfers (id,farm_id,embryo_id,responsavel,data_te) VALUES ('a5359538-0529-4efb-9c18-fc102bc16b20','aaaaaaaa-0000-0000-0000-000000000001','1a1f7c99-ed48-4714-9ec8-8679a5ad63a1','JULIANO','2026-02-05');
INSERT INTO pregnancy_diagnoses (id,farm_id,transfer_id,data_dg,resultado,data_previsao_parto) VALUES ('c89d046f-f130-4df9-94cf-493218611abb','aaaaaaaa-0000-0000-0000-000000000001','a5359538-0529-4efb-9c18-fc102bc16b20','2026-11-18','POSITIVO','2026-11-18');
INSERT INTO embryos (id,farm_id,aspiration_id,numero_cdc_fiv,numero_adt_te,sexagem,status,observacoes) VALUES ('68b52172-a6ea-48aa-b054-c1e6fb9269ff','aaaaaaaa-0000-0000-0000-000000000001','18b9b1d5-c292-46af-a7ae-0f98b822c645',NULL,NULL,'NAO_SEXADO','IMPLANTADO',NULL);
INSERT INTO transfers (id,farm_id,embryo_id,responsavel,data_te) VALUES ('ed8ef13a-09a8-4d15-9fde-2904b955ab55','aaaaaaaa-0000-0000-0000-000000000001','68b52172-a6ea-48aa-b054-c1e6fb9269ff','JULIANO','2026-02-05');
INSERT INTO pregnancy_diagnoses (id,farm_id,transfer_id,data_dg,resultado,data_previsao_parto) VALUES ('9e4f19d3-7900-4be7-8b25-167943dfc276','aaaaaaaa-0000-0000-0000-000000000001','ed8ef13a-09a8-4d15-9fde-2904b955ab55','2026-11-18','POSITIVO','2026-11-18');
INSERT INTO opu_sessions (id,farm_id,data,responsavel,tipo) VALUES ('17f28693-6673-42e2-aed8-416511c089aa','aaaaaaaa-0000-0000-0000-000000000001','2025-11-07','GETAGEN','REALIZADA');
INSERT INTO aspirations (id,farm_id,session_id,doadora_id,doadora_nome,touro_nome) VALUES ('1e18b9fb-1571-4722-b167-c85379dfaaf9','aaaaaaaa-0000-0000-0000-000000000001','17f28693-6673-42e2-aed8-416511c089aa',NULL,'CAMILA (NCRL 150)','BOBY HRO');
INSERT INTO embryos (id,farm_id,aspiration_id,numero_cdc_fiv,numero_adt_te,sexagem,status,observacoes) VALUES ('f6d44d67-b993-485a-a13b-35c2949bb2b6','aaaaaaaa-0000-0000-0000-000000000001','1e18b9fb-1571-4722-b167-c85379dfaaf9',NULL,NULL,'FEMEA','IMPLANTADO',NULL);
INSERT INTO transfers (id,farm_id,embryo_id,responsavel,data_te) VALUES ('dab23da8-879f-432c-8b79-aa022275e7fd','aaaaaaaa-0000-0000-0000-000000000001','f6d44d67-b993-485a-a13b-35c2949bb2b6','GETAGEN','2025-11-07');
INSERT INTO pregnancy_diagnoses (id,farm_id,transfer_id,data_dg,resultado,data_previsao_parto) VALUES ('f7ac7d31-e504-4833-af99-5c690556e4f0','aaaaaaaa-0000-0000-0000-000000000001','dab23da8-879f-432c-8b79-aa022275e7fd','2026-08-12','POSITIVO','2026-08-12');
INSERT INTO embryos (id,farm_id,aspiration_id,numero_cdc_fiv,numero_adt_te,sexagem,status,observacoes) VALUES ('ae8c166c-4f89-4391-a72d-5bbbdeed2351','aaaaaaaa-0000-0000-0000-000000000001','1e18b9fb-1571-4722-b167-c85379dfaaf9',NULL,NULL,'FEMEA','IMPLANTADO',NULL);
INSERT INTO transfers (id,farm_id,embryo_id,responsavel,data_te) VALUES ('4e852c9f-30ea-49fa-84af-ce71af1b0e24','aaaaaaaa-0000-0000-0000-000000000001','ae8c166c-4f89-4391-a72d-5bbbdeed2351','GETAGEN','2025-11-07');
INSERT INTO pregnancy_diagnoses (id,farm_id,transfer_id,data_dg,resultado,data_previsao_parto) VALUES ('f0d7bfc3-734e-46a9-8a65-7f721cc2ef29','aaaaaaaa-0000-0000-0000-000000000001','4e852c9f-30ea-49fa-84af-ce71af1b0e24','2026-08-12','POSITIVO','2026-08-12');
INSERT INTO embryos (id,farm_id,aspiration_id,numero_cdc_fiv,numero_adt_te,sexagem,status,observacoes) VALUES ('b8dabd8b-64e1-4547-bde7-cf6982f7a434','aaaaaaaa-0000-0000-0000-000000000001','1e18b9fb-1571-4722-b167-c85379dfaaf9',NULL,NULL,'FEMEA','IMPLANTADO',NULL);
INSERT INTO transfers (id,farm_id,embryo_id,responsavel,data_te) VALUES ('97e28d75-a71b-4ab3-a48e-862479eae191','aaaaaaaa-0000-0000-0000-000000000001','b8dabd8b-64e1-4547-bde7-cf6982f7a434','GETAGEN','2025-11-07');
INSERT INTO pregnancy_diagnoses (id,farm_id,transfer_id,data_dg,resultado,data_previsao_parto) VALUES ('e08f35b6-0b05-4581-a257-eecd85754022','aaaaaaaa-0000-0000-0000-000000000001','97e28d75-a71b-4ab3-a48e-862479eae191','2026-08-12','POSITIVO','2026-08-12');
INSERT INTO embryos (id,farm_id,aspiration_id,numero_cdc_fiv,numero_adt_te,sexagem,status,observacoes) VALUES ('fbdee013-e406-4dfd-8b97-17ecaaa2ab28','aaaaaaaa-0000-0000-0000-000000000001','1e18b9fb-1571-4722-b167-c85379dfaaf9',NULL,NULL,'FEMEA','IMPLANTADO',NULL);
INSERT INTO transfers (id,farm_id,embryo_id,responsavel,data_te) VALUES ('5b827716-dc19-4f9f-9192-2b48e5a35bd5','aaaaaaaa-0000-0000-0000-000000000001','fbdee013-e406-4dfd-8b97-17ecaaa2ab28','GETAGEN','2025-11-07');
INSERT INTO pregnancy_diagnoses (id,farm_id,transfer_id,data_dg,resultado,data_previsao_parto) VALUES ('bdd2d394-c16c-4fed-9bfc-0021681bff5d','aaaaaaaa-0000-0000-0000-000000000001','5b827716-dc19-4f9f-9192-2b48e5a35bd5','2026-08-12','POSITIVO','2026-08-12');
INSERT INTO embryos (id,farm_id,aspiration_id,numero_cdc_fiv,numero_adt_te,sexagem,status,observacoes) VALUES ('0e67e197-d433-4b22-acaf-f64e4ed83f3a','aaaaaaaa-0000-0000-0000-000000000001','1e18b9fb-1571-4722-b167-c85379dfaaf9',NULL,NULL,'FEMEA','IMPLANTADO',NULL);
INSERT INTO transfers (id,farm_id,embryo_id,responsavel,data_te) VALUES ('77e605ce-85df-47ed-9433-1eb898e2192a','aaaaaaaa-0000-0000-0000-000000000001','0e67e197-d433-4b22-acaf-f64e4ed83f3a','GETAGEN','2025-11-07');
INSERT INTO pregnancy_diagnoses (id,farm_id,transfer_id,data_dg,resultado,data_previsao_parto) VALUES ('958f7b10-215b-4136-bd60-4e337dd9664f','aaaaaaaa-0000-0000-0000-000000000001','77e605ce-85df-47ed-9433-1eb898e2192a','2026-08-12','POSITIVO','2026-08-12');
INSERT INTO opu_sessions (id,farm_id,data,responsavel,tipo) VALUES ('76436d2b-38d0-4229-afb6-959e660642cd','aaaaaaaa-0000-0000-0000-000000000001','2025-11-07','GETAGEN','REALIZADA');
INSERT INTO aspirations (id,farm_id,session_id,doadora_id,doadora_nome,touro_nome) VALUES ('16c585be-c27c-49c9-9ee5-f267f285d6d8','aaaaaaaa-0000-0000-0000-000000000001','76436d2b-38d0-4229-afb6-959e660642cd',NULL,'ESLOVENIA FIV HRO','LANDAU');
INSERT INTO embryos (id,farm_id,aspiration_id,numero_cdc_fiv,numero_adt_te,sexagem,status,observacoes) VALUES ('80974c0f-6f7c-4777-9fe8-a8e572f85f44','aaaaaaaa-0000-0000-0000-000000000001','16c585be-c27c-49c9-9ee5-f267f285d6d8',NULL,NULL,'MACHO','IMPLANTADO',NULL);
INSERT INTO transfers (id,farm_id,embryo_id,responsavel,data_te) VALUES ('8c329d8d-1e01-4788-8b46-0357083f2379','aaaaaaaa-0000-0000-0000-000000000001','80974c0f-6f7c-4777-9fe8-a8e572f85f44','GETAGEN','2025-11-07');
INSERT INTO pregnancy_diagnoses (id,farm_id,transfer_id,data_dg,resultado,data_previsao_parto) VALUES ('7a0763b5-fe3b-4ae9-954a-b79517a0cd55','aaaaaaaa-0000-0000-0000-000000000001','8c329d8d-1e01-4788-8b46-0357083f2379','2026-08-12','POSITIVO','2026-08-12');
INSERT INTO embryos (id,farm_id,aspiration_id,numero_cdc_fiv,numero_adt_te,sexagem,status,observacoes) VALUES ('553e7757-50bb-403f-a7db-301dd6c73081','aaaaaaaa-0000-0000-0000-000000000001','16c585be-c27c-49c9-9ee5-f267f285d6d8',NULL,NULL,'FEMEA','IMPLANTADO',NULL);
INSERT INTO transfers (id,farm_id,embryo_id,responsavel,data_te) VALUES ('367b017e-78e4-4d7b-9aa8-f16319660ea1','aaaaaaaa-0000-0000-0000-000000000001','553e7757-50bb-403f-a7db-301dd6c73081','GETAGEN','2025-11-07');
INSERT INTO pregnancy_diagnoses (id,farm_id,transfer_id,data_dg,resultado,data_previsao_parto) VALUES ('5b88ed36-8730-4077-bd84-c1c44bba02d8','aaaaaaaa-0000-0000-0000-000000000001','367b017e-78e4-4d7b-9aa8-f16319660ea1','2026-08-12','POSITIVO','2026-08-12');
INSERT INTO embryos (id,farm_id,aspiration_id,numero_cdc_fiv,numero_adt_te,sexagem,status,observacoes) VALUES ('e9ad4fca-9ea1-4024-800b-dccaac8957c0','aaaaaaaa-0000-0000-0000-000000000001','16c585be-c27c-49c9-9ee5-f267f285d6d8',NULL,NULL,'FEMEA','IMPLANTADO',NULL);
INSERT INTO transfers (id,farm_id,embryo_id,responsavel,data_te) VALUES ('29e1c6c5-88ab-4d43-82bc-714e178f1b75','aaaaaaaa-0000-0000-0000-000000000001','e9ad4fca-9ea1-4024-800b-dccaac8957c0','GETAGEN','2025-11-07');
INSERT INTO pregnancy_diagnoses (id,farm_id,transfer_id,data_dg,resultado,data_previsao_parto) VALUES ('f9417524-1f3d-4d26-aad4-f08bf4ae2e88','aaaaaaaa-0000-0000-0000-000000000001','29e1c6c5-88ab-4d43-82bc-714e178f1b75','2026-08-12','POSITIVO','2026-08-12');
INSERT INTO embryos (id,farm_id,aspiration_id,numero_cdc_fiv,numero_adt_te,sexagem,status,observacoes) VALUES ('62aff7e7-3c7d-49ba-a7a5-4226551d738a','aaaaaaaa-0000-0000-0000-000000000001','16c585be-c27c-49c9-9ee5-f267f285d6d8',NULL,NULL,'FEMEA','IMPLANTADO',NULL);
INSERT INTO transfers (id,farm_id,embryo_id,responsavel,data_te) VALUES ('f3de3fb7-7420-4f5b-9071-dd05722ba9ee','aaaaaaaa-0000-0000-0000-000000000001','62aff7e7-3c7d-49ba-a7a5-4226551d738a','GETAGEN','2025-11-07');
INSERT INTO pregnancy_diagnoses (id,farm_id,transfer_id,data_dg,resultado,data_previsao_parto) VALUES ('c620def1-925c-424f-b5e1-39337be52c0f','aaaaaaaa-0000-0000-0000-000000000001','f3de3fb7-7420-4f5b-9071-dd05722ba9ee','2026-08-12','POSITIVO','2026-08-12');
INSERT INTO embryos (id,farm_id,aspiration_id,numero_cdc_fiv,numero_adt_te,sexagem,status,observacoes) VALUES ('4f4c9ff0-bcfd-4698-a022-e584a4979088','aaaaaaaa-0000-0000-0000-000000000001','16c585be-c27c-49c9-9ee5-f267f285d6d8',NULL,NULL,'FEMEA','IMPLANTADO',NULL);
INSERT INTO transfers (id,farm_id,embryo_id,responsavel,data_te) VALUES ('15ef46e9-65bd-412e-9c1b-ab369bd7dd32','aaaaaaaa-0000-0000-0000-000000000001','4f4c9ff0-bcfd-4698-a022-e584a4979088','GETAGEN','2025-11-07');
INSERT INTO pregnancy_diagnoses (id,farm_id,transfer_id,data_dg,resultado,data_previsao_parto) VALUES ('b7ad1790-085d-4e01-82dd-95e610151bb1','aaaaaaaa-0000-0000-0000-000000000001','15ef46e9-65bd-412e-9c1b-ab369bd7dd32','2026-08-12','POSITIVO','2026-08-12');
INSERT INTO embryos (id,farm_id,aspiration_id,numero_cdc_fiv,numero_adt_te,sexagem,status,observacoes) VALUES ('16a156cf-00b8-4c32-986d-2784ff16d769','aaaaaaaa-0000-0000-0000-000000000001','16c585be-c27c-49c9-9ee5-f267f285d6d8',NULL,NULL,'FEMEA','IMPLANTADO',NULL);
INSERT INTO transfers (id,farm_id,embryo_id,responsavel,data_te) VALUES ('906a94ab-f0c9-491a-a7af-4ddf92eb8e1b','aaaaaaaa-0000-0000-0000-000000000001','16a156cf-00b8-4c32-986d-2784ff16d769','GETAGEN','2025-11-07');
INSERT INTO pregnancy_diagnoses (id,farm_id,transfer_id,data_dg,resultado,data_previsao_parto) VALUES ('c9a1208c-b751-47ac-8c62-fff82990c8c7','aaaaaaaa-0000-0000-0000-000000000001','906a94ab-f0c9-491a-a7af-4ddf92eb8e1b','2026-08-12','POSITIVO','2026-08-12');
INSERT INTO opu_sessions (id,farm_id,data,responsavel,tipo) VALUES ('6e542f38-18a0-494a-b2cc-ce8c821b2589','aaaaaaaa-0000-0000-0000-000000000001','2025-10-15','GENEAL','REALIZADA');
INSERT INTO aspirations (id,farm_id,session_id,doadora_id,doadora_nome,touro_nome) VALUES ('f7dfc816-23ea-4361-80fa-036592a9932a','aaaaaaaa-0000-0000-0000-000000000001','6e542f38-18a0-494a-b2cc-ce8c821b2589',NULL,'HELLELUJAH (NFHC 1076)','KAYAK');
INSERT INTO embryos (id,farm_id,aspiration_id,numero_cdc_fiv,numero_adt_te,sexagem,status,observacoes) VALUES ('52725edb-c42f-4148-a0c0-d6fe1ee587ae','aaaaaaaa-0000-0000-0000-000000000001','f7dfc816-23ea-4361-80fa-036592a9932a',NULL,NULL,'FEMEA','IMPLANTADO',NULL);
INSERT INTO transfers (id,farm_id,embryo_id,responsavel,data_te) VALUES ('3f844c3f-339d-4dfd-86b6-83f1dc963c81','aaaaaaaa-0000-0000-0000-000000000001','52725edb-c42f-4148-a0c0-d6fe1ee587ae','GENEAL','2025-10-15');
INSERT INTO pregnancy_diagnoses (id,farm_id,transfer_id,data_dg,resultado,data_previsao_parto) VALUES ('1ea83f3d-8611-42fd-adc8-17bd4aca95c0','aaaaaaaa-0000-0000-0000-000000000001','3f844c3f-339d-4dfd-86b6-83f1dc963c81','2026-07-28','POSITIVO','2026-07-28');
INSERT INTO embryos (id,farm_id,aspiration_id,numero_cdc_fiv,numero_adt_te,sexagem,status,observacoes) VALUES ('554c6877-27e9-4da5-8c29-93a47dca0df7','aaaaaaaa-0000-0000-0000-000000000001','f7dfc816-23ea-4361-80fa-036592a9932a',NULL,NULL,'MACHO','IMPLANTADO',NULL);
INSERT INTO transfers (id,farm_id,embryo_id,responsavel,data_te) VALUES ('b64de3a5-0a30-4335-ab4c-de527c3ea19f','aaaaaaaa-0000-0000-0000-000000000001','554c6877-27e9-4da5-8c29-93a47dca0df7','GENEAL','2025-10-15');
INSERT INTO pregnancy_diagnoses (id,farm_id,transfer_id,data_dg,resultado,data_previsao_parto) VALUES ('44961402-c839-4c90-9aa1-4e3755055cb0','aaaaaaaa-0000-0000-0000-000000000001','b64de3a5-0a30-4335-ab4c-de527c3ea19f','2026-07-28','POSITIVO','2026-07-28');
INSERT INTO embryos (id,farm_id,aspiration_id,numero_cdc_fiv,numero_adt_te,sexagem,status,observacoes) VALUES ('58567a90-b5f8-4a50-a3d6-7da979013ad8','aaaaaaaa-0000-0000-0000-000000000001','f7dfc816-23ea-4361-80fa-036592a9932a',NULL,NULL,'MACHO','IMPLANTADO',NULL);
INSERT INTO transfers (id,farm_id,embryo_id,responsavel,data_te) VALUES ('ab76ee9f-abf0-4819-8be3-bb36c8995d4a','aaaaaaaa-0000-0000-0000-000000000001','58567a90-b5f8-4a50-a3d6-7da979013ad8','GENEAL','2025-10-15');
INSERT INTO pregnancy_diagnoses (id,farm_id,transfer_id,data_dg,resultado,data_previsao_parto) VALUES ('75a92e4b-9644-4f5e-a23c-db8b7c7bc27b','aaaaaaaa-0000-0000-0000-000000000001','ab76ee9f-abf0-4819-8be3-bb36c8995d4a','2026-07-28','POSITIVO','2026-07-28');
INSERT INTO embryos (id,farm_id,aspiration_id,numero_cdc_fiv,numero_adt_te,sexagem,status,observacoes) VALUES ('4ed1f6bf-1d35-4dfb-8a13-46052aecc39d','aaaaaaaa-0000-0000-0000-000000000001','f7dfc816-23ea-4361-80fa-036592a9932a',NULL,NULL,'MACHO','IMPLANTADO',NULL);
INSERT INTO transfers (id,farm_id,embryo_id,responsavel,data_te) VALUES ('c61cbced-563a-4331-9aa6-a7d1cc85138e','aaaaaaaa-0000-0000-0000-000000000001','4ed1f6bf-1d35-4dfb-8a13-46052aecc39d','GENEAL','2025-10-15');
INSERT INTO pregnancy_diagnoses (id,farm_id,transfer_id,data_dg,resultado,data_previsao_parto) VALUES ('fd48be06-f076-412d-81b3-6f6f6f8c488a','aaaaaaaa-0000-0000-0000-000000000001','c61cbced-563a-4331-9aa6-a7d1cc85138e','2026-07-28','POSITIVO','2026-07-28');
INSERT INTO embryos (id,farm_id,aspiration_id,numero_cdc_fiv,numero_adt_te,sexagem,status,observacoes) VALUES ('1060b0b3-7479-4479-9e20-4e2bc7efd595','aaaaaaaa-0000-0000-0000-000000000001','f7dfc816-23ea-4361-80fa-036592a9932a',NULL,NULL,'MACHO','IMPLANTADO',NULL);
INSERT INTO transfers (id,farm_id,embryo_id,responsavel,data_te) VALUES ('ebf815fb-5235-4a0f-a864-cd2bf2855d4a','aaaaaaaa-0000-0000-0000-000000000001','1060b0b3-7479-4479-9e20-4e2bc7efd595','GENEAL','2025-10-15');
INSERT INTO pregnancy_diagnoses (id,farm_id,transfer_id,data_dg,resultado,data_previsao_parto) VALUES ('6e23bb02-be38-47cd-ad5c-98d3da21d26a','aaaaaaaa-0000-0000-0000-000000000001','ebf815fb-5235-4a0f-a864-cd2bf2855d4a','2026-07-28','POSITIVO','2026-07-28');
INSERT INTO embryos (id,farm_id,aspiration_id,numero_cdc_fiv,numero_adt_te,sexagem,status,observacoes) VALUES ('74679c4b-329b-44de-970d-f0f3da6363b5','aaaaaaaa-0000-0000-0000-000000000001','f7dfc816-23ea-4361-80fa-036592a9932a',NULL,NULL,'MACHO','IMPLANTADO',NULL);
INSERT INTO transfers (id,farm_id,embryo_id,responsavel,data_te) VALUES ('aa157236-877d-4204-930c-e8df57a05fa1','aaaaaaaa-0000-0000-0000-000000000001','74679c4b-329b-44de-970d-f0f3da6363b5','GENEAL','2025-10-15');
INSERT INTO pregnancy_diagnoses (id,farm_id,transfer_id,data_dg,resultado,data_previsao_parto) VALUES ('fbbe5c97-8c05-4ad3-b543-5e9b482fa606','aaaaaaaa-0000-0000-0000-000000000001','aa157236-877d-4204-930c-e8df57a05fa1','2026-07-28','POSITIVO','2026-07-28');
INSERT INTO opu_sessions (id,farm_id,data,responsavel,tipo) VALUES ('c484ff57-5b41-4f94-89a8-eab491fa9db7','aaaaaaaa-0000-0000-0000-000000000001',CURRENT_DATE,NULL,'REALIZADA');
INSERT INTO aspirations (id,farm_id,session_id,doadora_id,doadora_nome,touro_nome) VALUES ('ad8dc85e-20b5-412a-8d7b-bb52c601ef1d','aaaaaaaa-0000-0000-0000-000000000001','c484ff57-5b41-4f94-89a8-eab491fa9db7',NULL,'ESTACA FIV DA RS (RSBP 6106)','LANDAU');
INSERT INTO embryos (id,farm_id,aspiration_id,numero_cdc_fiv,numero_adt_te,sexagem,status,observacoes) VALUES ('61a72fc2-ba7b-4f0c-bbe6-d9f75acd6283','aaaaaaaa-0000-0000-0000-000000000001','ad8dc85e-20b5-412a-8d7b-bb52c601ef1d',NULL,NULL,'FEMEA','IMPLANTADO',NULL);
INSERT INTO embryos (id,farm_id,aspiration_id,numero_cdc_fiv,numero_adt_te,sexagem,status,observacoes) VALUES ('0378e84c-791d-4e4a-8afe-a1d09154619c','aaaaaaaa-0000-0000-0000-000000000001','ad8dc85e-20b5-412a-8d7b-bb52c601ef1d',NULL,NULL,'FEMEA','IMPLANTADO',NULL);
INSERT INTO opu_sessions (id,farm_id,data,responsavel,tipo) VALUES ('75c2b20d-c2bb-4db8-a815-a53da76b290f','aaaaaaaa-0000-0000-0000-000000000001','2025-08-21',NULL,'REALIZADA');
INSERT INTO aspirations (id,farm_id,session_id,doadora_id,doadora_nome,touro_nome) VALUES ('b20bd1d3-ffe6-4e38-b635-b58592e11c16','aaaaaaaa-0000-0000-0000-000000000001','75c2b20d-c2bb-4db8-a815-a53da76b290f',NULL,'KARINA FIV AL CANAA (NFHC 2344)','BOBY HRO');
INSERT INTO embryos (id,farm_id,aspiration_id,numero_cdc_fiv,numero_adt_te,sexagem,status,observacoes) VALUES ('3d790c49-dee0-4a14-a381-aba841f72194','aaaaaaaa-0000-0000-0000-000000000001','b20bd1d3-ffe6-4e38-b635-b58592e11c16',NULL,NULL,'FEMEA','IMPLANTADO',NULL);
INSERT INTO transfers (id,farm_id,embryo_id,responsavel,data_te) VALUES ('ca173443-a38f-4636-9292-4376fcf73b35','aaaaaaaa-0000-0000-0000-000000000001','3d790c49-dee0-4a14-a381-aba841f72194',NULL,'2025-08-21');
INSERT INTO pregnancy_diagnoses (id,farm_id,transfer_id,data_dg,resultado,data_previsao_parto) VALUES ('bfa11583-fb18-4ed9-8dfe-03dcc4371b1a','aaaaaaaa-0000-0000-0000-000000000001','ca173443-a38f-4636-9292-4376fcf73b35','2026-06-01','POSITIVO','2026-06-01');
INSERT INTO embryos (id,farm_id,aspiration_id,numero_cdc_fiv,numero_adt_te,sexagem,status,observacoes) VALUES ('41871c23-3e8c-471d-8c22-860832f4e19b','aaaaaaaa-0000-0000-0000-000000000001','b20bd1d3-ffe6-4e38-b635-b58592e11c16',NULL,NULL,'FEMEA','IMPLANTADO',NULL);
INSERT INTO transfers (id,farm_id,embryo_id,responsavel,data_te) VALUES ('d02d2623-12c1-4ded-942d-265d70567352','aaaaaaaa-0000-0000-0000-000000000001','41871c23-3e8c-471d-8c22-860832f4e19b',NULL,'2025-08-21');
INSERT INTO pregnancy_diagnoses (id,farm_id,transfer_id,data_dg,resultado,data_previsao_parto) VALUES ('d10103a1-878f-486e-8d53-a8c241cbd86c','aaaaaaaa-0000-0000-0000-000000000001','d02d2623-12c1-4ded-942d-265d70567352','2026-06-01','POSITIVO','2026-06-01');
INSERT INTO opu_sessions (id,farm_id,data,responsavel,tipo) VALUES ('5b0d4ae5-98db-47ad-9fdf-774ed2855455','aaaaaaaa-0000-0000-0000-000000000001','2026-06-28',NULL,'REALIZADA');
INSERT INTO aspirations (id,farm_id,session_id,doadora_id,doadora_nome,touro_nome) VALUES ('bf85e917-9887-43ff-9ea8-ad0bf1e16288','aaaaaaaa-0000-0000-0000-000000000001','5b0d4ae5-98db-47ad-9fdf-774ed2855455',NULL,'MILENA FIV AL CANAA (NFHC 2880)','GUTO FIV M. VERDE');
INSERT INTO embryos (id,farm_id,aspiration_id,numero_cdc_fiv,numero_adt_te,sexagem,status,observacoes) VALUES ('74faf37a-0b65-45fd-a77e-38167104d159','aaaaaaaa-0000-0000-0000-000000000001','bf85e917-9887-43ff-9ea8-ad0bf1e16288',NULL,NULL,'FEMEA','IMPLANTADO',NULL);
INSERT INTO transfers (id,farm_id,embryo_id,responsavel,data_te) VALUES ('a4cd072c-b99b-4250-8eab-33e49e461c71','aaaaaaaa-0000-0000-0000-000000000001','74faf37a-0b65-45fd-a77e-38167104d159',NULL,'2026-06-28');
INSERT INTO pregnancy_diagnoses (id,farm_id,transfer_id,data_dg,resultado,data_previsao_parto) VALUES ('5ef408df-206c-49cb-a891-7774df2b717e','aaaaaaaa-0000-0000-0000-000000000001','a4cd072c-b99b-4250-8eab-33e49e461c71','2026-04-15','POSITIVO','2026-04-15');
INSERT INTO opu_sessions (id,farm_id,data,responsavel,tipo) VALUES ('95c9dd19-15c9-449d-a6c1-1c82f98acb1c','aaaaaaaa-0000-0000-0000-000000000001',CURRENT_DATE,NULL,'REALIZADA');
INSERT INTO aspirations (id,farm_id,session_id,doadora_id,doadora_nome,touro_nome) VALUES ('258ba600-64d7-49b5-ba97-99a66617d95f','aaaaaaaa-0000-0000-0000-000000000001','95c9dd19-15c9-449d-a6c1-1c82f98acb1c',NULL,'CHIQUE FIV CBA (CABN 430)','KAYAK');
INSERT INTO embryos (id,farm_id,aspiration_id,numero_cdc_fiv,numero_adt_te,sexagem,status,observacoes) VALUES ('f978e7b1-e921-4af8-bd7e-f189d7b2bd63','aaaaaaaa-0000-0000-0000-000000000001','258ba600-64d7-49b5-ba97-99a66617d95f',NULL,NULL,'FEMEA','IMPLANTADO',NULL);
INSERT INTO opu_sessions (id,farm_id,data,responsavel,tipo) VALUES ('ed4ecfdf-be15-4073-a25b-ff38fe774b4e','aaaaaaaa-0000-0000-0000-000000000001',CURRENT_DATE,NULL,'REALIZADA');
INSERT INTO aspirations (id,farm_id,session_id,doadora_id,doadora_nome,touro_nome) VALUES ('f8142354-0f76-4b3c-afbb-78e4b8d34de9','aaaaaaaa-0000-0000-0000-000000000001','ed4ecfdf-be15-4073-a25b-ff38fe774b4e',NULL,'ELLA FIV CRL (NCRL 493)','KAYAK');
INSERT INTO embryos (id,farm_id,aspiration_id,numero_cdc_fiv,numero_adt_te,sexagem,status,observacoes) VALUES ('4cd33c83-cec2-474f-b58c-91a08d1f00c5','aaaaaaaa-0000-0000-0000-000000000001','f8142354-0f76-4b3c-afbb-78e4b8d34de9',NULL,NULL,'FEMEA','IMPLANTADO',NULL);

-- ══════════════════════════════════════════
-- 7. TRANSFERÊNCIAS T.E. 1 e 2
-- ══════════════════════════════════════════

INSERT INTO opu_sessions (id,farm_id,data,responsavel,tipo) VALUES ('f9513779-2bd8-4c0a-934b-82841ce2ee92','aaaaaaaa-0000-0000-0000-000000000001','2025-01-21',NULL,'REALIZADA');
INSERT INTO aspirations (id,farm_id,session_id,doadora_id,doadora_nome,touro_nome) VALUES ('5dc6a7b8-3489-4cfb-bb47-f3c8172c1e1a','aaaaaaaa-0000-0000-0000-000000000001','f9513779-2bd8-4c0a-934b-82841ce2ee92',NULL,'GREGA',NULL);
INSERT INTO embryos (id,farm_id,aspiration_id,status) VALUES ('02d50bac-6ffa-430d-ab7d-a9a737a730b2','aaaaaaaa-0000-0000-0000-000000000001','5dc6a7b8-3489-4cfb-bb47-f3c8172c1e1a','IMPLANTADO');
INSERT INTO transfers (id,farm_id,embryo_id,receptora_id,receptora_brinco,sessao_nome,data_te,observacoes) VALUES ('d55c82fc-cbaf-4fc7-8cb7-3dc23f850a6c','aaaaaaaa-0000-0000-0000-000000000001','02d50bac-6ffa-430d-ab7d-a9a737a730b2','a0c78d21-068c-4dda-8a1d-ec9ed8fa2b31','SE009','T.E.1','2025-01-21','Doadora: GREGA | Embrião: ISPU6570 X LANDAU | TE: T.E.1');
INSERT INTO pregnancy_diagnoses (id,farm_id,transfer_id,data_dg,resultado,data_previsao_parto) VALUES ('d273cc3a-0c56-4784-a113-9a9832643705','aaaaaaaa-0000-0000-0000-000000000001','d55c82fc-cbaf-4fc7-8cb7-3dc23f850a6c','2025-11-25','POSITIVO','2025-11-25');
INSERT INTO opu_sessions (id,farm_id,data,responsavel,tipo) VALUES ('3bf1441e-c312-44a2-a11c-823045d672e4','aaaaaaaa-0000-0000-0000-000000000001','2025-01-21',NULL,'REALIZADA');
INSERT INTO aspirations (id,farm_id,session_id,doadora_id,doadora_nome,touro_nome) VALUES ('c5b589fd-f557-4877-801f-e3eb94bd46bc','aaaaaaaa-0000-0000-0000-000000000001','3bf1441e-c312-44a2-a11c-823045d672e4',NULL,'TABITA',NULL);
INSERT INTO embryos (id,farm_id,aspiration_id,status) VALUES ('194da1e6-c86f-46e5-bd17-a80473f086dc','aaaaaaaa-0000-0000-0000-000000000001','c5b589fd-f557-4877-801f-e3eb94bd46bc','IMPLANTADO');
INSERT INTO transfers (id,farm_id,embryo_id,receptora_id,receptora_brinco,sessao_nome,data_te,observacoes) VALUES ('048fd06e-d080-4aa7-abf3-e3f80f8b5554','aaaaaaaa-0000-0000-0000-000000000001','194da1e6-c86f-46e5-bd17-a80473f086dc','4ca1f871-6e3f-4f4a-ab93-14109a514406','SE060','T.E.1','2025-01-21','Doadora: TABITA | Embrião: TJS33 X LANDAU | TE: T.E.1');
INSERT INTO pregnancy_diagnoses (id,farm_id,transfer_id,data_dg,resultado,data_previsao_parto) VALUES ('5263374c-f42b-458c-8fd3-d6f5b995b5d7','aaaaaaaa-0000-0000-0000-000000000001','048fd06e-d080-4aa7-abf3-e3f80f8b5554','2025-11-25','POSITIVO','2025-11-25');
INSERT INTO opu_sessions (id,farm_id,data,responsavel,tipo) VALUES ('87ab1831-f39a-4950-932c-ce917da8aa43','aaaaaaaa-0000-0000-0000-000000000001','2025-01-21',NULL,'REALIZADA');
INSERT INTO aspirations (id,farm_id,session_id,doadora_id,doadora_nome,touro_nome) VALUES ('e044d668-8f1f-494f-934f-7b3033b49f7e','aaaaaaaa-0000-0000-0000-000000000001','87ab1831-f39a-4950-932c-ce917da8aa43',NULL,'COLOMBIANA MPERBONI',NULL);
INSERT INTO embryos (id,farm_id,aspiration_id,status) VALUES ('145526ed-422a-415d-adaf-b70f7c69e432','aaaaaaaa-0000-0000-0000-000000000001','e044d668-8f1f-494f-934f-7b3033b49f7e','IMPLANTADO');
INSERT INTO transfers (id,farm_id,embryo_id,receptora_id,receptora_brinco,sessao_nome,data_te,observacoes) VALUES ('d9d1b03a-d32f-44b7-a783-a4dc13558b6f','aaaaaaaa-0000-0000-0000-000000000001','145526ed-422a-415d-adaf-b70f7c69e432','b3051450-069c-4af8-afdd-d629d558df51','SE067','T.E.1','2025-01-21','Doadora: COLOMBIANA MPERBONI | Embrião: MPE120/1 X LANDAU | TE: T.E.1');
INSERT INTO pregnancy_diagnoses (id,farm_id,transfer_id,data_dg,resultado,data_previsao_parto) VALUES ('f31a5e2b-d2e6-47d8-8ff8-50a81957299e','aaaaaaaa-0000-0000-0000-000000000001','d9d1b03a-d32f-44b7-a783-a4dc13558b6f','2025-11-25','POSITIVO','2025-11-25');
INSERT INTO embryos (id,farm_id,aspiration_id,status) VALUES ('6e85fabe-c977-46a4-985d-0828b88ecff4','aaaaaaaa-0000-0000-0000-000000000001','e044d668-8f1f-494f-934f-7b3033b49f7e','IMPLANTADO');
INSERT INTO transfers (id,farm_id,embryo_id,receptora_id,receptora_brinco,sessao_nome,data_te,observacoes) VALUES ('85483817-99d5-4d45-9830-1ae1b73352d6','aaaaaaaa-0000-0000-0000-000000000001','6e85fabe-c977-46a4-985d-0828b88ecff4','17bbca84-d32f-4c2c-bdb1-741d7c920baa','SE071','T.E.1','2025-01-21','Doadora: COLOMBIANA MPERBONI | Embrião: MPE120/1 X LANDAU | TE: T.E.1');
INSERT INTO pregnancy_diagnoses (id,farm_id,transfer_id,data_dg,resultado,data_previsao_parto) VALUES ('42d5d093-365b-40b2-a354-a77b7b1c414a','aaaaaaaa-0000-0000-0000-000000000001','85483817-99d5-4d45-9830-1ae1b73352d6','2025-11-25','POSITIVO','2025-11-25');
INSERT INTO embryos (id,farm_id,aspiration_id,status) VALUES ('c82209b3-7ae0-460f-b216-c671fed426b1','aaaaaaaa-0000-0000-0000-000000000001','e044d668-8f1f-494f-934f-7b3033b49f7e','IMPLANTADO');
INSERT INTO transfers (id,farm_id,embryo_id,receptora_id,receptora_brinco,sessao_nome,data_te,observacoes) VALUES ('74682573-399e-44b4-b8c1-de7505de2afc','aaaaaaaa-0000-0000-0000-000000000001','c82209b3-7ae0-460f-b216-c671fed426b1','988436e6-b55c-48bd-9349-ba0755143aa1','SE072','T.E.1','2025-01-21','Doadora: COLOMBIANA MPERBONI | Embrião: MPE120/1 X LANDAU | TE: T.E.1');
INSERT INTO pregnancy_diagnoses (id,farm_id,transfer_id,data_dg,resultado,data_previsao_parto) VALUES ('65975341-dcf1-4424-b12f-1eaace9b4bfc','aaaaaaaa-0000-0000-0000-000000000001','74682573-399e-44b4-b8c1-de7505de2afc','2025-11-25','POSITIVO','2025-11-25');
INSERT INTO embryos (id,farm_id,aspiration_id,status) VALUES ('f3042edf-5bbd-4645-85ac-52d7f03b8547','aaaaaaaa-0000-0000-0000-000000000001','c5b589fd-f557-4877-801f-e3eb94bd46bc','IMPLANTADO');
INSERT INTO transfers (id,farm_id,embryo_id,receptora_id,receptora_brinco,sessao_nome,data_te,observacoes) VALUES ('16d721f6-5681-474d-8494-ea83c26ad3f7','aaaaaaaa-0000-0000-0000-000000000001','f3042edf-5bbd-4645-85ac-52d7f03b8547','46cc0fab-2e7f-4230-bfa3-33568c7aca36','SE078','T.E.1','2025-01-21','Doadora: TABITA | Embrião: TJS33 X LANDAU | TE: T.E.1');
INSERT INTO pregnancy_diagnoses (id,farm_id,transfer_id,data_dg,resultado,data_previsao_parto) VALUES ('25aa54d5-0c1d-4b19-8124-a87773f2919e','aaaaaaaa-0000-0000-0000-000000000001','16d721f6-5681-474d-8494-ea83c26ad3f7','2025-11-25','POSITIVO','2025-11-25');
INSERT INTO embryos (id,farm_id,aspiration_id,status) VALUES ('b5e09f21-7069-4a42-aa12-de3f26c5cb5d','aaaaaaaa-0000-0000-0000-000000000001','e044d668-8f1f-494f-934f-7b3033b49f7e','IMPLANTADO');
INSERT INTO transfers (id,farm_id,embryo_id,receptora_id,receptora_brinco,sessao_nome,data_te,observacoes) VALUES ('aa01bf3a-b6d7-4e15-b14e-044d8360892f','aaaaaaaa-0000-0000-0000-000000000001','b5e09f21-7069-4a42-aa12-de3f26c5cb5d','26cfd1e3-e57b-44ef-9995-6d1ae1bf9ef7','SE081','T.E.1','2025-01-21','Doadora: COLOMBIANA MPERBONI | Embrião: MPE120/1 X LANDAU | TE: T.E.1');
INSERT INTO pregnancy_diagnoses (id,farm_id,transfer_id,data_dg,resultado,data_previsao_parto) VALUES ('9b3a58ac-f4cc-4312-b1c0-85b7bface025','aaaaaaaa-0000-0000-0000-000000000001','aa01bf3a-b6d7-4e15-b14e-044d8360892f','2025-11-25','POSITIVO','2025-11-25');
INSERT INTO embryos (id,farm_id,aspiration_id,status) VALUES ('24035afb-2111-4f3f-a4e6-c6605eb76006','aaaaaaaa-0000-0000-0000-000000000001','c5b589fd-f557-4877-801f-e3eb94bd46bc','IMPLANTADO');
INSERT INTO transfers (id,farm_id,embryo_id,receptora_id,receptora_brinco,sessao_nome,data_te,observacoes) VALUES ('fc8f940a-74ca-4714-a27f-d2f58ba4c8ea','aaaaaaaa-0000-0000-0000-000000000001','24035afb-2111-4f3f-a4e6-c6605eb76006','b555e2b3-1d76-45b5-82a0-af1c68723d7c','SE082','T.E.1','2025-01-21','Doadora: TABITA | Embrião: TJS33 X LANDAU | TE: T.E.1');
INSERT INTO pregnancy_diagnoses (id,farm_id,transfer_id,data_dg,resultado,data_previsao_parto) VALUES ('e2148731-9018-4d31-9642-e74a4de53b54','aaaaaaaa-0000-0000-0000-000000000001','fc8f940a-74ca-4714-a27f-d2f58ba4c8ea','2025-11-25','POSITIVO','2025-11-25');
INSERT INTO embryos (id,farm_id,aspiration_id,status) VALUES ('8c981947-0ed8-477c-9862-54fec83beff8','aaaaaaaa-0000-0000-0000-000000000001','e044d668-8f1f-494f-934f-7b3033b49f7e','IMPLANTADO');
INSERT INTO transfers (id,farm_id,embryo_id,receptora_id,receptora_brinco,sessao_nome,data_te,observacoes) VALUES ('bcd527f5-98be-464f-b4f1-e307faf28ec3','aaaaaaaa-0000-0000-0000-000000000001','8c981947-0ed8-477c-9862-54fec83beff8','1b7452a3-27b3-474f-a6c7-ff02c5a418ec','SE084','T.E.1','2025-01-21','Doadora: COLOMBIANA MPERBONI | Embrião: MPE120/1 X LANDAU | TE: T.E.1');
INSERT INTO pregnancy_diagnoses (id,farm_id,transfer_id,data_dg,resultado,data_previsao_parto) VALUES ('d8a35405-bf47-4c73-9949-2d4ef11d406c','aaaaaaaa-0000-0000-0000-000000000001','bcd527f5-98be-464f-b4f1-e307faf28ec3','2025-11-25','POSITIVO','2025-11-25');
INSERT INTO embryos (id,farm_id,aspiration_id,status) VALUES ('83e35a37-68cf-4e53-8117-9ad60c9965f7','aaaaaaaa-0000-0000-0000-000000000001','c5b589fd-f557-4877-801f-e3eb94bd46bc','IMPLANTADO');
INSERT INTO transfers (id,farm_id,embryo_id,receptora_id,receptora_brinco,sessao_nome,data_te,observacoes) VALUES ('e76cadea-125d-4000-9050-8d8a17cb67ac','aaaaaaaa-0000-0000-0000-000000000001','83e35a37-68cf-4e53-8117-9ad60c9965f7','ed77c187-c473-4e1f-847b-3953c248b90a','SE085','T.E.1','2025-01-21','Doadora: TABITA | Embrião: TJS33 X LANDAU | TE: T.E.1');
INSERT INTO pregnancy_diagnoses (id,farm_id,transfer_id,data_dg,resultado,data_previsao_parto) VALUES ('1a2763f8-3be6-4425-9938-1d4dd6140480','aaaaaaaa-0000-0000-0000-000000000001','e76cadea-125d-4000-9050-8d8a17cb67ac','2025-11-25','POSITIVO','2025-11-25');
INSERT INTO opu_sessions (id,farm_id,data,responsavel,tipo) VALUES ('222f6121-c7bd-48c1-945e-d4670316b424','aaaaaaaa-0000-0000-0000-000000000001','2025-01-21',NULL,'REALIZADA');
INSERT INTO aspirations (id,farm_id,session_id,doadora_id,doadora_nome,touro_nome) VALUES ('e777bd96-efe0-4f75-b277-649026ecbef5','aaaaaaaa-0000-0000-0000-000000000001','222f6121-c7bd-48c1-945e-d4670316b424',NULL,'HERINGER SERENNA3',NULL);
INSERT INTO embryos (id,farm_id,aspiration_id,status) VALUES ('6b2df121-b1b8-4e0c-8608-ba802041e284','aaaaaaaa-0000-0000-0000-000000000001','e777bd96-efe0-4f75-b277-649026ecbef5','IMPLANTADO');
INSERT INTO transfers (id,farm_id,embryo_id,receptora_id,receptora_brinco,sessao_nome,data_te,observacoes) VALUES ('82824d9b-0494-4e1b-8121-b152052e78b9','aaaaaaaa-0000-0000-0000-000000000001','6b2df121-b1b8-4e0c-8608-ba802041e284','f70c723f-30b7-48ca-b1e5-cba065265722','SE091','T.E.1','2025-01-21','Doadora: HERINGER SERENNA3 | Embrião: FHGN-A8179 X LANDAU | TE: T.E.1');
INSERT INTO pregnancy_diagnoses (id,farm_id,transfer_id,data_dg,resultado,data_previsao_parto) VALUES ('db9727f1-de50-482b-ad6c-6340e1ad558f','aaaaaaaa-0000-0000-0000-000000000001','82824d9b-0494-4e1b-8121-b152052e78b9','2025-11-25','POSITIVO','2025-11-25');
INSERT INTO embryos (id,farm_id,aspiration_id,status) VALUES ('14df509d-9f09-4a0c-9ef8-5e82084fc84b','aaaaaaaa-0000-0000-0000-000000000001','e044d668-8f1f-494f-934f-7b3033b49f7e','IMPLANTADO');
INSERT INTO transfers (id,farm_id,embryo_id,receptora_id,receptora_brinco,sessao_nome,data_te,observacoes) VALUES ('b8e1bbfd-4710-4be7-9001-9cf6105d7629','aaaaaaaa-0000-0000-0000-000000000001','14df509d-9f09-4a0c-9ef8-5e82084fc84b','83f7222b-8371-4200-87d5-14fc950468bb','SE099','T.E.1','2025-01-21','Doadora: COLOMBIANA MPERBONI | Embrião: MPE120/1 X LANDAU | TE: T.E.1');
INSERT INTO pregnancy_diagnoses (id,farm_id,transfer_id,data_dg,resultado,data_previsao_parto) VALUES ('e67784cc-388b-4b50-a285-0e6885c9425d','aaaaaaaa-0000-0000-0000-000000000001','b8e1bbfd-4710-4be7-9001-9cf6105d7629','2025-11-25','POSITIVO','2025-11-25');
INSERT INTO embryos (id,farm_id,aspiration_id,status) VALUES ('9b47a417-c1ce-42fe-9363-8624380adda6','aaaaaaaa-0000-0000-0000-000000000001','e044d668-8f1f-494f-934f-7b3033b49f7e','IMPLANTADO');
INSERT INTO transfers (id,farm_id,embryo_id,receptora_id,receptora_brinco,sessao_nome,data_te,observacoes) VALUES ('c30bedbb-bafc-4547-b30e-b16f656067c3','aaaaaaaa-0000-0000-0000-000000000001','9b47a417-c1ce-42fe-9363-8624380adda6','86171be6-9e8a-4520-b3ee-84333b6fa177','SE114','T.E.1','2025-01-21','Doadora: COLOMBIANA MPERBONI | Embrião: MPE120/1 X LANDAU | TE: T.E.1');
INSERT INTO pregnancy_diagnoses (id,farm_id,transfer_id,data_dg,resultado,data_previsao_parto) VALUES ('e8288e00-d39c-4bf9-970d-aa866434c380','aaaaaaaa-0000-0000-0000-000000000001','c30bedbb-bafc-4547-b30e-b16f656067c3','2025-11-25','POSITIVO','2025-11-25');
INSERT INTO embryos (id,farm_id,aspiration_id,status) VALUES ('31fe3b7a-9b76-4d67-bf92-921e452dcc95','aaaaaaaa-0000-0000-0000-000000000001','e044d668-8f1f-494f-934f-7b3033b49f7e','IMPLANTADO');
INSERT INTO transfers (id,farm_id,embryo_id,receptora_id,receptora_brinco,sessao_nome,data_te,observacoes) VALUES ('6d53ddd4-c626-4877-94ef-8ffd789a0b89','aaaaaaaa-0000-0000-0000-000000000001','31fe3b7a-9b76-4d67-bf92-921e452dcc95','c93a78b7-ff63-4add-9ca1-bcc95fd0daa8','SE116','T.E.1','2025-01-21','Doadora: COLOMBIANA MPERBONI | Embrião: MPE120/1 X LANDAU | TE: T.E.1');
INSERT INTO pregnancy_diagnoses (id,farm_id,transfer_id,data_dg,resultado,data_previsao_parto) VALUES ('07666a61-960d-477c-9618-80147aad508c','aaaaaaaa-0000-0000-0000-000000000001','6d53ddd4-c626-4877-94ef-8ffd789a0b89','2025-11-25','POSITIVO','2025-11-25');
INSERT INTO embryos (id,farm_id,aspiration_id,status) VALUES ('5833a84a-b1bc-4dd0-8802-60bdd049821b','aaaaaaaa-0000-0000-0000-000000000001','e044d668-8f1f-494f-934f-7b3033b49f7e','IMPLANTADO');
INSERT INTO transfers (id,farm_id,embryo_id,receptora_id,receptora_brinco,sessao_nome,data_te,observacoes) VALUES ('47ee1060-6c63-4c96-83a9-a873cd227dfd','aaaaaaaa-0000-0000-0000-000000000001','5833a84a-b1bc-4dd0-8802-60bdd049821b','0232df34-35aa-4fce-b17f-abb382fd9339','SE133','T.E.1','2025-01-21','Doadora: COLOMBIANA MPERBONI | Embrião: MPE120/1 X LANDAU | TE: T.E.1');
INSERT INTO pregnancy_diagnoses (id,farm_id,transfer_id,data_dg,resultado,data_previsao_parto) VALUES ('e62dd1e3-51e5-499f-b8a6-7075bfb75194','aaaaaaaa-0000-0000-0000-000000000001','47ee1060-6c63-4c96-83a9-a873cd227dfd','2025-11-25','POSITIVO','2025-11-25');
INSERT INTO embryos (id,farm_id,aspiration_id,status) VALUES ('27914385-8da5-4756-b0c7-ad731015ac63','aaaaaaaa-0000-0000-0000-000000000001','c5b589fd-f557-4877-801f-e3eb94bd46bc','IMPLANTADO');
INSERT INTO transfers (id,farm_id,embryo_id,receptora_id,receptora_brinco,sessao_nome,data_te,observacoes) VALUES ('4f746781-d4b0-4a3e-bafe-1a780597b21c','aaaaaaaa-0000-0000-0000-000000000001','27914385-8da5-4756-b0c7-ad731015ac63','9ec479f3-8aa6-4484-9760-904474f30c93','SE134','T.E.1','2025-01-21','Doadora: TABITA | Embrião: TJS33 X LANDAU | TE: T.E.1');
INSERT INTO pregnancy_diagnoses (id,farm_id,transfer_id,data_dg,resultado,data_previsao_parto) VALUES ('740417ea-b175-4a71-af99-35987cf43a64','aaaaaaaa-0000-0000-0000-000000000001','4f746781-d4b0-4a3e-bafe-1a780597b21c','2025-11-25','POSITIVO','2025-11-25');
INSERT INTO embryos (id,farm_id,aspiration_id,status) VALUES ('d6027f6f-bd34-4504-ade0-81b3e176cdda','aaaaaaaa-0000-0000-0000-000000000001','e777bd96-efe0-4f75-b277-649026ecbef5','IMPLANTADO');
INSERT INTO transfers (id,farm_id,embryo_id,receptora_id,receptora_brinco,sessao_nome,data_te,observacoes) VALUES ('4992fe1a-f231-427b-9afc-5dfc37559fa8','aaaaaaaa-0000-0000-0000-000000000001','d6027f6f-bd34-4504-ade0-81b3e176cdda','8f9be748-9748-4fc2-9382-210add503b93','SE135','T.E.1','2025-01-21','Doadora: HERINGER SERENNA3 | Embrião: FHGN-A8179 X LANDAU | TE: T.E.1');
INSERT INTO pregnancy_diagnoses (id,farm_id,transfer_id,data_dg,resultado,data_previsao_parto) VALUES ('04ec0f72-f87f-4c26-84bd-a8d5869cedd3','aaaaaaaa-0000-0000-0000-000000000001','4992fe1a-f231-427b-9afc-5dfc37559fa8','2025-11-25','POSITIVO','2025-11-25');
INSERT INTO embryos (id,farm_id,aspiration_id,status) VALUES ('c3f0098b-1aec-4dc4-917b-c6067fc5e484','aaaaaaaa-0000-0000-0000-000000000001','e044d668-8f1f-494f-934f-7b3033b49f7e','IMPLANTADO');
INSERT INTO transfers (id,farm_id,embryo_id,receptora_id,receptora_brinco,sessao_nome,data_te,observacoes) VALUES ('3ecdaac7-26fe-41b3-9669-a61de788b011','aaaaaaaa-0000-0000-0000-000000000001','c3f0098b-1aec-4dc4-917b-c6067fc5e484','e29870d8-4630-4535-a83e-e65846aab91b','SE138','T.E.1','2025-01-21','Doadora: COLOMBIANA MPERBONI | Embrião: MPE120/1 X LANDAU | TE: T.E.1');
INSERT INTO pregnancy_diagnoses (id,farm_id,transfer_id,data_dg,resultado,data_previsao_parto) VALUES ('0d5eeaf2-ea26-4e4d-9568-0e15fa49fea2','aaaaaaaa-0000-0000-0000-000000000001','3ecdaac7-26fe-41b3-9669-a61de788b011','2025-11-25','POSITIVO','2025-11-25');
INSERT INTO opu_sessions (id,farm_id,data,responsavel,tipo) VALUES ('cb4d734d-f9a7-4fcf-a831-3d21a4c3d546','aaaaaaaa-0000-0000-0000-000000000001','2025-05-16',NULL,'REALIZADA');
INSERT INTO aspirations (id,farm_id,session_id,doadora_id,doadora_nome,touro_nome) VALUES ('561377d6-3184-40f6-84fe-77323cc299da','aaaaaaaa-0000-0000-0000-000000000001','cb4d734d-f9a7-4fcf-a831-3d21a4c3d546',NULL,'KAMALA',NULL);
INSERT INTO embryos (id,farm_id,aspiration_id,status) VALUES ('bacda56c-0cda-48bb-931a-87a5b35d2b35','aaaaaaaa-0000-0000-0000-000000000001','561377d6-3184-40f6-84fe-77323cc299da','IMPLANTADO');
INSERT INTO transfers (id,farm_id,embryo_id,receptora_id,receptora_brinco,sessao_nome,data_te,observacoes) VALUES ('5b8d522b-5b14-438d-9140-4640a499482e','aaaaaaaa-0000-0000-0000-000000000001','bacda56c-0cda-48bb-931a-87a5b35d2b35','d4c394f8-e5a9-4a00-b5ff-9b4d74fa23d6','SE025','T.E.2','2025-05-16','Doadora: KAMALA | Embrião: FCMN126 X BITELO | TE: T.E.2');
INSERT INTO embryos (id,farm_id,aspiration_id,status) VALUES ('2e357aa0-30bc-4e46-87d5-dcc3f9659580','aaaaaaaa-0000-0000-0000-000000000001','561377d6-3184-40f6-84fe-77323cc299da','IMPLANTADO');
INSERT INTO transfers (id,farm_id,embryo_id,receptora_id,receptora_brinco,sessao_nome,data_te,observacoes) VALUES ('ff272f41-c84e-4c5e-921f-47ae3fa71a8b','aaaaaaaa-0000-0000-0000-000000000001','2e357aa0-30bc-4e46-87d5-dcc3f9659580','5729e310-4e63-48cf-9058-7e010f45c471','SE028','T.E.2','2025-05-16','Doadora: KAMALA | Embrião: FCMN126 X BITELO | TE: T.E.2');
INSERT INTO opu_sessions (id,farm_id,data,responsavel,tipo) VALUES ('a2980c72-a6ef-466a-bac1-29e9c77a36e1','aaaaaaaa-0000-0000-0000-000000000001','2025-05-16',NULL,'REALIZADA');
INSERT INTO aspirations (id,farm_id,session_id,doadora_id,doadora_nome,touro_nome) VALUES ('bdec43dd-5351-441e-8740-b7f1238de4e7','aaaaaaaa-0000-0000-0000-000000000001','a2980c72-a6ef-466a-bac1-29e9c77a36e1',NULL,'ANGELIKI',NULL);
INSERT INTO embryos (id,farm_id,aspiration_id,status) VALUES ('1338bd5d-0217-4ec6-83ac-985270dfbf0c','aaaaaaaa-0000-0000-0000-000000000001','bdec43dd-5351-441e-8740-b7f1238de4e7','IMPLANTADO');
INSERT INTO transfers (id,farm_id,embryo_id,receptora_id,receptora_brinco,sessao_nome,data_te,observacoes) VALUES ('137adced-2cdb-4e56-9ff7-b3dfb11c029f','aaaaaaaa-0000-0000-0000-000000000001','1338bd5d-0217-4ec6-83ac-985270dfbf0c','dc495531-8730-44d1-bc1b-dcd7ce043038','SE068','T.E.2','2025-05-16','Doadora: ANGELIKI | Embrião: FRTM147 X BITELO | TE: T.E.2');
INSERT INTO opu_sessions (id,farm_id,data,responsavel,tipo) VALUES ('d8f9b923-a896-454e-b445-0329e9379f8b','aaaaaaaa-0000-0000-0000-000000000001','2025-05-16',NULL,'REALIZADA');
INSERT INTO aspirations (id,farm_id,session_id,doadora_id,doadora_nome,touro_nome) VALUES ('22bcd0a1-abe7-4f3a-b8cb-57cc002897b6','aaaaaaaa-0000-0000-0000-000000000001','d8f9b923-a896-454e-b445-0329e9379f8b',NULL,'TERNURA M.VERDE',NULL);
INSERT INTO embryos (id,farm_id,aspiration_id,status) VALUES ('7a27588c-a236-4097-9f41-63a3e0055cdd','aaaaaaaa-0000-0000-0000-000000000001','22bcd0a1-abe7-4f3a-b8cb-57cc002897b6','IMPLANTADO');
INSERT INTO transfers (id,farm_id,embryo_id,receptora_id,receptora_brinco,sessao_nome,data_te,observacoes) VALUES ('43a17111-f317-4229-bfd5-9b9a4d23b2a9','aaaaaaaa-0000-0000-0000-000000000001','7a27588c-a236-4097-9f41-63a3e0055cdd','e35ff768-45a9-43db-ad62-f1ba604a6e97','SE080','T.E.2','2025-05-16','Doadora: TERNURA M.VERDE | Embrião: ISPU4743 X OPOSITOR | TE: T.E.2');
INSERT INTO embryos (id,farm_id,aspiration_id,status) VALUES ('dd3d6430-5f9f-4ec0-906a-bf47598fb9f7','aaaaaaaa-0000-0000-0000-000000000001','bdec43dd-5351-441e-8740-b7f1238de4e7','IMPLANTADO');
INSERT INTO transfers (id,farm_id,embryo_id,receptora_id,receptora_brinco,sessao_nome,data_te,observacoes) VALUES ('f4034098-bf5f-4487-a6c0-7dd0712b6fe1','aaaaaaaa-0000-0000-0000-000000000001','dd3d6430-5f9f-4ec0-906a-bf47598fb9f7','ea7189fb-c864-4d38-8e2e-1019a48f9a1d','SE083','T.E.2','2025-05-16','Doadora: ANGELIKI | Embrião: FRTM147 X BITELO | TE: T.E.2');
INSERT INTO opu_sessions (id,farm_id,data,responsavel,tipo) VALUES ('9950ed7e-c047-4ab1-8f8e-8f37f6f6249f','aaaaaaaa-0000-0000-0000-000000000001','2025-05-16',NULL,'REALIZADA');
INSERT INTO aspirations (id,farm_id,session_id,doadora_id,doadora_nome,touro_nome) VALUES ('62c62c23-c1d1-4d26-973a-412e9ea2ae59','aaaaaaaa-0000-0000-0000-000000000001','9950ed7e-c047-4ab1-8f8e-8f37f6f6249f',NULL,'BATHINDA',NULL);
INSERT INTO embryos (id,farm_id,aspiration_id,status) VALUES ('cddb8d3d-ed85-4f85-9bfb-05dc01214017','aaaaaaaa-0000-0000-0000-000000000001','62c62c23-c1d1-4d26-973a-412e9ea2ae59','IMPLANTADO');
INSERT INTO transfers (id,farm_id,embryo_id,receptora_id,receptora_brinco,sessao_nome,data_te,observacoes) VALUES ('4bab6e2c-97c7-412d-87a0-ef11d01b7bae','aaaaaaaa-0000-0000-0000-000000000001','cddb8d3d-ed85-4f85-9bfb-05dc01214017','0756433f-39c0-47a1-bd60-653bc571e80d','SE087','T.E.2','2025-05-16','Doadora: BATHINDA | Embrião: LFFV698 X LANDAU | TE: T.E.2');
INSERT INTO embryos (id,farm_id,aspiration_id,status) VALUES ('ffdc04df-72ed-46c8-b44a-5feb82c44e11','aaaaaaaa-0000-0000-0000-000000000001','bdec43dd-5351-441e-8740-b7f1238de4e7','IMPLANTADO');
INSERT INTO transfers (id,farm_id,embryo_id,receptora_id,receptora_brinco,sessao_nome,data_te,observacoes) VALUES ('c4f4c7e0-b4b7-4d27-9cd4-d4a3fa587cd3','aaaaaaaa-0000-0000-0000-000000000001','ffdc04df-72ed-46c8-b44a-5feb82c44e11','ec88b311-4179-4975-acfe-bd30ad0a9fbe','SE096','T.E.2','2025-05-16','Doadora: ANGELIKI | Embrião: FRTM147 X BITELO | TE: T.E.2');
INSERT INTO embryos (id,farm_id,aspiration_id,status) VALUES ('3f2b6e90-91e9-4324-84e5-495336c3be99','aaaaaaaa-0000-0000-0000-000000000001','561377d6-3184-40f6-84fe-77323cc299da','IMPLANTADO');
INSERT INTO transfers (id,farm_id,embryo_id,receptora_id,receptora_brinco,sessao_nome,data_te,observacoes) VALUES ('9b4ea994-d0a3-4beb-974c-a85b8deed0ea','aaaaaaaa-0000-0000-0000-000000000001','3f2b6e90-91e9-4324-84e5-495336c3be99','22f575f2-f040-419c-88d4-7cc49062e287','SE101','T.E.2','2025-05-16','Doadora: KAMALA | Embrião: FCMN126 X BITELO | TE: T.E.2');

-- ══════════════════════════════════════════
-- 8. TRANSFERÊNCIAS T.E. 3
-- ══════════════════════════════════════════


-- ══════════════════════════════════════════
-- 9. TRANSFERÊNCIAS T.E. 4
-- ══════════════════════════════════════════

INSERT INTO opu_sessions (id,farm_id,data,responsavel,tipo) VALUES ('2daf8d08-e4a7-409c-9b4b-ba311e6a8aba','aaaaaaaa-0000-0000-0000-000000000001','2026-02-05',NULL,'REALIZADA');
INSERT INTO aspirations (id,farm_id,session_id,doadora_id,doadora_nome,touro_nome) VALUES ('ab6deb84-1363-40f1-881b-2251e386c14e','aaaaaaaa-0000-0000-0000-000000000001','2daf8d08-e4a7-409c-9b4b-ba311e6a8aba','f60e7dbf-2823-4fff-af83-d378efaa19bc','TLBF 89','BOBY HRO');
INSERT INTO embryos (id,farm_id,aspiration_id,status) VALUES ('76fbd741-5c89-449c-88db-f23de71311b3','aaaaaaaa-0000-0000-0000-000000000001','ab6deb84-1363-40f1-881b-2251e386c14e','IMPLANTADO');
INSERT INTO transfers (id,farm_id,embryo_id,receptora_id,receptora_brinco,sessao_nome,data_te,observacoes) VALUES ('3c5c5048-40c0-4127-8ef6-dbc3ce47c867','aaaaaaaa-0000-0000-0000-000000000001','76fbd741-5c89-449c-88db-f23de71311b3','b77d8954-151c-478c-a9d0-07e104833e73','SE005','T.E. 4','2026-02-05','Doadora: TLBF 89 | Touro: BOBY HRO');
INSERT INTO opu_sessions (id,farm_id,data,responsavel,tipo) VALUES ('ebc58181-983a-47f2-a431-bd10b2bb02eb','aaaaaaaa-0000-0000-0000-000000000001','2026-02-05',NULL,'REALIZADA');
INSERT INTO aspirations (id,farm_id,session_id,doadora_id,doadora_nome,touro_nome) VALUES ('cbaeed19-69d0-4c20-adba-a21485f721a0','aaaaaaaa-0000-0000-0000-000000000001','ebc58181-983a-47f2-a431-bd10b2bb02eb','c769b44c-a631-49fb-b8d3-3d20d945584e','RSBP 6057','RIMA FIV SUDÃO');
INSERT INTO embryos (id,farm_id,aspiration_id,status) VALUES ('79d98746-2e4d-4425-9ee3-de6c7cdba9f8','aaaaaaaa-0000-0000-0000-000000000001','cbaeed19-69d0-4c20-adba-a21485f721a0','IMPLANTADO');
INSERT INTO transfers (id,farm_id,embryo_id,receptora_id,receptora_brinco,sessao_nome,data_te,observacoes) VALUES ('bb508abf-7abe-4792-bf39-7e2aed2c7e20','aaaaaaaa-0000-0000-0000-000000000001','79d98746-2e4d-4425-9ee3-de6c7cdba9f8','aa36a812-2cc3-44e5-9ca7-d712b0cff7c1','SE006','T.E. 4','2026-02-05','Doadora: RSBP 6057 | Touro: RIMA FIV SUDÃO');
INSERT INTO opu_sessions (id,farm_id,data,responsavel,tipo) VALUES ('c19e6d7b-63ff-4618-aa82-6aa3063ea0b7','aaaaaaaa-0000-0000-0000-000000000001','2026-02-05',NULL,'REALIZADA');
INSERT INTO aspirations (id,farm_id,session_id,doadora_id,doadora_nome,touro_nome) VALUES ('da23b270-9508-4bb9-a287-9a43e53e1961','aaaaaaaa-0000-0000-0000-000000000001','c19e6d7b-63ff-4618-aa82-6aa3063ea0b7','81653465-fb5f-4d7e-81e1-7095f428cab3','LUCE 202','BOBY HRO');
INSERT INTO embryos (id,farm_id,aspiration_id,status) VALUES ('f9ea64fd-c793-4ccf-857b-29403e1e48f4','aaaaaaaa-0000-0000-0000-000000000001','da23b270-9508-4bb9-a287-9a43e53e1961','IMPLANTADO');
INSERT INTO transfers (id,farm_id,embryo_id,receptora_id,receptora_brinco,sessao_nome,data_te,observacoes) VALUES ('d9ca9cd4-9537-4ac9-87b0-7c258cac5467','aaaaaaaa-0000-0000-0000-000000000001','f9ea64fd-c793-4ccf-857b-29403e1e48f4','573a45f1-dc5f-4a78-af44-4eac8f3a1188','SE010','T.E. 4','2026-02-05','Doadora: LUCE 202 | Touro: BOBY HRO');
INSERT INTO embryos (id,farm_id,aspiration_id,status) VALUES ('981ace68-8a6e-4a09-9535-d306e97cc2e7','aaaaaaaa-0000-0000-0000-000000000001','cbaeed19-69d0-4c20-adba-a21485f721a0','IMPLANTADO');
INSERT INTO transfers (id,farm_id,embryo_id,receptora_id,receptora_brinco,sessao_nome,data_te,observacoes) VALUES ('ff1854e3-01d7-46c8-b878-c8db4b1f7bdd','aaaaaaaa-0000-0000-0000-000000000001','981ace68-8a6e-4a09-9535-d306e97cc2e7','21145d63-05d8-4500-8b5e-63e2dd8c929a','SE011','T.E. 4','2026-02-05','Doadora: RSBP 6057 | Touro: RIMA FIV SUDÃO');
INSERT INTO embryos (id,farm_id,aspiration_id,status) VALUES ('e66a36d1-90c0-4c2c-b486-7de543021e2f','aaaaaaaa-0000-0000-0000-000000000001','cbaeed19-69d0-4c20-adba-a21485f721a0','IMPLANTADO');
INSERT INTO transfers (id,farm_id,embryo_id,receptora_id,receptora_brinco,sessao_nome,data_te,observacoes) VALUES ('38b93759-0e41-47a3-85a5-c91538e8de53','aaaaaaaa-0000-0000-0000-000000000001','e66a36d1-90c0-4c2c-b486-7de543021e2f','4d6888c2-15b1-46a8-875a-2bfc1da1ba6a','SE012','T.E. 4','2026-02-05','Doadora: RSBP 6057 | Touro: RIMA FIV SUDÃO');
INSERT INTO opu_sessions (id,farm_id,data,responsavel,tipo) VALUES ('3cee3537-1bce-4bb6-8528-2d98cbfc7ff5','aaaaaaaa-0000-0000-0000-000000000001','2026-02-05',NULL,'REALIZADA');
INSERT INTO aspirations (id,farm_id,session_id,doadora_id,doadora_nome,touro_nome) VALUES ('e1bde316-1f2c-4560-bfd7-5f13c7518036','aaaaaaaa-0000-0000-0000-000000000001','3cee3537-1bce-4bb6-8528-2d98cbfc7ff5','af4b1147-db25-4e34-9525-18805629c80a','LUCE 450','RIMA FIV SUDÃO');
INSERT INTO embryos (id,farm_id,aspiration_id,status) VALUES ('6cc0141c-4352-4689-b721-a33fbf0d68da','aaaaaaaa-0000-0000-0000-000000000001','e1bde316-1f2c-4560-bfd7-5f13c7518036','IMPLANTADO');
INSERT INTO transfers (id,farm_id,embryo_id,receptora_id,receptora_brinco,sessao_nome,data_te,observacoes) VALUES ('106b102f-55b3-426d-b350-e740dc40a1a6','aaaaaaaa-0000-0000-0000-000000000001','6cc0141c-4352-4689-b721-a33fbf0d68da','21419f34-361c-42b3-9025-6d7b62f8eb1a','SE013','T.E. 4','2026-02-05','Doadora: LUCE 450 | Touro: RIMA FIV SUDÃO');
INSERT INTO embryos (id,farm_id,aspiration_id,status) VALUES ('b91df4b9-1328-4b46-aa9e-5c7e71733680','aaaaaaaa-0000-0000-0000-000000000001','ab6deb84-1363-40f1-881b-2251e386c14e','IMPLANTADO');
INSERT INTO transfers (id,farm_id,embryo_id,receptora_id,receptora_brinco,sessao_nome,data_te,observacoes) VALUES ('44b6e89c-570e-408e-abed-eaab1a3627a7','aaaaaaaa-0000-0000-0000-000000000001','b91df4b9-1328-4b46-aa9e-5c7e71733680','ec05d140-fdb6-4539-a2a7-884f2e9c4b14','SE014','T.E. 4','2026-02-05','Doadora: TLBF 89 | Touro: BOBY HRO');
INSERT INTO embryos (id,farm_id,aspiration_id,status) VALUES ('837cfb8c-78be-4eff-841b-b813cdb799ce','aaaaaaaa-0000-0000-0000-000000000001','e1bde316-1f2c-4560-bfd7-5f13c7518036','IMPLANTADO');
INSERT INTO transfers (id,farm_id,embryo_id,receptora_id,receptora_brinco,sessao_nome,data_te,observacoes) VALUES ('812ddfc1-4de1-4023-9155-618b3fd53700','aaaaaaaa-0000-0000-0000-000000000001','837cfb8c-78be-4eff-841b-b813cdb799ce','83888e01-2784-41af-986a-bec4d418a1e9','SE016','T.E. 4','2026-02-05','Doadora: LUCE 450 | Touro: RIMA FIV SUDÃO');
INSERT INTO embryos (id,farm_id,aspiration_id,status) VALUES ('548ebbd3-5191-4467-a050-b073fd9da10d','aaaaaaaa-0000-0000-0000-000000000001','e1bde316-1f2c-4560-bfd7-5f13c7518036','IMPLANTADO');
INSERT INTO transfers (id,farm_id,embryo_id,receptora_id,receptora_brinco,sessao_nome,data_te,observacoes) VALUES ('51635909-6bb8-4de0-8e9e-f6d001894927','aaaaaaaa-0000-0000-0000-000000000001','548ebbd3-5191-4467-a050-b073fd9da10d','230743ef-ad0b-4438-a362-3a00a852d451','SE017','T.E. 4','2026-02-05','Doadora: LUCE 450 | Touro: RIMA FIV SUDÃO');
INSERT INTO opu_sessions (id,farm_id,data,responsavel,tipo) VALUES ('e62c3ada-94ca-4f91-a1dc-b4bb06d92a22','aaaaaaaa-0000-0000-0000-000000000001','2026-02-05',NULL,'REALIZADA');
INSERT INTO aspirations (id,farm_id,session_id,doadora_id,doadora_nome,touro_nome) VALUES ('f6396d3f-8258-4a5e-9bc8-d9b229f29109','aaaaaaaa-0000-0000-0000-000000000001','e62c3ada-94ca-4f91-a1dc-b4bb06d92a22','c133bef9-99ca-404c-a63f-a39be7bb5576','GIBE 1735','BOBY HRO');
INSERT INTO embryos (id,farm_id,aspiration_id,status) VALUES ('91123fa0-a087-4373-a2f6-13cd4c1e0bf3','aaaaaaaa-0000-0000-0000-000000000001','f6396d3f-8258-4a5e-9bc8-d9b229f29109','IMPLANTADO');
INSERT INTO transfers (id,farm_id,embryo_id,receptora_id,receptora_brinco,sessao_nome,data_te,observacoes) VALUES ('e4da08e2-4dc9-4b0e-93b6-a5ea52fd9cfc','aaaaaaaa-0000-0000-0000-000000000001','91123fa0-a087-4373-a2f6-13cd4c1e0bf3','421e43fa-4038-409e-a732-2d09a690a426','SE019','T.E. 4','2026-02-05','Doadora: GIBE 1735 | Touro: BOBY HRO');
INSERT INTO embryos (id,farm_id,aspiration_id,status) VALUES ('2346d289-60ee-4dbb-846c-eb72a6edb13e','aaaaaaaa-0000-0000-0000-000000000001','e1bde316-1f2c-4560-bfd7-5f13c7518036','IMPLANTADO');
INSERT INTO transfers (id,farm_id,embryo_id,receptora_id,receptora_brinco,sessao_nome,data_te,observacoes) VALUES ('b7d29fea-b0ac-4aa7-8079-8c479b577393','aaaaaaaa-0000-0000-0000-000000000001','2346d289-60ee-4dbb-846c-eb72a6edb13e','ea8a95fd-3eea-47fc-85e3-9f9fad560eed','SE021','T.E. 4','2026-02-05','Doadora: LUCE 450 | Touro: RIMA FIV SUDÃO');
INSERT INTO embryos (id,farm_id,aspiration_id,status) VALUES ('ee0b7e80-5ad0-46fc-9bac-a606e97fc8df','aaaaaaaa-0000-0000-0000-000000000001','e1bde316-1f2c-4560-bfd7-5f13c7518036','IMPLANTADO');
INSERT INTO transfers (id,farm_id,embryo_id,receptora_id,receptora_brinco,sessao_nome,data_te,observacoes) VALUES ('412bc7ef-b058-4ad3-b9ae-0c1a351e0115','aaaaaaaa-0000-0000-0000-000000000001','ee0b7e80-5ad0-46fc-9bac-a606e97fc8df','00bb99f1-95f1-443d-aaf3-c769d56dcf6f','SE022','T.E. 4','2026-02-05','Doadora: LUCE 450 | Touro: RIMA FIV SUDÃO');
INSERT INTO embryos (id,farm_id,aspiration_id,status) VALUES ('4243f860-4830-46a1-af16-30927aebdb11','aaaaaaaa-0000-0000-0000-000000000001','e1bde316-1f2c-4560-bfd7-5f13c7518036','IMPLANTADO');
INSERT INTO transfers (id,farm_id,embryo_id,receptora_id,receptora_brinco,sessao_nome,data_te,observacoes) VALUES ('41b5e0b0-31c6-48bc-aa12-abde7f21febf','aaaaaaaa-0000-0000-0000-000000000001','4243f860-4830-46a1-af16-30927aebdb11','7530c0db-6554-49fb-ae75-b0b6b21eb821','SE024','T.E. 4','2026-02-05','Doadora: LUCE 450 | Touro: RIMA FIV SUDÃO');
INSERT INTO embryos (id,farm_id,aspiration_id,status) VALUES ('3da4d40d-d5dd-4a64-b758-38a800806ba9','aaaaaaaa-0000-0000-0000-000000000001','e1bde316-1f2c-4560-bfd7-5f13c7518036','IMPLANTADO');
INSERT INTO transfers (id,farm_id,embryo_id,receptora_id,receptora_brinco,sessao_nome,data_te,observacoes) VALUES ('21fd6efd-5acb-47c8-9955-bc9b6c71c196','aaaaaaaa-0000-0000-0000-000000000001','3da4d40d-d5dd-4a64-b758-38a800806ba9','d4c394f8-e5a9-4a00-b5ff-9b4d74fa23d6','SE025','T.E. 4','2026-02-05','Doadora: LUCE 450 | Touro: RIMA FIV SUDÃO');
INSERT INTO embryos (id,farm_id,aspiration_id,status) VALUES ('90d5ae35-0b4e-4146-a5d0-a0933d937127','aaaaaaaa-0000-0000-0000-000000000001','da23b270-9508-4bb9-a287-9a43e53e1961','IMPLANTADO');
INSERT INTO transfers (id,farm_id,embryo_id,receptora_id,receptora_brinco,sessao_nome,data_te,observacoes) VALUES ('68d34093-9c3e-448b-b6d4-8ee2a94624bc','aaaaaaaa-0000-0000-0000-000000000001','90d5ae35-0b4e-4146-a5d0-a0933d937127','338c4fb4-a710-4c0c-97e6-2c6e1a2e2afd','SE027','T.E. 4','2026-02-05','Doadora: LUCE 202 | Touro: BOBY HRO');
INSERT INTO embryos (id,farm_id,aspiration_id,status) VALUES ('31f84a30-08f0-43e3-95ae-a46f26647deb','aaaaaaaa-0000-0000-0000-000000000001','ab6deb84-1363-40f1-881b-2251e386c14e','IMPLANTADO');
INSERT INTO transfers (id,farm_id,embryo_id,receptora_id,receptora_brinco,sessao_nome,data_te,observacoes) VALUES ('2aa66b77-8d9e-4408-a63c-61717862f167','aaaaaaaa-0000-0000-0000-000000000001','31f84a30-08f0-43e3-95ae-a46f26647deb','ad627c08-f2b6-4629-aa88-b1fc13b58ede','SE031','T.E. 4','2026-02-05','Doadora: TLBF 89 | Touro: BOBY HRO');
INSERT INTO embryos (id,farm_id,aspiration_id,status) VALUES ('19dce8d1-3aeb-43a3-82d6-298762a95362','aaaaaaaa-0000-0000-0000-000000000001','da23b270-9508-4bb9-a287-9a43e53e1961','IMPLANTADO');
INSERT INTO transfers (id,farm_id,embryo_id,receptora_id,receptora_brinco,sessao_nome,data_te,observacoes) VALUES ('c309192f-d8da-4d94-b345-81f52a2a25b7','aaaaaaaa-0000-0000-0000-000000000001','19dce8d1-3aeb-43a3-82d6-298762a95362','588fd6ef-48c1-4647-b5f6-3f818c7fefb1','SE032','T.E. 4','2026-02-05','Doadora: LUCE 202 | Touro: BOBY HRO');
INSERT INTO embryos (id,farm_id,aspiration_id,status) VALUES ('bace2e32-f5ae-4f84-abc8-4e35791256d5','aaaaaaaa-0000-0000-0000-000000000001','da23b270-9508-4bb9-a287-9a43e53e1961','IMPLANTADO');
INSERT INTO transfers (id,farm_id,embryo_id,receptora_id,receptora_brinco,sessao_nome,data_te,observacoes) VALUES ('e03e69cd-f2b1-4eaf-a76a-2ca4467614cf','aaaaaaaa-0000-0000-0000-000000000001','bace2e32-f5ae-4f84-abc8-4e35791256d5','0661b92a-871e-4b5e-9e9e-8c19e360e829','SE033','T.E. 4','2026-02-05','Doadora: LUCE 202 | Touro: BOBY HRO');
INSERT INTO embryos (id,farm_id,aspiration_id,status) VALUES ('c60b2df0-309c-4b49-ba4f-c9b9107662fc','aaaaaaaa-0000-0000-0000-000000000001','da23b270-9508-4bb9-a287-9a43e53e1961','IMPLANTADO');
INSERT INTO transfers (id,farm_id,embryo_id,receptora_id,receptora_brinco,sessao_nome,data_te,observacoes) VALUES ('f0e6ac32-f0a3-4363-9d65-6a99d2a3bac3','aaaaaaaa-0000-0000-0000-000000000001','c60b2df0-309c-4b49-ba4f-c9b9107662fc','4f138cd0-eca9-418a-ad2c-ed28a6eac489','SE034','T.E. 4','2026-02-05','Doadora: LUCE 202 | Touro: BOBY HRO');
INSERT INTO embryos (id,farm_id,aspiration_id,status) VALUES ('734707fd-928a-4347-9506-1406f589a636','aaaaaaaa-0000-0000-0000-000000000001','e1bde316-1f2c-4560-bfd7-5f13c7518036','IMPLANTADO');
INSERT INTO transfers (id,farm_id,embryo_id,receptora_id,receptora_brinco,sessao_nome,data_te,observacoes) VALUES ('a829ebf2-567e-46ab-85ae-d66eb1f41b30','aaaaaaaa-0000-0000-0000-000000000001','734707fd-928a-4347-9506-1406f589a636','59467895-587f-41ae-a9cc-bcd98d4c4d34','SE037','T.E. 4','2026-02-05','Doadora: LUCE 450 | Touro: RIMA FIV SUDÃO');
INSERT INTO embryos (id,farm_id,aspiration_id,status) VALUES ('543c3c44-697d-490c-ae01-d5b9f45d6eaa','aaaaaaaa-0000-0000-0000-000000000001','e1bde316-1f2c-4560-bfd7-5f13c7518036','IMPLANTADO');
INSERT INTO transfers (id,farm_id,embryo_id,receptora_id,receptora_brinco,sessao_nome,data_te,observacoes) VALUES ('2ef3865a-1958-4411-9acc-d7338b7629a9','aaaaaaaa-0000-0000-0000-000000000001','543c3c44-697d-490c-ae01-d5b9f45d6eaa','d066cc56-c510-4e89-9d70-3a3188cb354b','SE059','T.E. 4','2026-02-05','Doadora: LUCE 450 | Touro: RIMA FIV SUDÃO');
INSERT INTO embryos (id,farm_id,aspiration_id,status) VALUES ('d10690b6-24c7-40f0-a6ce-f47fab4a1d7a','aaaaaaaa-0000-0000-0000-000000000001','e1bde316-1f2c-4560-bfd7-5f13c7518036','IMPLANTADO');
INSERT INTO transfers (id,farm_id,embryo_id,receptora_id,receptora_brinco,sessao_nome,data_te,observacoes) VALUES ('d7ff4da9-7f49-4ad1-95f7-d5fa0853f3bc','aaaaaaaa-0000-0000-0000-000000000001','d10690b6-24c7-40f0-a6ce-f47fab4a1d7a','4ca1f871-6e3f-4f4a-ab93-14109a514406','SE060','T.E. 4','2026-02-05','Doadora: LUCE 450 | Touro: RIMA FIV SUDÃO');
INSERT INTO embryos (id,farm_id,aspiration_id,status) VALUES ('b55e5ec6-f0c4-4b3b-8643-858fbf8b151d','aaaaaaaa-0000-0000-0000-000000000001','da23b270-9508-4bb9-a287-9a43e53e1961','IMPLANTADO');
INSERT INTO transfers (id,farm_id,embryo_id,receptora_id,receptora_brinco,sessao_nome,data_te,observacoes) VALUES ('39e0ccc3-16b9-44f2-ad4f-93b84569d5b7','aaaaaaaa-0000-0000-0000-000000000001','b55e5ec6-f0c4-4b3b-8643-858fbf8b151d','8dcafb80-c012-46b5-a0c2-0d4845bba651','SE061','T.E. 4','2026-02-05','Doadora: LUCE 202 | Touro: BOBY HRO');
INSERT INTO embryos (id,farm_id,aspiration_id,status) VALUES ('b4bfae1c-5160-47f3-8a53-3680b236ad3c','aaaaaaaa-0000-0000-0000-000000000001','cbaeed19-69d0-4c20-adba-a21485f721a0','IMPLANTADO');
INSERT INTO transfers (id,farm_id,embryo_id,receptora_id,receptora_brinco,sessao_nome,data_te,observacoes) VALUES ('90207a33-91d4-453a-84b3-3e467881b495','aaaaaaaa-0000-0000-0000-000000000001','b4bfae1c-5160-47f3-8a53-3680b236ad3c','f341be13-e503-499d-8644-dedba5450ae6','SE062','T.E. 4','2026-02-05','Doadora: RSBP 6057 | Touro: RIMA FIV SUDÃO');
INSERT INTO embryos (id,farm_id,aspiration_id,status) VALUES ('b457c390-2320-4204-bca5-2a6c9c137797','aaaaaaaa-0000-0000-0000-000000000001','e1bde316-1f2c-4560-bfd7-5f13c7518036','IMPLANTADO');
INSERT INTO transfers (id,farm_id,embryo_id,receptora_id,receptora_brinco,sessao_nome,data_te,observacoes) VALUES ('a9df400a-20f1-4aea-970b-57f4d54d0bf5','aaaaaaaa-0000-0000-0000-000000000001','b457c390-2320-4204-bca5-2a6c9c137797','b3051450-069c-4af8-afdd-d629d558df51','SE067','T.E. 4','2026-02-05','Doadora: LUCE 450 | Touro: RIMA FIV SUDÃO');
INSERT INTO embryos (id,farm_id,aspiration_id,status) VALUES ('e1c4a205-e96f-42ac-911d-db15511adc8c','aaaaaaaa-0000-0000-0000-000000000001','e1bde316-1f2c-4560-bfd7-5f13c7518036','IMPLANTADO');
INSERT INTO transfers (id,farm_id,embryo_id,receptora_id,receptora_brinco,sessao_nome,data_te,observacoes) VALUES ('3a9d7857-9baf-482b-91e9-9ae20cf95ed2','aaaaaaaa-0000-0000-0000-000000000001','e1c4a205-e96f-42ac-911d-db15511adc8c','17bbca84-d32f-4c2c-bdb1-741d7c920baa','SE071','T.E. 4','2026-02-05','Doadora: LUCE 450 | Touro: RIMA FIV SUDÃO');
INSERT INTO embryos (id,farm_id,aspiration_id,status) VALUES ('397c025e-7b68-4277-a8b4-0fa70838ac19','aaaaaaaa-0000-0000-0000-000000000001','e1bde316-1f2c-4560-bfd7-5f13c7518036','IMPLANTADO');
INSERT INTO transfers (id,farm_id,embryo_id,receptora_id,receptora_brinco,sessao_nome,data_te,observacoes) VALUES ('c48437f8-8ad2-4c76-b9ff-799a6772364a','aaaaaaaa-0000-0000-0000-000000000001','397c025e-7b68-4277-a8b4-0fa70838ac19','c62471cc-7fb7-4473-b5e7-5d29348a0240','SE077','T.E. 4','2026-02-05','Doadora: LUCE 450 | Touro: RIMA FIV SUDÃO');
INSERT INTO embryos (id,farm_id,aspiration_id,status) VALUES ('07dff3e3-ce79-412c-927f-fb4d08b7124b','aaaaaaaa-0000-0000-0000-000000000001','e1bde316-1f2c-4560-bfd7-5f13c7518036','IMPLANTADO');
INSERT INTO transfers (id,farm_id,embryo_id,receptora_id,receptora_brinco,sessao_nome,data_te,observacoes) VALUES ('ed12247e-9f57-4f77-bfdd-5f63d4c221a1','aaaaaaaa-0000-0000-0000-000000000001','07dff3e3-ce79-412c-927f-fb4d08b7124b','46cc0fab-2e7f-4230-bfa3-33568c7aca36','SE078','T.E. 4','2026-02-05','Doadora: LUCE 450 | Touro: RIMA FIV SUDÃO');
INSERT INTO embryos (id,farm_id,aspiration_id,status) VALUES ('7ef07e07-e62c-462c-a731-4e1526efda21','aaaaaaaa-0000-0000-0000-000000000001','e1bde316-1f2c-4560-bfd7-5f13c7518036','IMPLANTADO');
INSERT INTO transfers (id,farm_id,embryo_id,receptora_id,receptora_brinco,sessao_nome,data_te,observacoes) VALUES ('281c4a72-f0ec-4ce1-a786-8060cc396f44','aaaaaaaa-0000-0000-0000-000000000001','7ef07e07-e62c-462c-a731-4e1526efda21','ada84198-ce60-455c-b0ba-66b472e723ff','SE079','T.E. 4','2026-02-05','Doadora: LUCE 450 | Touro: RIMA FIV SUDÃO');
INSERT INTO embryos (id,farm_id,aspiration_id,status) VALUES ('2cbdb204-ee63-495b-949c-6cae5e24f67f','aaaaaaaa-0000-0000-0000-000000000001','e1bde316-1f2c-4560-bfd7-5f13c7518036','IMPLANTADO');
INSERT INTO transfers (id,farm_id,embryo_id,receptora_id,receptora_brinco,sessao_nome,data_te,observacoes) VALUES ('1df64283-e8c3-4d29-a9b6-e3b84e1c7216','aaaaaaaa-0000-0000-0000-000000000001','2cbdb204-ee63-495b-949c-6cae5e24f67f','1b7452a3-27b3-474f-a6c7-ff02c5a418ec','SE084','T.E. 4','2026-02-05','Doadora: LUCE 450 | Touro: RIMA FIV SUDÃO');
INSERT INTO embryos (id,farm_id,aspiration_id,status) VALUES ('e5749d5b-41dd-4d87-87b1-efeb1e6fc042','aaaaaaaa-0000-0000-0000-000000000001','e1bde316-1f2c-4560-bfd7-5f13c7518036','IMPLANTADO');
INSERT INTO transfers (id,farm_id,embryo_id,receptora_id,receptora_brinco,sessao_nome,data_te,observacoes) VALUES ('ec2bb4e7-f447-4a40-8760-0fb46295269d','aaaaaaaa-0000-0000-0000-000000000001','e5749d5b-41dd-4d87-87b1-efeb1e6fc042','a0068acd-f7b5-4e8f-aa28-7e94f2a4ea05','SE093','T.E. 4','2026-02-05','Doadora: LUCE 450 | Touro: RIMA FIV SUDÃO');
INSERT INTO embryos (id,farm_id,aspiration_id,status) VALUES ('3a2a1bcd-5bbf-438b-a2e5-7681d44f4ca1','aaaaaaaa-0000-0000-0000-000000000001','e1bde316-1f2c-4560-bfd7-5f13c7518036','IMPLANTADO');
INSERT INTO transfers (id,farm_id,embryo_id,receptora_id,receptora_brinco,sessao_nome,data_te,observacoes) VALUES ('11a8f691-e38f-4f3d-b0a9-4ec2a353021a','aaaaaaaa-0000-0000-0000-000000000001','3a2a1bcd-5bbf-438b-a2e5-7681d44f4ca1','36fd7947-0846-471e-bc13-3a5348ca4229','SE094','T.E. 4','2026-02-05','Doadora: LUCE 450 | Touro: RIMA FIV SUDÃO');
INSERT INTO embryos (id,farm_id,aspiration_id,status) VALUES ('e14cf192-3d08-46a2-aee5-6f63d85b0783','aaaaaaaa-0000-0000-0000-000000000001','e1bde316-1f2c-4560-bfd7-5f13c7518036','IMPLANTADO');
INSERT INTO transfers (id,farm_id,embryo_id,receptora_id,receptora_brinco,sessao_nome,data_te,observacoes) VALUES ('07a4ceaf-7d0c-4042-9bb7-20ab18daa371','aaaaaaaa-0000-0000-0000-000000000001','e14cf192-3d08-46a2-aee5-6f63d85b0783','83f7222b-8371-4200-87d5-14fc950468bb','SE099','T.E. 4','2026-02-05','Doadora: LUCE 450 | Touro: RIMA FIV SUDÃO');
INSERT INTO embryos (id,farm_id,aspiration_id,status) VALUES ('51008b60-07cb-48fb-af65-ae4def4a25e4','aaaaaaaa-0000-0000-0000-000000000001','e1bde316-1f2c-4560-bfd7-5f13c7518036','IMPLANTADO');
INSERT INTO transfers (id,farm_id,embryo_id,receptora_id,receptora_brinco,sessao_nome,data_te,observacoes) VALUES ('50f358df-fd51-4f2d-968a-18ca686c02a4','aaaaaaaa-0000-0000-0000-000000000001','51008b60-07cb-48fb-af65-ae4def4a25e4','b61128b9-84d3-42b1-a5ec-42ff57f0bf2e','SE103','T.E. 4','2026-02-05','Doadora: LUCE 450 | Touro: RIMA FIV SUDÃO');
INSERT INTO embryos (id,farm_id,aspiration_id,status) VALUES ('f060d15e-e9f0-4f6a-87b3-f34ae40a8fe9','aaaaaaaa-0000-0000-0000-000000000001','e1bde316-1f2c-4560-bfd7-5f13c7518036','IMPLANTADO');
INSERT INTO transfers (id,farm_id,embryo_id,receptora_id,receptora_brinco,sessao_nome,data_te,observacoes) VALUES ('4d6f9510-b069-4539-84d7-76f83fabb8f1','aaaaaaaa-0000-0000-0000-000000000001','f060d15e-e9f0-4f6a-87b3-f34ae40a8fe9','823959b5-2bf2-4eaa-8c87-adfbe7116a51','SE107','T.E. 4','2026-02-05','Doadora: LUCE 450 | Touro: RIMA FIV SUDÃO');
INSERT INTO embryos (id,farm_id,aspiration_id,status) VALUES ('a307382b-7f45-4db3-89bb-bfc122932b3c','aaaaaaaa-0000-0000-0000-000000000001','e1bde316-1f2c-4560-bfd7-5f13c7518036','IMPLANTADO');
INSERT INTO transfers (id,farm_id,embryo_id,receptora_id,receptora_brinco,sessao_nome,data_te,observacoes) VALUES ('23fd3394-016b-4cb9-afee-f6dd54cb44a6','aaaaaaaa-0000-0000-0000-000000000001','a307382b-7f45-4db3-89bb-bfc122932b3c','92782025-3ff0-4d39-bc82-d7d9b53722ec','SE111','T.E. 4','2026-02-05','Doadora: LUCE 450 | Touro: RIMA FIV SUDÃO');
INSERT INTO embryos (id,farm_id,aspiration_id,status) VALUES ('e84e1fdc-7923-4f91-8b1c-3696429ab0c0','aaaaaaaa-0000-0000-0000-000000000001','da23b270-9508-4bb9-a287-9a43e53e1961','IMPLANTADO');
INSERT INTO transfers (id,farm_id,embryo_id,receptora_id,receptora_brinco,sessao_nome,data_te,observacoes) VALUES ('84eaeffb-bc36-47b7-a4e0-82312ace7e11','aaaaaaaa-0000-0000-0000-000000000001','e84e1fdc-7923-4f91-8b1c-3696429ab0c0','2685f2e8-ace1-421a-b4c0-9f09c13107b0','SE118','T.E. 4','2026-02-05','Doadora: LUCE 202 | Touro: BOBY HRO');
INSERT INTO embryos (id,farm_id,aspiration_id,status) VALUES ('55a33aaf-7915-43be-bb12-327d2451d628','aaaaaaaa-0000-0000-0000-000000000001','da23b270-9508-4bb9-a287-9a43e53e1961','IMPLANTADO');
INSERT INTO transfers (id,farm_id,embryo_id,receptora_id,receptora_brinco,sessao_nome,data_te,observacoes) VALUES ('7c9daaf3-a57e-418d-a9b9-78e000c151d4','aaaaaaaa-0000-0000-0000-000000000001','55a33aaf-7915-43be-bb12-327d2451d628','6f3c82ee-8091-4fdb-9bc9-ecf42e15c3c1','SE119','T.E. 4','2026-02-05','Doadora: LUCE 202 | Touro: BOBY HRO');
INSERT INTO embryos (id,farm_id,aspiration_id,status) VALUES ('b2d1e4e3-9130-40d7-a690-531043b98bbf','aaaaaaaa-0000-0000-0000-000000000001','da23b270-9508-4bb9-a287-9a43e53e1961','IMPLANTADO');
INSERT INTO transfers (id,farm_id,embryo_id,receptora_id,receptora_brinco,sessao_nome,data_te,observacoes) VALUES ('50eb4222-ab4d-4835-a627-4bea079b6078','aaaaaaaa-0000-0000-0000-000000000001','b2d1e4e3-9130-40d7-a690-531043b98bbf','7bf3b63d-daec-4e68-93f1-6b46a0615205','SE120','T.E. 4','2026-02-05','Doadora: LUCE 202 | Touro: BOBY HRO');
INSERT INTO embryos (id,farm_id,aspiration_id,status) VALUES ('2a677adc-b429-46c8-ba5e-69fb025f183f','aaaaaaaa-0000-0000-0000-000000000001','e1bde316-1f2c-4560-bfd7-5f13c7518036','IMPLANTADO');
INSERT INTO transfers (id,farm_id,embryo_id,receptora_id,receptora_brinco,sessao_nome,data_te,observacoes) VALUES ('d214e1c8-715d-45a8-9ed9-e40eb9b6402f','aaaaaaaa-0000-0000-0000-000000000001','2a677adc-b429-46c8-ba5e-69fb025f183f','48b416f0-57fc-4357-a311-e7f6312d97c1','SE121','T.E. 4','2026-02-05','Doadora: LUCE 450 | Touro: RIMA FIV SUDÃO');
INSERT INTO embryos (id,farm_id,aspiration_id,status) VALUES ('adb200d0-3505-4018-93e6-536d54f78096','aaaaaaaa-0000-0000-0000-000000000001','e1bde316-1f2c-4560-bfd7-5f13c7518036','IMPLANTADO');
INSERT INTO transfers (id,farm_id,embryo_id,receptora_id,receptora_brinco,sessao_nome,data_te,observacoes) VALUES ('02915c8e-9c40-43ad-8ceb-44c2bddebc9e','aaaaaaaa-0000-0000-0000-000000000001','adb200d0-3505-4018-93e6-536d54f78096','7a87be33-dabc-4090-8ea2-ea84929eae72','SE129','T.E. 4','2026-02-05','Doadora: LUCE 450 | Touro: RIMA FIV SUDÃO');
INSERT INTO embryos (id,farm_id,aspiration_id,status) VALUES ('919eea23-b1d2-40f7-9f91-6fa6993d11b3','aaaaaaaa-0000-0000-0000-000000000001','cbaeed19-69d0-4c20-adba-a21485f721a0','IMPLANTADO');
INSERT INTO transfers (id,farm_id,embryo_id,receptora_id,receptora_brinco,sessao_nome,data_te,observacoes) VALUES ('6c83021b-65db-4b76-bef6-5543c775b2e7','aaaaaaaa-0000-0000-0000-000000000001','919eea23-b1d2-40f7-9f91-6fa6993d11b3','9ec479f3-8aa6-4484-9760-904474f30c93','SE134','T.E. 4','2026-02-05','Doadora: RSBP 6057 | Touro: RIMA FIV SUDÃO');
INSERT INTO embryos (id,farm_id,aspiration_id,status) VALUES ('bc9c1486-d322-4462-880c-91902b34e485','aaaaaaaa-0000-0000-0000-000000000001','e1bde316-1f2c-4560-bfd7-5f13c7518036','IMPLANTADO');
INSERT INTO transfers (id,farm_id,embryo_id,receptora_id,receptora_brinco,sessao_nome,data_te,observacoes) VALUES ('90dade01-4630-4c3e-aa53-fc9eb8717e86','aaaaaaaa-0000-0000-0000-000000000001','bc9c1486-d322-4462-880c-91902b34e485','2ee4bd90-d748-4497-88ca-9e7963b9bad1','SE137','T.E. 4','2026-02-05','Doadora: LUCE 450 | Touro: RIMA FIV SUDÃO');
INSERT INTO embryos (id,farm_id,aspiration_id,status) VALUES ('063fb909-c049-418d-9ba0-ce6261f6d8fa','aaaaaaaa-0000-0000-0000-000000000001','e1bde316-1f2c-4560-bfd7-5f13c7518036','IMPLANTADO');
INSERT INTO transfers (id,farm_id,embryo_id,receptora_id,receptora_brinco,sessao_nome,data_te,observacoes) VALUES ('74e48c8b-bd30-48c2-a127-ddeedc2545d4','aaaaaaaa-0000-0000-0000-000000000001','063fb909-c049-418d-9ba0-ce6261f6d8fa','e29870d8-4630-4535-a83e-e65846aab91b','SE138','T.E. 4','2026-02-05','Doadora: LUCE 450 | Touro: RIMA FIV SUDÃO');
INSERT INTO embryos (id,farm_id,aspiration_id,status) VALUES ('5386a900-5aa6-439b-9f38-c60c97c61079','aaaaaaaa-0000-0000-0000-000000000001','e1bde316-1f2c-4560-bfd7-5f13c7518036','IMPLANTADO');
INSERT INTO transfers (id,farm_id,embryo_id,receptora_id,receptora_brinco,sessao_nome,data_te,observacoes) VALUES ('612de486-6a99-4c6e-8c4a-da1426e54d73','aaaaaaaa-0000-0000-0000-000000000001','5386a900-5aa6-439b-9f38-c60c97c61079','71a85878-111b-42ed-b289-c3be768799b3','SE141','T.E. 4','2026-02-05','Doadora: LUCE 450 | Touro: RIMA FIV SUDÃO');
INSERT INTO embryos (id,farm_id,aspiration_id,status) VALUES ('4b8a39fc-ba9c-44be-b371-bd87f61bdb7b','aaaaaaaa-0000-0000-0000-000000000001','e1bde316-1f2c-4560-bfd7-5f13c7518036','IMPLANTADO');
INSERT INTO transfers (id,farm_id,embryo_id,receptora_id,receptora_brinco,sessao_nome,data_te,observacoes) VALUES ('900d0d0e-deec-4adc-bf82-8e761bf81b7f','aaaaaaaa-0000-0000-0000-000000000001','4b8a39fc-ba9c-44be-b371-bd87f61bdb7b','6a1f6c42-a08b-4c91-9965-b1c669f7f790','SE143','T.E. 4','2026-02-05','Doadora: LUCE 450 | Touro: RIMA FIV SUDÃO');
INSERT INTO embryos (id,farm_id,aspiration_id,status) VALUES ('255431e5-2733-4c6f-b96a-5ae12ce67e70','aaaaaaaa-0000-0000-0000-000000000001','e1bde316-1f2c-4560-bfd7-5f13c7518036','IMPLANTADO');
INSERT INTO transfers (id,farm_id,embryo_id,receptora_id,receptora_brinco,sessao_nome,data_te,observacoes) VALUES ('ac77fbaf-9b50-4f5a-808f-bb24b847c393','aaaaaaaa-0000-0000-0000-000000000001','255431e5-2733-4c6f-b96a-5ae12ce67e70','d8c63f08-e9cc-4279-b0f4-8ff9ec3d8657','D386','T.E. 4','2026-02-05','Doadora: LUCE 450 | Touro: BENTLEY TE BAR');
INSERT INTO embryos (id,farm_id,aspiration_id,status) VALUES ('4b12718e-a45c-45d5-8697-2c985a69467a','aaaaaaaa-0000-0000-0000-000000000001','e1bde316-1f2c-4560-bfd7-5f13c7518036','IMPLANTADO');
INSERT INTO transfers (id,farm_id,embryo_id,receptora_id,receptora_brinco,sessao_nome,data_te,observacoes) VALUES ('2662d76f-9c03-49fa-9417-c099447d1679','aaaaaaaa-0000-0000-0000-000000000001','4b12718e-a45c-45d5-8697-2c985a69467a','abbd9976-5f0c-46d7-b2e5-f99f202efd66','D702','T.E. 4','2026-02-05','Doadora: LUCE 450 | Touro: BENTLEY TE BAR');
INSERT INTO embryos (id,farm_id,aspiration_id,status) VALUES ('b750252b-a74e-43db-aca5-623e3e2e0a11','aaaaaaaa-0000-0000-0000-000000000001','e1bde316-1f2c-4560-bfd7-5f13c7518036','IMPLANTADO');
INSERT INTO transfers (id,farm_id,embryo_id,receptora_id,receptora_brinco,sessao_nome,data_te,observacoes) VALUES ('33155320-c4a8-4358-886d-2843242aa4d7','aaaaaaaa-0000-0000-0000-000000000001','b750252b-a74e-43db-aca5-623e3e2e0a11','17a291b3-7370-4e3d-b533-ff99a2d40787','D301','T.E. 4','2026-02-05','Doadora: LUCE 450 | Touro: RIMA FIV SUDÃO');
INSERT INTO embryos (id,farm_id,aspiration_id,status) VALUES ('1718bb62-a1a2-46c3-80a2-7be14df82b1a','aaaaaaaa-0000-0000-0000-000000000001','e1bde316-1f2c-4560-bfd7-5f13c7518036','IMPLANTADO');
INSERT INTO transfers (id,farm_id,embryo_id,receptora_id,receptora_brinco,sessao_nome,data_te,observacoes) VALUES ('105ef0c4-6ac2-4fa1-bdcb-f0dcba2f6c41','aaaaaaaa-0000-0000-0000-000000000001','1718bb62-a1a2-46c3-80a2-7be14df82b1a','8c9f14f6-961c-42ad-a5ab-9873fa8fe3bf','D449','T.E. 4','2026-02-05','Doadora: LUCE 450 | Touro: BENTLEY TE BAR');
INSERT INTO embryos (id,farm_id,aspiration_id,status) VALUES ('6b7f8d36-ee9a-4e3e-8810-3813818461c1','aaaaaaaa-0000-0000-0000-000000000001','e1bde316-1f2c-4560-bfd7-5f13c7518036','IMPLANTADO');
INSERT INTO transfers (id,farm_id,embryo_id,receptora_id,receptora_brinco,sessao_nome,data_te,observacoes) VALUES ('42236552-d543-44e2-b9e9-d87d4f47121c','aaaaaaaa-0000-0000-0000-000000000001','6b7f8d36-ee9a-4e3e-8810-3813818461c1','7b68ff76-fb32-4c28-bcfe-7996c1f2a712','D590','T.E. 4','2026-02-05','Doadora: LUCE 450 | Touro: RIMA FIV SUDÃO');
INSERT INTO embryos (id,farm_id,aspiration_id,status) VALUES ('3913438b-d1f9-4a59-ad63-0914513e030e','aaaaaaaa-0000-0000-0000-000000000001','e1bde316-1f2c-4560-bfd7-5f13c7518036','IMPLANTADO');
INSERT INTO transfers (id,farm_id,embryo_id,receptora_id,receptora_brinco,sessao_nome,data_te,observacoes) VALUES ('337e7629-9ee1-4ea5-b4e8-4b92b57fd77f','aaaaaaaa-0000-0000-0000-000000000001','3913438b-d1f9-4a59-ad63-0914513e030e','04154f99-8a4e-4320-9ac7-4fc5b0c742cb','D565','T.E. 4','2026-02-05','Doadora: LUCE 450 | Touro: RIMA FIV SUDÃO');
INSERT INTO embryos (id,farm_id,aspiration_id,status) VALUES ('52239c20-df84-41d6-95ba-034ab2f4124b','aaaaaaaa-0000-0000-0000-000000000001','e1bde316-1f2c-4560-bfd7-5f13c7518036','IMPLANTADO');
INSERT INTO transfers (id,farm_id,embryo_id,receptora_id,receptora_brinco,sessao_nome,data_te,observacoes) VALUES ('b25b806f-95fd-4f60-90cb-6d1021f00a5a','aaaaaaaa-0000-0000-0000-000000000001','52239c20-df84-41d6-95ba-034ab2f4124b','a0a0f670-b017-46e5-a408-5f13c6d27692','D423','T.E. 4','2026-02-05','Doadora: LUCE 450 | Touro: RIMA FIV SUDÃO');
INSERT INTO embryos (id,farm_id,aspiration_id,status) VALUES ('5f035c3b-06d4-4bae-ab97-5ac38eb80d8a','aaaaaaaa-0000-0000-0000-000000000001','e1bde316-1f2c-4560-bfd7-5f13c7518036','IMPLANTADO');
INSERT INTO transfers (id,farm_id,embryo_id,receptora_id,receptora_brinco,sessao_nome,data_te,observacoes) VALUES ('057848e7-da0f-450f-837d-23dcbfdcbffc','aaaaaaaa-0000-0000-0000-000000000001','5f035c3b-06d4-4bae-ab97-5ac38eb80d8a','1c027181-52b5-45de-9152-c6d1fa02c23f','1352','T.E. 4','2026-02-05','Doadora: LUCE 450 | Touro: RIMA FIV SUDÃO');
INSERT INTO embryos (id,farm_id,aspiration_id,status) VALUES ('fabdf804-ce84-44b0-a21e-4215ad90b2ce','aaaaaaaa-0000-0000-0000-000000000001','e1bde316-1f2c-4560-bfd7-5f13c7518036','IMPLANTADO');
INSERT INTO transfers (id,farm_id,embryo_id,receptora_id,receptora_brinco,sessao_nome,data_te,observacoes) VALUES ('8ab3ae86-5cae-443b-9366-5993510f3532','aaaaaaaa-0000-0000-0000-000000000001','fabdf804-ce84-44b0-a21e-4215ad90b2ce','118f9b68-796b-45a3-9edb-8315fe9887ac','24193','T.E. 4','2026-02-05','Doadora: LUCE 450 | Touro: RIMA FIV SUDÃO');

-- ══════════════════════════════════════════
-- 10. PRENHEZES
-- ══════════════════════════════════════════

INSERT INTO opu_sessions (id,farm_id,data,responsavel,tipo) VALUES ('b1620771-c68b-42b2-b852-b50954caa5f5','aaaaaaaa-0000-0000-0000-000000000001','2025-08-07',NULL,'REALIZADA');
INSERT INTO aspirations (id,farm_id,session_id,doadora_id,doadora_nome,touro_nome) VALUES ('302b4bf6-e6a9-4841-9f72-0dac6604f8b9','aaaaaaaa-0000-0000-0000-000000000001','b1620771-c68b-42b2-b852-b50954caa5f5',NULL,'FOUNDA FIV M. VERDE','BOBY HRO');
INSERT INTO embryos (id,farm_id,aspiration_id,status,observacoes) VALUES ('cc887057-da08-449b-8222-108c39745920','aaaaaaaa-0000-0000-0000-000000000001','302b4bf6-e6a9-4841-9f72-0dac6604f8b9','IMPLANTADO','Touro: BOBY HRO | Receptoras: R9825 | Qtd: 1');
INSERT INTO transfers (id,farm_id,embryo_id,data_te,observacoes) VALUES ('e11e3057-842e-4a46-b68d-3c88c06f7fc2','aaaaaaaa-0000-0000-0000-000000000001','cc887057-da08-449b-8222-108c39745920','2025-08-07','Touro: BOBY HRO | Receptoras: R9825 | Qtd: 1 | Doadora: FOUNDA FIV M. VERDE');
INSERT INTO pregnancy_diagnoses (id,farm_id,transfer_id,data_dg,resultado,data_previsao_parto) VALUES ('6bfd9f3f-6d7e-4b1f-aa5c-07173499e697','aaaaaaaa-0000-0000-0000-000000000001','e11e3057-842e-4a46-b68d-3c88c06f7fc2','2025-08-07','POSITIVO','2025-08-07');
INSERT INTO opu_sessions (id,farm_id,data,responsavel,tipo) VALUES ('a0e755f5-b3aa-4a4a-ad08-7b3d3e0fe502','aaaaaaaa-0000-0000-0000-000000000001','2026-02-26',NULL,'REALIZADA');
INSERT INTO aspirations (id,farm_id,session_id,doadora_id,doadora_nome,touro_nome) VALUES ('7ed95c66-f010-40f2-8ee9-a4d8119bfa34','aaaaaaaa-0000-0000-0000-000000000001','a0e755f5-b3aa-4a4a-ad08-7b3d3e0fe502',NULL,'CHIQUE FIV CBA (CABN430)','KAYAK');
INSERT INTO embryos (id,farm_id,aspiration_id,status,observacoes) VALUES ('ca419b9c-1d5e-44a0-ac8b-3746549a687b','aaaaaaaa-0000-0000-0000-000000000001','7ed95c66-f010-40f2-8ee9-a4d8119bfa34','IMPLANTADO','Touro: KAYAK | Receptoras: 132 (AH 4624) | Leilão: NELORE DF | Qtd: 1');
INSERT INTO transfers (id,farm_id,embryo_id,data_te,observacoes) VALUES ('159a65df-83dd-4d2b-8737-93e6cda35553','aaaaaaaa-0000-0000-0000-000000000001','ca419b9c-1d5e-44a0-ac8b-3746549a687b','2026-02-26','Touro: KAYAK | Receptoras: 132 (AH 4624) | Leilão: NELORE DF | Qtd: 1 | Doadora: CHIQUE FIV CBA (CABN430)');
INSERT INTO pregnancy_diagnoses (id,farm_id,transfer_id,data_dg,resultado,data_previsao_parto) VALUES ('945a2769-31dd-4f11-b904-dca10d774ba7','aaaaaaaa-0000-0000-0000-000000000001','159a65df-83dd-4d2b-8737-93e6cda35553','2026-02-26','POSITIVO','2026-02-26');
INSERT INTO opu_sessions (id,farm_id,data,responsavel,tipo) VALUES ('a132a7e8-59f9-435d-bf3f-c37a5493b10f','aaaaaaaa-0000-0000-0000-000000000001','2026-06-26',NULL,'REALIZADA');
INSERT INTO aspirations (id,farm_id,session_id,doadora_id,doadora_nome,touro_nome) VALUES ('7ebc5c58-336f-42da-b2c9-428e4b8d2625','aaaaaaaa-0000-0000-0000-000000000001','a132a7e8-59f9-435d-bf3f-c37a5493b10f',NULL,'KARINA FIV AL CANAA (NFHC2344)','BOBY HRO');
INSERT INTO embryos (id,farm_id,aspiration_id,status,observacoes) VALUES ('b60cf5f6-118f-40f3-95dc-72a22d469036','aaaaaaaa-0000-0000-0000-000000000001','7ebc5c58-336f-42da-b2c9-428e4b8d2625','IMPLANTADO','Touro: BOBY HRO | Receptoras: AC 1570; AC 1513 | Leilão: NELORE CANAA | Qtd: 2');
INSERT INTO transfers (id,farm_id,embryo_id,data_te,observacoes) VALUES ('811d7ba7-468d-4154-af47-05662a911350','aaaaaaaa-0000-0000-0000-000000000001','b60cf5f6-118f-40f3-95dc-72a22d469036','2026-06-26','Touro: BOBY HRO | Receptoras: AC 1570; AC 1513 | Leilão: NELORE CANAA | Qtd: 2 | Doadora: KARINA FIV AL CANAA (NFHC2344)');
INSERT INTO pregnancy_diagnoses (id,farm_id,transfer_id,data_dg,resultado,data_previsao_parto) VALUES ('a9709b06-4961-4c24-a4a0-2267764136be','aaaaaaaa-0000-0000-0000-000000000001','811d7ba7-468d-4154-af47-05662a911350','2026-06-26','POSITIVO','2026-06-26');
INSERT INTO opu_sessions (id,farm_id,data,responsavel,tipo) VALUES ('5034f004-040b-425c-b856-324ca373bbd3','aaaaaaaa-0000-0000-0000-000000000001','2026-04-26',NULL,'REALIZADA');
INSERT INTO aspirations (id,farm_id,session_id,doadora_id,doadora_nome,touro_nome) VALUES ('b432b2ab-533b-47e5-9f4c-ef714c05da50','aaaaaaaa-0000-0000-0000-000000000001','5034f004-040b-425c-b856-324ca373bbd3',NULL,'MILENA FIV AL CANAA (NFHC2880)','GUTO M. VERDE');
INSERT INTO embryos (id,farm_id,aspiration_id,status,observacoes) VALUES ('d522d331-cb9e-4f06-ba1b-e23cce673f18','aaaaaaaa-0000-0000-0000-000000000001','b432b2ab-533b-47e5-9f4c-ef714c05da50','IMPLANTADO','Touro: GUTO M. VERDE | Receptoras: H 9366 | Leilão: NELORE CANAA | Qtd: 1');
INSERT INTO transfers (id,farm_id,embryo_id,data_te,observacoes) VALUES ('d4032e97-ee69-4a4a-a306-8a76fd97b35b','aaaaaaaa-0000-0000-0000-000000000001','d522d331-cb9e-4f06-ba1b-e23cce673f18','2026-04-26','Touro: GUTO M. VERDE | Receptoras: H 9366 | Leilão: NELORE CANAA | Qtd: 1 | Doadora: MILENA FIV AL CANAA (NFHC2880)');
INSERT INTO pregnancy_diagnoses (id,farm_id,transfer_id,data_dg,resultado,data_previsao_parto) VALUES ('6e820069-4f2c-46d2-9236-e743ee1eaeff','aaaaaaaa-0000-0000-0000-000000000001','d4032e97-ee69-4a4a-a306-8a76fd97b35b','2026-04-26','POSITIVO','2026-04-26');
INSERT INTO opu_sessions (id,farm_id,data,responsavel,tipo) VALUES ('9cd3b861-e2d1-4f40-b5ed-46168ba6551f','aaaaaaaa-0000-0000-0000-000000000001','2026-05-26',NULL,'REALIZADA');
INSERT INTO aspirations (id,farm_id,session_id,doadora_id,doadora_nome,touro_nome) VALUES ('5dde02e9-6303-4109-89ff-31f113d39bae','aaaaaaaa-0000-0000-0000-000000000001','9cd3b861-e2d1-4f40-b5ed-46168ba6551f',NULL,'PARLA TN2 HVP','LANDAU DA DI GENIO');
INSERT INTO embryos (id,farm_id,aspiration_id,status,observacoes) VALUES ('1171a4eb-ca9d-4d0d-b0a4-4ffb55e18204','aaaaaaaa-0000-0000-0000-000000000001','5dde02e9-6303-4109-89ff-31f113d39bae','IMPLANTADO','Touro: LANDAU DA DI GENIO | Receptoras: ABORTOU | Leilão: LEILÃO SILVERADO | Qtd: 1 | CHEGADA: 26/10/2025');
INSERT INTO transfers (id,farm_id,embryo_id,data_te,observacoes) VALUES ('d7b9398f-d3c5-462f-8eca-d20612beec9e','aaaaaaaa-0000-0000-0000-000000000001','1171a4eb-ca9d-4d0d-b0a4-4ffb55e18204','2026-05-26','Touro: LANDAU DA DI GENIO | Receptoras: ABORTOU | Leilão: LEILÃO SILVERADO | Qtd: 1 | CHEGADA: 26/10/2025 | Doadora: PARLA TN2 HVP');
INSERT INTO pregnancy_diagnoses (id,farm_id,transfer_id,data_dg,resultado,data_previsao_parto) VALUES ('c9f64669-f93c-4f20-b873-0d62b2bb1e8a','aaaaaaaa-0000-0000-0000-000000000001','d7b9398f-d3c5-462f-8eca-d20612beec9e','2026-05-26','POSITIVO','2026-05-26');
INSERT INTO opu_sessions (id,farm_id,data,responsavel,tipo) VALUES ('a2a3a199-115e-4a5f-8181-a7dcf84beac4','aaaaaaaa-0000-0000-0000-000000000001','2026-06-26',NULL,'REALIZADA');
INSERT INTO aspirations (id,farm_id,session_id,doadora_id,doadora_nome,touro_nome) VALUES ('66a93fc3-1658-4827-a46b-3d37fa679d05','aaaaaaaa-0000-0000-0000-000000000001','a2a3a199-115e-4a5f-8181-a7dcf84beac4',NULL,'ESTACA FIV DA RS','LANDAU DA DI GÊNIO');
INSERT INTO embryos (id,farm_id,aspiration_id,status,observacoes) VALUES ('ff95d125-c04a-48c6-9425-1fb99f216b8b','aaaaaaaa-0000-0000-0000-000000000001','66a93fc3-1658-4827-a46b-3d37fa679d05','IMPLANTADO','Touro: LANDAU DA DI GÊNIO | Leilão: VITORIA FEST | Qtd: 2');
INSERT INTO transfers (id,farm_id,embryo_id,data_te,observacoes) VALUES ('d792e899-bf2e-49ab-8458-c3f059a508c3','aaaaaaaa-0000-0000-0000-000000000001','ff95d125-c04a-48c6-9425-1fb99f216b8b','2026-06-26','Touro: LANDAU DA DI GÊNIO | Leilão: VITORIA FEST | Qtd: 2 | Doadora: ESTACA FIV DA RS');
INSERT INTO pregnancy_diagnoses (id,farm_id,transfer_id,data_dg,resultado,data_previsao_parto) VALUES ('429f9925-c479-4a6c-a4c9-adbcb27d7cc0','aaaaaaaa-0000-0000-0000-000000000001','d792e899-bf2e-49ab-8458-c3f059a508c3','2026-06-26','POSITIVO','2026-06-26');
INSERT INTO opu_sessions (id,farm_id,data,responsavel,tipo) VALUES ('2ccbbeec-d8d9-4a46-a71a-5740ee25d1e1','aaaaaaaa-0000-0000-0000-000000000001','2026-05-26',NULL,'REALIZADA');
INSERT INTO aspirations (id,farm_id,session_id,doadora_id,doadora_nome,touro_nome) VALUES ('68ab4478-385f-40b1-ace8-045c47802c6e','aaaaaaaa-0000-0000-0000-000000000001','2ccbbeec-d8d9-4a46-a71a-5740ee25d1e1',NULL,'ELLA FIV CRL','KAYAK');
INSERT INTO embryos (id,farm_id,aspiration_id,status,observacoes) VALUES ('45f26500-8010-4a83-92d0-f38c836aa49f','aaaaaaaa-0000-0000-0000-000000000001','68ab4478-385f-40b1-ace8-045c47802c6e','IMPLANTADO','Touro: KAYAK | Receptoras: 646(ABORTOU); 2998 | Leilão: ALLIANZ DAYS | Qtd: 2 | CHEGADA: 23/11/2025');
INSERT INTO transfers (id,farm_id,embryo_id,data_te,observacoes) VALUES ('e3350d63-0890-4e0f-9f52-c6bc4afa6cb7','aaaaaaaa-0000-0000-0000-000000000001','45f26500-8010-4a83-92d0-f38c836aa49f','2026-05-26','Touro: KAYAK | Receptoras: 646(ABORTOU); 2998 | Leilão: ALLIANZ DAYS | Qtd: 2 | CHEGADA: 23/11/2025 | Doadora: ELLA FIV CRL');
INSERT INTO pregnancy_diagnoses (id,farm_id,transfer_id,data_dg,resultado,data_previsao_parto) VALUES ('65c1d441-7668-4443-b262-814287f96749','aaaaaaaa-0000-0000-0000-000000000001','e3350d63-0890-4e0f-9f52-c6bc4afa6cb7','2026-05-26','POSITIVO','2026-05-26');
INSERT INTO opu_sessions (id,farm_id,data,responsavel,tipo) VALUES ('0e3ba7a2-daa3-41aa-9aad-9812d2aecc33','aaaaaaaa-0000-0000-0000-000000000001','2026-06-26',NULL,'REALIZADA');
INSERT INTO aspirations (id,farm_id,session_id,doadora_id,doadora_nome,touro_nome) VALUES ('ec3ba9f8-351b-456d-80a2-fce1297da8c9','aaaaaaaa-0000-0000-0000-000000000001','0e3ba7a2-daa3-41aa-9aad-9812d2aecc33',NULL,'JHADAH FIV VRI VILA REAL','KAYAK');
INSERT INTO embryos (id,farm_id,aspiration_id,status,observacoes) VALUES ('f8c47f8e-2e4e-424b-afdb-2372892bd7d6','aaaaaaaa-0000-0000-0000-000000000001','ec3ba9f8-351b-456d-80a2-fce1297da8c9','IMPLANTADO','Touro: KAYAK | Receptoras: ABORTOU | Leilão: SHOPPING DA MONICA (EXPOINEL) | Qtd: 1');
INSERT INTO transfers (id,farm_id,embryo_id,data_te,observacoes) VALUES ('640aef30-c301-4dfc-8a6e-0ed1c3c226c8','aaaaaaaa-0000-0000-0000-000000000001','f8c47f8e-2e4e-424b-afdb-2372892bd7d6','2026-06-26','Touro: KAYAK | Receptoras: ABORTOU | Leilão: SHOPPING DA MONICA (EXPOINEL) | Qtd: 1 | Doadora: JHADAH FIV VRI VILA REAL');
INSERT INTO pregnancy_diagnoses (id,farm_id,transfer_id,data_dg,resultado,data_previsao_parto) VALUES ('3e9781a3-d5d5-4722-9813-15b30f2914eb','aaaaaaaa-0000-0000-0000-000000000001','640aef30-c301-4dfc-8a6e-0ed1c3c226c8','2026-06-26','POSITIVO','2026-06-26');

-- ══════════════════════════════════════════
-- 11. PARCELAS COMPRAS E VENDAS
-- ══════════════════════════════════════════

INSERT INTO auctions (id,farm_id,nome,data) VALUES ('d96a59f1-d338-4ea3-bdfd-8a5bd6ad75d5','aaaaaaaa-0000-0000-0000-000000000001','Nelore Liberdade','2023-09-09');
INSERT INTO transactions (id,farm_id,auction_id,tipo,animal_nome,contraparte,valor_total,observacoes) VALUES ('21a31574-32f9-41b6-800b-fc35432af50c','aaaaaaaa-0000-0000-0000-000000000001','d96a59f1-d338-4ea3-bdfd-8a5bd6ad75d5','COMPRA','Grega FIV M. Verde (25%)',NULL,750,'ANIMAL');
INSERT INTO installments (id,farm_id,transaction_id,numero,vencimento,valor,status) VALUES ('d263e487-8283-4bc2-86b2-619057b947eb','aaaaaaaa-0000-0000-0000-000000000001','21a31574-32f9-41b6-800b-fc35432af50c',1,'2023-09-09',750,'PENDENTE');
INSERT INTO auctions (id,farm_id,nome,data) VALUES ('e03bd48a-ae70-4ef3-a71c-e5bdba9396c4','aaaaaaaa-0000-0000-0000-000000000001','4º Leilao Nelore Liberdade','2025-06-14');
INSERT INTO transactions (id,farm_id,auction_id,tipo,animal_nome,contraparte,valor_total,observacoes) VALUES ('90cd70ca-e3cf-4c2d-8bd6-c428831c8356','aaaaaaaa-0000-0000-0000-000000000001','e03bd48a-ae70-4ef3-a71c-e5bdba9396c4','VENDA','50% Angelik Fiv Tres Montes','Marcos Jr',2100,'ANIMAL');
INSERT INTO installments (id,farm_id,transaction_id,numero,vencimento,valor,status) VALUES ('874553eb-3f0b-4c82-b601-16385a513a71','aaaaaaaa-0000-0000-0000-000000000001','90cd70ca-e3cf-4c2d-8bd6-c428831c8356',1,'2025-06-14',2100,'PENDENTE');
INSERT INTO auctions (id,farm_id,nome,data) VALUES ('05a47a66-a641-4c3f-9f3c-2cada10d61a7','aaaaaaaa-0000-0000-0000-000000000001','Leilão Monte Verde','2024-03-17');
INSERT INTO transactions (id,farm_id,auction_id,tipo,animal_nome,contraparte,valor_total,observacoes) VALUES ('4db8ad6d-f3c9-47f3-aa26-78b1113174ef','aaaaaaaa-0000-0000-0000-000000000001','05a47a66-a641-4c3f-9f3c-2cada10d61a7','COMPRA','IASMIN1 FIV MONTE VERDE (25%)','Agrobilara; Lourival Luz',1000,'ANIMAL');
INSERT INTO installments (id,farm_id,transaction_id,numero,vencimento,valor,status) VALUES ('8528fe70-1bdc-423f-9ab1-f9f4c7bedff6','aaaaaaaa-0000-0000-0000-000000000001','4db8ad6d-f3c9-47f3-aa26-78b1113174ef',1,'2024-03-17',1000,'PENDENTE');
INSERT INTO auctions (id,farm_id,nome,data) VALUES ('acf50341-d756-4b76-a3b5-7851d7445021','aaaaaaaa-0000-0000-0000-000000000001','14º Leilão Eldorado','2025-07-05');
INSERT INTO transactions (id,farm_id,auction_id,tipo,animal_nome,contraparte,valor_total,observacoes) VALUES ('07542ca4-e6c6-4d32-a998-6555c2550146','aaaaaaaa-0000-0000-0000-000000000001','acf50341-d756-4b76-a3b5-7851d7445021','VENDA','Diva FIV do Kalunga','Nelore Liberdade',1400,'ANIMAL');
INSERT INTO installments (id,farm_id,transaction_id,numero,vencimento,valor,status) VALUES ('6bd3318f-6f5c-410f-8516-11c5413942b0','aaaaaaaa-0000-0000-0000-000000000001','07542ca4-e6c6-4d32-a998-6555c2550146',1,'2025-07-05',1400,'PENDENTE');
INSERT INTO auctions (id,farm_id,nome,data) VALUES ('cee010a8-9ce5-4680-af80-626bd448ca13','aaaaaaaa-0000-0000-0000-000000000001','3º Nelore Liberdade','2024-06-08');
INSERT INTO transactions (id,farm_id,auction_id,tipo,animal_nome,contraparte,valor_total,observacoes) VALUES ('0c10066a-0e87-47d2-b06e-fefbe17e8ed4','aaaaaaaa-0000-0000-0000-000000000001','cee010a8-9ce5-4680-af80-626bd448ca13','COMPRA','Prenhez Founda M.Verde x Boby HRO',NULL,1075,'PRENHEZ');
INSERT INTO installments (id,farm_id,transaction_id,numero,vencimento,valor,status) VALUES ('953ab9a4-a10d-416d-9292-7063f5911b1f','aaaaaaaa-0000-0000-0000-000000000001','0c10066a-0e87-47d2-b06e-fefbe17e8ed4',1,'2024-06-08',1075,'PENDENTE');
INSERT INTO auctions (id,farm_id,nome,data) VALUES ('81075e02-af6b-4587-be62-f2f5deb7d945','aaaaaaaa-0000-0000-0000-000000000001','Leilão Criadores Elite Corrente-PI','2025-07-18');
INSERT INTO transactions (id,farm_id,auction_id,tipo,animal_nome,contraparte,valor_total,observacoes) VALUES ('be01223c-beac-4406-ad91-69727a02a73f','aaaaaaaa-0000-0000-0000-000000000001','81075e02-af6b-4587-be62-f2f5deb7d945','VENDA','Aspiração Grega Fiv M. Verde (50% - R$ 1.100,00)','Vicente Sampaio',550,'ASPIRAÇÃO');
INSERT INTO installments (id,farm_id,transaction_id,numero,vencimento,valor,status) VALUES ('fb372722-5a9c-4031-8046-4dfc4b2a462a','aaaaaaaa-0000-0000-0000-000000000001','be01223c-beac-4406-ad91-69727a02a73f',1,'2025-07-18',550,'PENDENTE');
INSERT INTO auctions (id,farm_id,nome,data) VALUES ('3e7a189c-c3a9-40a7-9ab6-c4b00de99029','aaaaaaaa-0000-0000-0000-000000000001','3º Leilão Monte Verde','2024-06-24');
INSERT INTO transactions (id,farm_id,auction_id,tipo,animal_nome,contraparte,valor_total,observacoes) VALUES ('1fda7081-365f-40af-bcca-982f514594de','aaaaaaaa-0000-0000-0000-000000000001','3e7a189c-c3a9-40a7-9ab6-c4b00de99029','COMPRA','Angelik FIV Três Montes','Agrobilara; Tres Montes',800,'ANIMAL');
INSERT INTO installments (id,farm_id,transaction_id,numero,vencimento,valor,status) VALUES ('29bf19b3-e6e8-41ac-82f2-96e79f796fa6','aaaaaaaa-0000-0000-0000-000000000001','1fda7081-365f-40af-bcca-982f514594de',1,'2024-06-24',800,'PENDENTE');
INSERT INTO auctions (id,farm_id,nome,data) VALUES ('0068bfc4-51cf-4c1c-a9d4-09b6177524b5','aaaaaaaa-0000-0000-0000-000000000001','Leilão Jóias da Expoinel','2025-10-17');
INSERT INTO transactions (id,farm_id,auction_id,tipo,animal_nome,contraparte,valor_total,observacoes) VALUES ('734321bc-f3e8-414b-8282-15d379d73a5e','aaaaaaaa-0000-0000-0000-000000000001','0068bfc4-51cf-4c1c-a9d4-09b6177524b5','VENDA','Prenhez Dalya FIV CRL','Nelore Hoff; Juvencio',3566.67,'PRENHEZ');
INSERT INTO installments (id,farm_id,transaction_id,numero,vencimento,valor,status) VALUES ('598e9940-a941-4f81-912b-eb49be4f58ec','aaaaaaaa-0000-0000-0000-000000000001','734321bc-f3e8-414b-8282-15d379d73a5e',1,'2025-10-17',3566.67,'PENDENTE');
INSERT INTO auctions (id,farm_id,nome,data) VALUES ('1906759e-dfeb-4c41-86ee-a5836a456a20','aaaaaaaa-0000-0000-0000-000000000001','12º Leilão Fazenda Eldorado','2024-07-06');
INSERT INTO transactions (id,farm_id,auction_id,tipo,animal_nome,contraparte,valor_total,observacoes) VALUES ('836451b1-d4cf-4f56-9f42-7920af7365b7','aaaaaaaa-0000-0000-0000-000000000001','1906759e-dfeb-4c41-86ee-a5836a456a20','COMPRA','Agra FIV da Cosmo (25%)','Ronaldo Alves; Vander',1000,'ANIMAL');
INSERT INTO installments (id,farm_id,transaction_id,numero,vencimento,valor,status) VALUES ('11cf7210-baba-448b-a179-326cbdb7cd46','aaaaaaaa-0000-0000-0000-000000000001','836451b1-d4cf-4f56-9f42-7920af7365b7',1,'2024-07-06',1000,'PENDENTE');
INSERT INTO transactions (id,farm_id,auction_id,tipo,animal_nome,contraparte,valor_total,observacoes) VALUES ('398a8947-d38b-4ac0-8ba9-dbeec22d9ab1','aaaaaaaa-0000-0000-0000-000000000001','0068bfc4-51cf-4c1c-a9d4-09b6177524b5','VENDA','Prenhez Dalya FIV CRL','Antonio Gilberto',3000,'PRENHEZ');
INSERT INTO installments (id,farm_id,transaction_id,numero,vencimento,valor,status) VALUES ('d15aee2d-e8af-4ffe-adf0-2cd2d54fc49e','aaaaaaaa-0000-0000-0000-000000000001','398a8947-d38b-4ac0-8ba9-dbeec22d9ab1',1,'2025-10-17',3000,'PENDENTE');
INSERT INTO transactions (id,farm_id,auction_id,tipo,animal_nome,contraparte,valor_total,observacoes) VALUES ('e9c561f8-149e-4522-9099-2edd0c8f66f2','aaaaaaaa-0000-0000-0000-000000000001','1906759e-dfeb-4c41-86ee-a5836a456a20','COMPRA','Cayman FIV da RS (12,5%)','JPN',375,'ANIMAL');
INSERT INTO installments (id,farm_id,transaction_id,numero,vencimento,valor,status) VALUES ('7f227590-2a1e-49c7-9055-ef22da74ce97','aaaaaaaa-0000-0000-0000-000000000001','e9c561f8-149e-4522-9099-2edd0c8f66f2',1,'2024-07-06',375,'PENDENTE');
INSERT INTO auctions (id,farm_id,nome,data) VALUES ('e1707624-d640-48b8-a777-6616c9f10662','aaaaaaaa-0000-0000-0000-000000000001','Leilão SNL Fest','2025-11-29');
INSERT INTO transactions (id,farm_id,auction_id,tipo,animal_nome,contraparte,valor_total,observacoes) VALUES ('c843bfd9-64f9-44d9-b434-9b62f27b6def','aaaaaaaa-0000-0000-0000-000000000001','e1707624-d640-48b8-a777-6616c9f10662','VENDA','Prenhez Dalya FIV CRL','Jose C. Romanelli',1200,'PRENHEZ');
INSERT INTO installments (id,farm_id,transaction_id,numero,vencimento,valor,status) VALUES ('4749f71c-c26e-4712-bd79-440da32a4fed','aaaaaaaa-0000-0000-0000-000000000001','c843bfd9-64f9-44d9-b434-9b62f27b6def',1,'2025-11-29',1200,'PENDENTE');
INSERT INTO auctions (id,farm_id,nome,data) VALUES ('82d05b40-eed0-424b-8f70-ddf534d81b05','aaaaaaaa-0000-0000-0000-000000000001','8º Leilão Jóias da Raça','2024-12-06');
INSERT INTO transactions (id,farm_id,auction_id,tipo,animal_nome,contraparte,valor_total,observacoes) VALUES ('ae1b3251-e3a4-47d2-a2b7-00bf762fee61','aaaaaaaa-0000-0000-0000-000000000001','82d05b40-eed0-424b-8f70-ddf534d81b05','COMPRA','Heringer Serenna FIV (33%)',NULL,733.26,'ANIMAL');
INSERT INTO installments (id,farm_id,transaction_id,numero,vencimento,valor,status) VALUES ('cde80573-b5f0-4e7a-90b1-15b7ee855378','aaaaaaaa-0000-0000-0000-000000000001','ae1b3251-e3a4-47d2-a2b7-00bf762fee61',1,'2024-12-06',733.26,'PENDENTE');
INSERT INTO auctions (id,farm_id,nome,data) VALUES ('9ee1b2e0-ce06-44a4-ab7a-ad9c46329094','aaaaaaaa-0000-0000-0000-000000000001','Leilão Jóas da Raça','2025-12-12');
INSERT INTO transactions (id,farm_id,auction_id,tipo,animal_nome,contraparte,valor_total,observacoes) VALUES ('e81c0649-8a4b-480a-afde-07840359351e','aaaaaaaa-0000-0000-0000-000000000001','9ee1b2e0-ce06-44a4-ab7a-ad9c46329094','VENDA','Prenhez Dalya FIV CRL','Boitel São Pedro',1500,'PRENHEZ');
INSERT INTO installments (id,farm_id,transaction_id,numero,vencimento,valor,status) VALUES ('b3598af8-dfa6-4a38-8137-6e91a55fff27','aaaaaaaa-0000-0000-0000-000000000001','e81c0649-8a4b-480a-afde-07840359351e',1,'2025-12-12',1500,'PENDENTE');
INSERT INTO transactions (id,farm_id,auction_id,tipo,animal_nome,contraparte,valor_total,observacoes) VALUES ('a7c56906-1fde-418e-b15b-57bb66040e81','aaaaaaaa-0000-0000-0000-000000000001','82d05b40-eed0-424b-8f70-ddf534d81b05','COMPRA','Tabita FIV (50%)','Vicente Sampaio; Felipe Supreme',1800,'ANIMAL');
INSERT INTO installments (id,farm_id,transaction_id,numero,vencimento,valor,status) VALUES ('0616f7ff-e915-47c3-9afc-b4379f35ce9a','aaaaaaaa-0000-0000-0000-000000000001','a7c56906-1fde-418e-b15b-57bb66040e81',1,'2024-12-06',1800,'PENDENTE');
INSERT INTO auctions (id,farm_id,nome,data) VALUES ('db30068b-d7dd-498a-b207-c587f0d435d6','aaaaaaaa-0000-0000-0000-000000000001','EXPOAPI 2025','2025-12-13');
INSERT INTO transactions (id,farm_id,auction_id,tipo,animal_nome,contraparte,valor_total,observacoes) VALUES ('bc350629-6970-446b-93c0-da80ad0cb033','aaaaaaaa-0000-0000-0000-000000000001','db30068b-d7dd-498a-b207-c587f0d435d6','VENDA','Aspiração TABITA FIV','Allan Rezende',2500,'ASPIRAÇÃO');
INSERT INTO installments (id,farm_id,transaction_id,numero,vencimento,valor,status) VALUES ('8e314d72-44f5-4c51-8746-8e8e68e8160c','aaaaaaaa-0000-0000-0000-000000000001','bc350629-6970-446b-93c0-da80ad0cb033',1,'2025-12-13',2500,'PENDENTE');
INSERT INTO transactions (id,farm_id,auction_id,tipo,animal_nome,contraparte,valor_total,observacoes) VALUES ('d443d035-7178-4209-9dc8-7dda85927bd5','aaaaaaaa-0000-0000-0000-000000000001','82d05b40-eed0-424b-8f70-ddf534d81b05','COMPRA','Aspiração Halliany FIV Lince (33%)',NULL,999.9,'ASPIRAÇÃO');
INSERT INTO installments (id,farm_id,transaction_id,numero,vencimento,valor,status) VALUES ('b231e9e5-5828-433d-898f-cea3fb452ebe','aaaaaaaa-0000-0000-0000-000000000001','d443d035-7178-4209-9dc8-7dda85927bd5',1,'2024-12-06',999.9,'PENDENTE');
INSERT INTO auctions (id,farm_id,nome,data) VALUES ('dfec0a98-bee5-4b7d-b9c7-51865c530878','aaaaaaaa-0000-0000-0000-000000000001','4º Leilão Virtual Projeto Partners','2026-03-15');
INSERT INTO transactions (id,farm_id,auction_id,tipo,animal_nome,contraparte,valor_total,observacoes) VALUES ('d8e07b4f-e42b-46f1-8ed6-241a919b40d3','aaaaaaaa-0000-0000-0000-000000000001','dfec0a98-bee5-4b7d-b9c7-51865c530878','VENDA','Prenhez Dalya FIV CRL','Boitel São Pedro',1250,'PRENHEZ');
INSERT INTO installments (id,farm_id,transaction_id,numero,vencimento,valor,status) VALUES ('e05c0b72-5949-453f-b0f2-00c309ac8cee','aaaaaaaa-0000-0000-0000-000000000001','d8e07b4f-e42b-46f1-8ed6-241a919b40d3',1,'2026-03-15',1250,'PENDENTE');
INSERT INTO transactions (id,farm_id,auction_id,tipo,animal_nome,contraparte,valor_total,observacoes) VALUES ('447c06b6-333c-4786-9569-f7744f908ab2','aaaaaaaa-0000-0000-0000-000000000001','82d05b40-eed0-424b-8f70-ddf534d81b05','COMPRA','350 Oócitos (33%)','Ronaldo Alves',2999.7,'ASPIRAÇÃO');
INSERT INTO installments (id,farm_id,transaction_id,numero,vencimento,valor,status) VALUES ('e49eb5f6-a9a1-4fa0-9cea-43d28a6524a4','aaaaaaaa-0000-0000-0000-000000000001','447c06b6-333c-4786-9569-f7744f908ab2',1,'2024-12-06',2999.7,'PENDENTE');
INSERT INTO transactions (id,farm_id,auction_id,tipo,animal_nome,contraparte,valor_total,observacoes) VALUES ('b5675e63-e7c1-4806-a090-9ae0d5424888','aaaaaaaa-0000-0000-0000-000000000001','dfec0a98-bee5-4b7d-b9c7-51865c530878','VENDA','Prenhez Dalya FIV CRL','Abdu Neme',1250,'PRENHEZ');
INSERT INTO installments (id,farm_id,transaction_id,numero,vencimento,valor,status) VALUES ('9ddb4b95-f7f2-4c03-ad60-1ebe7b621bf2','aaaaaaaa-0000-0000-0000-000000000001','b5675e63-e7c1-4806-a090-9ae0d5424888',1,'2026-03-15',1250,'PENDENTE');
INSERT INTO auctions (id,farm_id,nome,data) VALUES ('7c4cd2eb-c062-4eb5-9d77-d64a7be7a6ab','aaaaaaaa-0000-0000-0000-000000000001','Faz. Eldorado e Parceiros','2025-02-23');
INSERT INTO transactions (id,farm_id,auction_id,tipo,animal_nome,contraparte,valor_total,observacoes) VALUES ('299dab56-2239-4df1-9b1d-bd0e6f3c1fff','aaaaaaaa-0000-0000-0000-000000000001','7c4cd2eb-c062-4eb5-9d77-d64a7be7a6ab','COMPRA','DIVA FIV DO KALUNGA (100%)','Ronaldo Alves',500,'ANIMAL');
INSERT INTO installments (id,farm_id,transaction_id,numero,vencimento,valor,status) VALUES ('026e580f-7ef6-463e-88dd-818eb8d1d3ac','aaaaaaaa-0000-0000-0000-000000000001','299dab56-2239-4df1-9b1d-bd0e6f3c1fff',1,'2025-02-23',500,'PENDENTE');
INSERT INTO transactions (id,farm_id,auction_id,tipo,animal_nome,contraparte,valor_total,observacoes) VALUES ('f4de2a5f-5826-453b-a91a-7d4489e79529','aaaaaaaa-0000-0000-0000-000000000001','dfec0a98-bee5-4b7d-b9c7-51865c530878','VENDA','Prenhez Dalya FIV CRL (02)','Nelore Cascão',2250,'PRENHEZ');
INSERT INTO installments (id,farm_id,transaction_id,numero,vencimento,valor,status) VALUES ('d3daeac3-2181-463c-abc4-7036a616909b','aaaaaaaa-0000-0000-0000-000000000001','f4de2a5f-5826-453b-a91a-7d4489e79529',1,'2026-03-15',2250,'PENDENTE');
INSERT INTO auctions (id,farm_id,nome,data) VALUES ('afbbfa37-cdda-44ac-be63-610902b089e3','aaaaaaaa-0000-0000-0000-000000000001','5º Diamantino e Vitória','2025-04-25');
INSERT INTO transactions (id,farm_id,auction_id,tipo,animal_nome,contraparte,valor_total,observacoes) VALUES ('eee3ed26-22f2-4f50-a2d7-977b478e092d','aaaaaaaa-0000-0000-0000-000000000001','afbbfa37-cdda-44ac-be63-610902b089e3','COMPRA','IVANKA FIV M.V.','Agrobilara; Cond. Vacina',3100,'ANIMAL');
INSERT INTO installments (id,farm_id,transaction_id,numero,vencimento,valor,status) VALUES ('c17ca7a6-ec0b-4c4e-b7c0-397d8c749c3e','aaaaaaaa-0000-0000-0000-000000000001','eee3ed26-22f2-4f50-a2d7-977b478e092d',1,'2025-04-25',3100,'PENDENTE');
INSERT INTO auctions (id,farm_id,nome,data) VALUES ('047f7d3c-f8dc-4ce2-92cd-18640747af0d','aaaaaaaa-0000-0000-0000-000000000001','Virtual Partners Tres Montes','2025-05-18');
INSERT INTO transactions (id,farm_id,auction_id,tipo,animal_nome,contraparte,valor_total,observacoes) VALUES ('e3e83520-a0aa-428f-ad2e-5aa0472fc590','aaaaaaaa-0000-0000-0000-000000000001','047f7d3c-f8dc-4ce2-92cd-18640747af0d','COMPRA','Brenda Fiv Tres Montes (50%)','Agrobilara; Tres Montes',615,'ANIMAL');
INSERT INTO installments (id,farm_id,transaction_id,numero,vencimento,valor,status) VALUES ('70d7958b-399e-49b3-baaa-97c8fb2314be','aaaaaaaa-0000-0000-0000-000000000001','e3e83520-a0aa-428f-ad2e-5aa0472fc590',1,'2025-05-18',615,'PENDENTE');
INSERT INTO transactions (id,farm_id,auction_id,tipo,animal_nome,contraparte,valor_total,observacoes) VALUES ('6869e6be-049c-46f1-9ac7-be444d212b77','aaaaaaaa-0000-0000-0000-000000000001','047f7d3c-f8dc-4ce2-92cd-18640747af0d','COMPRA','Elegance e Elegante Fiv do Morato (50%)','Geraldo Morato',675,'ANIMAL');
INSERT INTO installments (id,farm_id,transaction_id,numero,vencimento,valor,status) VALUES ('d664ce53-d850-4cd8-81d9-1af1c7990be7','aaaaaaaa-0000-0000-0000-000000000001','6869e6be-049c-46f1-9ac7-be444d212b77',1,'2025-05-18',675,'PENDENTE');
INSERT INTO auctions (id,farm_id,nome,data) VALUES ('593e63be-0f71-49a6-a038-63cdfc4bfe66','aaaaaaaa-0000-0000-0000-000000000001','Virtual Elite Lucente','2025-06-10');
INSERT INTO transactions (id,farm_id,auction_id,tipo,animal_nome,contraparte,valor_total,observacoes) VALUES ('9a55bf08-bb18-4b98-a6f9-480e0e16d503','aaaaaaaa-0000-0000-0000-000000000001','593e63be-0f71-49a6-a038-63cdfc4bfe66','COMPRA','AZURRA FIV GIBER','Lucente',950,'ANIMAL');
INSERT INTO installments (id,farm_id,transaction_id,numero,vencimento,valor,status) VALUES ('03075546-1ea0-4114-ad5a-52f8bccd9ef3','aaaaaaaa-0000-0000-0000-000000000001','9a55bf08-bb18-4b98-a6f9-480e0e16d503',1,'2025-06-10',950,'PENDENTE');
INSERT INTO transactions (id,farm_id,auction_id,tipo,animal_nome,contraparte,valor_total,observacoes) VALUES ('61ce6bad-d31a-48d7-8194-217f5c8931ac','aaaaaaaa-0000-0000-0000-000000000001','593e63be-0f71-49a6-a038-63cdfc4bfe66','COMPRA','SOL FIV LUCENTE','Lucente',700,'ANIMAL');
INSERT INTO installments (id,farm_id,transaction_id,numero,vencimento,valor,status) VALUES ('508eb982-94ae-4ce0-9d13-f4c1925a6d8a','aaaaaaaa-0000-0000-0000-000000000001','61ce6bad-d31a-48d7-8194-217f5c8931ac',1,'2025-06-10',700,'PENDENTE');
INSERT INTO transactions (id,farm_id,auction_id,tipo,animal_nome,contraparte,valor_total,observacoes) VALUES ('c787a5fd-ddbe-49e4-b069-442c2ffb7420','aaaaaaaa-0000-0000-0000-000000000001','593e63be-0f71-49a6-a038-63cdfc4bfe66','COMPRA','EVA I FIV LUCENTE','Lucente; PSJ',470,'ANIMAL');
INSERT INTO installments (id,farm_id,transaction_id,numero,vencimento,valor,status) VALUES ('e34c96a3-1635-41e8-a094-a17f06ab0646','aaaaaaaa-0000-0000-0000-000000000001','c787a5fd-ddbe-49e4-b069-442c2ffb7420',1,'2025-06-10',470,'PENDENTE');
INSERT INTO auctions (id,farm_id,nome,data) VALUES ('24f5ae62-f89d-487d-8208-c7460f41cd73','aaaaaaaa-0000-0000-0000-000000000001','Igarapé Feira 2025','2025-06-27');
INSERT INTO transactions (id,farm_id,auction_id,tipo,animal_nome,contraparte,valor_total,observacoes) VALUES ('dc0bf1fd-a8e0-422b-bbd7-e7896b621ad3','aaaaaaaa-0000-0000-0000-000000000001','24f5ae62-f89d-487d-8208-c7460f41cd73','COMPRA','Aspiração Japoneza FIV Al Canaa','Naoum',2000,'ASPIRAÇÃO');
INSERT INTO installments (id,farm_id,transaction_id,numero,vencimento,valor,status) VALUES ('64d7c205-a6b6-4e99-b226-ac1f1a10f6d0','aaaaaaaa-0000-0000-0000-000000000001','dc0bf1fd-a8e0-422b-bbd7-e7896b621ad3',1,'2025-06-27',2000,'PENDENTE');
INSERT INTO auctions (id,farm_id,nome,data) VALUES ('e7d303ce-5ae1-4151-a854-4a91bb4cb85a','aaaaaaaa-0000-0000-0000-000000000001','Irmãos Menezes','2025-06-28');
INSERT INTO transactions (id,farm_id,auction_id,tipo,animal_nome,contraparte,valor_total,observacoes) VALUES ('9c1a610a-9b09-492f-8b71-2cf3f2f0dc3e','aaaaaaaa-0000-0000-0000-000000000001','e7d303ce-5ae1-4151-a854-4a91bb4cb85a','COMPRA','Aspiração Eslovenia FIV HRO','Roda Branca',1800,'ASPIRAÇÃO');
INSERT INTO installments (id,farm_id,transaction_id,numero,vencimento,valor,status) VALUES ('107f04c8-3b36-4990-a09d-c155210c64c2','aaaaaaaa-0000-0000-0000-000000000001','9c1a610a-9b09-492f-8b71-2cf3f2f0dc3e',1,'2025-06-28',1800,'PENDENTE');
INSERT INTO transactions (id,farm_id,auction_id,tipo,animal_nome,contraparte,valor_total,observacoes) VALUES ('a9f62d63-235c-40d3-973b-e8d68f662203','aaaaaaaa-0000-0000-0000-000000000001','acf50341-d756-4b76-a3b5-7851d7445021','COMPRA','KERIDÍSSIMA XXVI e KERIDÍSSIMA XXVI-IV','Evair Jacomasi',900,'ANIMAL');
INSERT INTO installments (id,farm_id,transaction_id,numero,vencimento,valor,status) VALUES ('5e2a6c86-cea6-4d3c-97b7-f8222f971e78','aaaaaaaa-0000-0000-0000-000000000001','a9f62d63-235c-40d3-973b-e8d68f662203',1,'2025-07-04',900,'PENDENTE');
INSERT INTO transactions (id,farm_id,auction_id,tipo,animal_nome,contraparte,valor_total,observacoes) VALUES ('83e393d5-bb97-4bac-987b-557cef0961a2','aaaaaaaa-0000-0000-0000-000000000001','acf50341-d756-4b76-a3b5-7851d7445021','COMPRA','VELASHI I-II-ML FIV CGAL','Ronaldo Alves; Ibaneis Rocha; Manoel de Lemos',1300,'ANIMAL');
INSERT INTO installments (id,farm_id,transaction_id,numero,vencimento,valor,status) VALUES ('189fc886-552c-4d16-9d0f-1a2c9a123f8e','aaaaaaaa-0000-0000-0000-000000000001','83e393d5-bb97-4bac-987b-557cef0961a2',1,'2025-07-05',1300,'PENDENTE');
INSERT INTO transactions (id,farm_id,auction_id,tipo,animal_nome,contraparte,valor_total,observacoes) VALUES ('d1c1da4a-de4f-44db-935f-ff3384651092','aaaaaaaa-0000-0000-0000-000000000001','acf50341-d756-4b76-a3b5-7851d7445021','COMPRA','Estonia FIV TLBF','Ronaldo Alves; Ibaneis Rocha',1300,'ANIMAL');
INSERT INTO installments (id,farm_id,transaction_id,numero,vencimento,valor,status) VALUES ('630b6eb5-6e78-48f3-a81e-83c2aa87310a','aaaaaaaa-0000-0000-0000-000000000001','d1c1da4a-de4f-44db-935f-ff3384651092',1,'2025-07-05',1300,'PENDENTE');
INSERT INTO auctions (id,farm_id,nome,data) VALUES ('d4609515-f2f5-459e-8941-ffe0e9a5e4b4','aaaaaaaa-0000-0000-0000-000000000001','7º Leilão Nelore DF','2025-07-07');
INSERT INTO transactions (id,farm_id,auction_id,tipo,animal_nome,contraparte,valor_total,observacoes) VALUES ('41af1768-c1b8-43fe-8e09-cdfcc5825406','aaaaaaaa-0000-0000-0000-000000000001','d4609515-f2f5-459e-8941-ffe0e9a5e4b4','COMPRA','Prenhez Chique Fiv CBA x Kayak','Nelore DF; Casa Branca',2000,'PRENHEZ');
INSERT INTO installments (id,farm_id,transaction_id,numero,vencimento,valor,status) VALUES ('f42ae488-260d-4e9f-80b0-013e2399e307','aaaaaaaa-0000-0000-0000-000000000001','41af1768-c1b8-43fe-8e09-cdfcc5825406',1,'2025-07-07',2000,'PENDENTE');
INSERT INTO auctions (id,farm_id,nome,data) VALUES ('72b65afd-e7f1-440e-9458-0011bcfed3ea','aaaaaaaa-0000-0000-0000-000000000001','8º Leilão Virtual Canaã','2025-07-26');
INSERT INTO transactions (id,farm_id,auction_id,tipo,animal_nome,contraparte,valor_total,observacoes) VALUES ('e6570a8d-f655-47e8-9099-0b23dd024bd2','aaaaaaaa-0000-0000-0000-000000000001','72b65afd-e7f1-440e-9458-0011bcfed3ea','COMPRA','Pacote Prenhezes (2 Karina x 1 Malena)','AL Canaa',5000,'PRENHEZ');
INSERT INTO installments (id,farm_id,transaction_id,numero,vencimento,valor,status) VALUES ('28df956b-6291-48a7-93ef-7a3fd35636da','aaaaaaaa-0000-0000-0000-000000000001','e6570a8d-f655-47e8-9099-0b23dd024bd2',1,'2025-07-26',5000,'PENDENTE');
INSERT INTO auctions (id,farm_id,nome,data) VALUES ('df53c198-acca-48cd-96d0-1cecfb9cddf9','aaaaaaaa-0000-0000-0000-000000000001','2º Leilão Silverado','2025-08-09');
INSERT INTO transactions (id,farm_id,auction_id,tipo,animal_nome,contraparte,valor_total,observacoes) VALUES ('547bf9df-040d-4ed0-8cc0-16689519c24e','aaaaaaaa-0000-0000-0000-000000000001','df53c198-acca-48cd-96d0-1cecfb9cddf9','COMPRA','Prenhez Parla TN2 HVP (50%)','RS; Gibetoni; São Pedro',3500,'PRENHEZ');
INSERT INTO installments (id,farm_id,transaction_id,numero,vencimento,valor,status) VALUES ('8a3ea9fc-fd04-4b12-90e3-2fe91c1715ce','aaaaaaaa-0000-0000-0000-000000000001','547bf9df-040d-4ed0-8cc0-16689519c24e',1,'2025-08-09',3500,'PENDENTE');
INSERT INTO auctions (id,farm_id,nome,data) VALUES ('d3a7bd32-4e7b-4a51-b95e-eb809244731c','aaaaaaaa-0000-0000-0000-000000000001','Virtual Elite M. Verde 41 Anos','2025-08-14');
INSERT INTO transactions (id,farm_id,auction_id,tipo,animal_nome,contraparte,valor_total,observacoes) VALUES ('09fe212c-24e4-4ed7-abdf-a3c44490c9a1','aaaaaaaa-0000-0000-0000-000000000001','d3a7bd32-4e7b-4a51-b95e-eb809244731c','COMPRA','Aspiração Hallelujah Fiv AL Canaã','Agrobilara; CHeringer; Cesar Garetti',3750,'ASPIRAÇÃO');
INSERT INTO installments (id,farm_id,transaction_id,numero,vencimento,valor,status) VALUES ('0d345c94-bea7-4b02-89c1-fcd46403c807','aaaaaaaa-0000-0000-0000-000000000001','09fe212c-24e4-4ed7-abdf-a3c44490c9a1',1,'2025-08-14',3750,'PENDENTE');
INSERT INTO auctions (id,farm_id,nome,data) VALUES ('48296d11-3494-425a-9756-f0f7a5b87c0d','aaaaaaaa-0000-0000-0000-000000000001','11º Leilão Primavera CBA','2025-08-31');
INSERT INTO transactions (id,farm_id,auction_id,tipo,animal_nome,contraparte,valor_total,observacoes) VALUES ('9862f180-14b5-4a4b-8ac3-020bf51de9b9','aaaaaaaa-0000-0000-0000-000000000001','48296d11-3494-425a-9756-f0f7a5b87c0d','COMPRA','Demi Moore Fiv CBA','Casa Branca; Rodrigo Faias',1150,'ANIMAL');
INSERT INTO installments (id,farm_id,transaction_id,numero,vencimento,valor,status) VALUES ('ece1219d-106a-4b77-a01c-ff6b403f7409','aaaaaaaa-0000-0000-0000-000000000001','9862f180-14b5-4a4b-8ac3-020bf51de9b9',1,'2025-08-31',1150,'PENDENTE');
INSERT INTO transactions (id,farm_id,auction_id,tipo,animal_nome,contraparte,valor_total,observacoes) VALUES ('824cc79e-3aa8-4fe4-b183-b48c3ce88038','aaaaaaaa-0000-0000-0000-000000000001','48296d11-3494-425a-9756-f0f7a5b87c0d','COMPRA','Graça 1 da Unipec','Cesar Bruneto; Alfredo Jr',620,'ANIMAL');
INSERT INTO installments (id,farm_id,transaction_id,numero,vencimento,valor,status) VALUES ('880c131d-6da3-48d6-a441-b4db459548f5','aaaaaaaa-0000-0000-0000-000000000001','824cc79e-3aa8-4fe4-b183-b48c3ce88038',1,'2025-08-31',620,'PENDENTE');
INSERT INTO auctions (id,farm_id,nome,data) VALUES ('1adc3f79-86e6-413b-842e-59f7c19c666a','aaaaaaaa-0000-0000-0000-000000000001','2º Vitoria Fest','2025-09-05');
INSERT INTO transactions (id,farm_id,auction_id,tipo,animal_nome,contraparte,valor_total,observacoes) VALUES ('d88a2c18-54da-4882-8a9c-95ce412774a5','aaaaaaaa-0000-0000-0000-000000000001','1adc3f79-86e6-413b-842e-59f7c19c666a','COMPRA','Prenhez Estaca FIV da RS (2 femeas)','HK; Draga Alana',2025,'PRENHEZ');
INSERT INTO installments (id,farm_id,transaction_id,numero,vencimento,valor,status) VALUES ('e50e80ab-8c6b-4b5a-aeca-97b81970c288','aaaaaaaa-0000-0000-0000-000000000001','d88a2c18-54da-4882-8a9c-95ce412774a5',1,'2025-09-05',2025,'PENDENTE');
INSERT INTO auctions (id,farm_id,nome,data) VALUES ('32a6b457-cd0a-4a15-9b23-b30af34cd13d','aaaaaaaa-0000-0000-0000-000000000001','Leilão Allianz Days','2025-09-12');
INSERT INTO transactions (id,farm_id,auction_id,tipo,animal_nome,contraparte,valor_total,observacoes) VALUES ('ea77c5d4-1f3f-4aca-ba0d-b174f298b42f','aaaaaaaa-0000-0000-0000-000000000001','32a6b457-cd0a-4a15-9b23-b30af34cd13d','COMPRA','Prenhez Ella FIV CRL (2 femeas)','São Pedro; Syagri; CRL',5000,'PRENHEZ');
INSERT INTO installments (id,farm_id,transaction_id,numero,vencimento,valor,status) VALUES ('e834cca5-a420-4af5-a112-224b2da539aa','aaaaaaaa-0000-0000-0000-000000000001','ea77c5d4-1f3f-4aca-ba0d-b174f298b42f',1,'2025-09-12',5000,'PENDENTE');
INSERT INTO transactions (id,farm_id,auction_id,tipo,animal_nome,contraparte,valor_total,observacoes) VALUES ('59bd4d1d-c17d-4f72-8dfe-b9e09f0823b9','aaaaaaaa-0000-0000-0000-000000000001','32a6b457-cd0a-4a15-9b23-b30af34cd13d','COMPRA','Susan da RS (40X)','RS; 3JR',15750,'ANIMAL');
INSERT INTO installments (id,farm_id,transaction_id,numero,vencimento,valor,status) VALUES ('2fef809c-268a-4b02-95dc-eae503b22fa2','aaaaaaaa-0000-0000-0000-000000000001','59bd4d1d-c17d-4f72-8dfe-b9e09f0823b9',1,'2025-09-13',15750,'PENDENTE');
INSERT INTO auctions (id,farm_id,nome,data) VALUES ('3b635c3f-bad3-40a9-b724-524eeda9adbf','aaaaaaaa-0000-0000-0000-000000000001','Shopping Reserva Genética','2025-09-25');
INSERT INTO transactions (id,farm_id,auction_id,tipo,animal_nome,contraparte,valor_total,observacoes) VALUES ('b179b3af-f6f8-4a13-b909-d193b5169bcf','aaaaaaaa-0000-0000-0000-000000000001','3b635c3f-bad3-40a9-b724-524eeda9adbf','COMPRA','Aspiração Camila FIV CRL','Gibertoni; CRL; Paranã',3000,'ASPIRAÇÃO');
INSERT INTO installments (id,farm_id,transaction_id,numero,vencimento,valor,status) VALUES ('a0f5484c-ccdf-4fe0-95ee-f20d2b292d0b','aaaaaaaa-0000-0000-0000-000000000001','b179b3af-f6f8-4a13-b909-d193b5169bcf',1,'2025-09-25',3000,'PENDENTE');
INSERT INTO auctions (id,farm_id,nome,data) VALUES ('59c2cea2-1ff8-4ea9-8933-3c35080df221','aaaaaaaa-0000-0000-0000-000000000001','Liquidação Perboni Mammut','2025-10-04');
INSERT INTO transactions (id,farm_id,auction_id,tipo,animal_nome,contraparte,valor_total,observacoes) VALUES ('06b639c9-642e-46a3-8d1c-999dcab76df2','aaaaaaaa-0000-0000-0000-000000000001','59c2cea2-1ff8-4ea9-8933-3c35080df221','COMPRA','Magia Fiv da Perboni','Perboni',700,'ANIMAL');
INSERT INTO installments (id,farm_id,transaction_id,numero,vencimento,valor,status) VALUES ('655c2763-7e91-4bff-b9b1-e3fc0cfe8789','aaaaaaaa-0000-0000-0000-000000000001','06b639c9-642e-46a3-8d1c-999dcab76df2',1,'2025-10-04',700,'PENDENTE');
INSERT INTO auctions (id,farm_id,nome,data) VALUES ('5a2c55a4-9d42-4448-ba52-550fd871933d','aaaaaaaa-0000-0000-0000-000000000001','Compra Direta (M. VERDE)','2025-10-05');
INSERT INTO transactions (id,farm_id,auction_id,tipo,animal_nome,contraparte,valor_total,observacoes) VALUES ('bf3f79f5-9827-47de-af45-f72071c36db4','aaaaaaaa-0000-0000-0000-000000000001','5a2c55a4-9d42-4448-ba52-550fd871933d','COMPRA','Dalya FIV CRL (50%)','WWPP',24166.66,'ANIMAL');
INSERT INTO installments (id,farm_id,transaction_id,numero,vencimento,valor,status) VALUES ('6d153e34-f56c-40f5-9dfb-1bc0b27fc802','aaaaaaaa-0000-0000-0000-000000000001','bf3f79f5-9827-47de-af45-f72071c36db4',1,'2025-10-05',24166.66,'PENDENTE');
INSERT INTO auctions (id,farm_id,nome,data) VALUES ('7de5f2f2-0f6a-4c78-9eef-ced382cda07a','aaaaaaaa-0000-0000-0000-000000000001','Shopping Monica Expoinel','2025-10-15');
INSERT INTO transactions (id,farm_id,auction_id,tipo,animal_nome,contraparte,valor_total,observacoes) VALUES ('a0775981-5a4e-400c-9c94-9552b059c529','aaaaaaaa-0000-0000-0000-000000000001','7de5f2f2-0f6a-4c78-9eef-ced382cda07a','COMPRA','Prenhez Jhadah FIV VRI Vila Real','Monica; São Pedro',3100,'PRENHEZ');
INSERT INTO installments (id,farm_id,transaction_id,numero,vencimento,valor,status) VALUES ('8af05a13-42b6-401a-96cf-982da5a88af3','aaaaaaaa-0000-0000-0000-000000000001','a0775981-5a4e-400c-9c94-9552b059c529',1,'2025-10-15',3100,'PENDENTE');
INSERT INTO transactions (id,farm_id,auction_id,tipo,animal_nome,contraparte,valor_total,observacoes) VALUES ('75effebb-c755-47ad-b198-71d19ec6bdc1','aaaaaaaa-0000-0000-0000-000000000001','7de5f2f2-0f6a-4c78-9eef-ced382cda07a','COMPRA','Aspiração Donna FIV da Monica','Monica',2000,'ASPIRAÇÃO');
INSERT INTO installments (id,farm_id,transaction_id,numero,vencimento,valor,status) VALUES ('5923ddbc-faa3-4ea7-ae90-eef05551f18a','aaaaaaaa-0000-0000-0000-000000000001','75effebb-c755-47ad-b198-71d19ec6bdc1',1,'2025-10-15',2000,'PENDENTE');
INSERT INTO transactions (id,farm_id,auction_id,tipo,animal_nome,contraparte,valor_total,observacoes) VALUES ('b3ac47db-93a8-4fe9-81f8-0a80bf50b36b','aaaaaaaa-0000-0000-0000-000000000001','e1707624-d640-48b8-a777-6616c9f10662','COMPRA','KHAIRA IX FIV LUCENTE (40X)','Lucente',2325,'ANIMAL');
INSERT INTO installments (id,farm_id,transaction_id,numero,vencimento,valor,status) VALUES ('49d87149-f3da-4f29-a3d9-64d01dae4369','aaaaaaaa-0000-0000-0000-000000000001','b3ac47db-93a8-4fe9-81f8-0a80bf50b36b',1,'2025-11-30',2325,'PENDENTE');
INSERT INTO auctions (id,farm_id,nome,data) VALUES ('099891ff-8788-446e-ad61-efd3fef917d2','aaaaaaaa-0000-0000-0000-000000000001','Leilão Syagri','2025-12-13');
INSERT INTO transactions (id,farm_id,auction_id,tipo,animal_nome,contraparte,valor_total,observacoes) VALUES ('2c836703-9617-4bcd-8996-a48b8394429d','aaaaaaaa-0000-0000-0000-000000000001','099891ff-8788-446e-ad61-efd3fef917d2','COMPRA','Prenhez Natcheza Ourofino (02 fêmeas)','Syagri',3000,'PRENHEZ');
INSERT INTO installments (id,farm_id,transaction_id,numero,vencimento,valor,status) VALUES ('89d2daa2-1f33-4cce-a7cf-4a002eede524','aaaaaaaa-0000-0000-0000-000000000001','2c836703-9617-4bcd-8996-a48b8394429d',1,'2025-12-13',3000,'PENDENTE');
INSERT INTO auctions (id,farm_id,nome,data) VALUES ('a24cfa9a-404d-47b9-8026-c892a271387f','aaaaaaaa-0000-0000-0000-000000000001','Leilão Gran Nelore','2026-02-08');
INSERT INTO transactions (id,farm_id,auction_id,tipo,animal_nome,contraparte,valor_total,observacoes) VALUES ('a8b2c40e-50a6-4075-be5d-c4aeaed6dd71','aaaaaaaa-0000-0000-0000-000000000001','a24cfa9a-404d-47b9-8026-c892a271387f','COMPRA','Amelia FIV da Grann','Antonio Gilberto; Syagri',600,'ANIMAL');
INSERT INTO installments (id,farm_id,transaction_id,numero,vencimento,valor,status) VALUES ('a44ebd22-eee8-4c5b-8371-3d9e7fe07f9a','aaaaaaaa-0000-0000-0000-000000000001','a8b2c40e-50a6-4075-be5d-c4aeaed6dd71',1,'2026-02-08',600,'PENDENTE');
INSERT INTO auctions (id,farm_id,nome,data) VALUES ('e3cae2dc-c792-48e7-a743-337d6658fe8b','aaaaaaaa-0000-0000-0000-000000000001','Leilão Mara Moveis','2026-02-07');
INSERT INTO transactions (id,farm_id,auction_id,tipo,animal_nome,contraparte,valor_total,observacoes) VALUES ('99bf3c60-ba1c-4520-b572-573dba7cdf00','aaaaaaaa-0000-0000-0000-000000000001','e3cae2dc-c792-48e7-a743-337d6658fe8b','COMPRA','Aspiração Shakira Fiv Mara Moveis','Mara Moveis',3000,'ASPIRAÇÃO');
INSERT INTO installments (id,farm_id,transaction_id,numero,vencimento,valor,status) VALUES ('29b9de7e-bd17-47ff-aaaf-68ac5ee9426c','aaaaaaaa-0000-0000-0000-000000000001','99bf3c60-ba1c-4520-b572-573dba7cdf00',1,'2026-02-07',3000,'PENDENTE');
INSERT INTO auctions (id,farm_id,nome,data) VALUES ('3875b9b6-a0cb-486e-8cb1-36586e7af4ca','aaaaaaaa-0000-0000-0000-000000000001','Leilão Nelore São Pedro','2026-02-23');
INSERT INTO transactions (id,farm_id,auction_id,tipo,animal_nome,contraparte,valor_total,observacoes) VALUES ('47f48974-889a-4ef3-acc0-49843ca7b301','aaaaaaaa-0000-0000-0000-000000000001','3875b9b6-a0cb-486e-8cb1-36586e7af4ca','COMPRA','Aspiração Buona Fortuna Bonfiglioli','Christian Mazetti',2000,'ASPIRAÇÃO');
INSERT INTO installments (id,farm_id,transaction_id,numero,vencimento,valor,status) VALUES ('754df458-600f-4db4-8f38-7f9404e693fc','aaaaaaaa-0000-0000-0000-000000000001','47f48974-889a-4ef3-acc0-49843ca7b301',1,'2026-02-23',2000,'PENDENTE');
INSERT INTO transactions (id,farm_id,auction_id,tipo,animal_nome,contraparte,valor_total,observacoes) VALUES ('25af0247-d0db-4115-970c-a5169c616089','aaaaaaaa-0000-0000-0000-000000000001','3875b9b6-a0cb-486e-8cb1-36586e7af4ca','COMPRA','50% Dacia FIV BSP','Boitel São Pedro',1500,'ANIMAL');
INSERT INTO installments (id,farm_id,transaction_id,numero,vencimento,valor,status) VALUES ('1303e232-3b92-4b23-a4da-acbdaf4b3740','aaaaaaaa-0000-0000-0000-000000000001','25af0247-d0db-4115-970c-a5169c616089',1,'2026-02-24',1500,'PENDENTE');
INSERT INTO auctions (id,farm_id,nome,data) VALUES ('705d5603-5cb3-48b4-920c-6d1714d8564a','aaaaaaaa-0000-0000-0000-000000000001','Fazenda Eldorado e Parceiros','2026-02-22');
INSERT INTO transactions (id,farm_id,auction_id,tipo,animal_nome,contraparte,valor_total,observacoes) VALUES ('01fada55-bb6c-47db-a9ec-6b1fb5c28dbd','aaaaaaaa-0000-0000-0000-000000000001','705d5603-5cb3-48b4-920c-6d1714d8564a','COMPRA','Delegado e Caligula FIV CGAL','Ronaldo Alves; Manoel de Lemos',800,'ANIMAL');
INSERT INTO installments (id,farm_id,transaction_id,numero,vencimento,valor,status) VALUES ('a24f16a8-4aee-4b29-968a-748ee7a3efc8','aaaaaaaa-0000-0000-0000-000000000001','01fada55-bb6c-47db-a9ec-6b1fb5c28dbd',1,'2026-02-22',800,'PENDENTE');
INSERT INTO transactions (id,farm_id,auction_id,tipo,animal_nome,contraparte,valor_total,observacoes) VALUES ('0610b305-d33e-4bab-be2b-7732983ae237','aaaaaaaa-0000-0000-0000-000000000001','dfec0a98-bee5-4b7d-b9c7-51865c530878','COMPRA','Heringer Larrara','WWPP',1250,'PRENHEZ');
INSERT INTO installments (id,farm_id,transaction_id,numero,vencimento,valor,status) VALUES ('bbfbe6e4-a0d8-414f-bfce-5a6f062d05b9','aaaaaaaa-0000-0000-0000-000000000001','0610b305-d33e-4bab-be2b-7732983ae237',1,'2026-03-15',1250,'PENDENTE');
INSERT INTO auctions (id,farm_id,nome,data) VALUES ('bc666e59-86d3-47c9-affc-5abfa7440483','aaaaaaaa-0000-0000-0000-000000000001','Leilão Virtual Nelore Americas','2026-03-17');
INSERT INTO transactions (id,farm_id,auction_id,tipo,animal_nome,contraparte,valor_total,observacoes) VALUES ('5676c1f3-fb4d-4003-beaf-d699d18c17b0','aaaaaaaa-0000-0000-0000-000000000001','bc666e59-86d3-47c9-affc-5abfa7440483','COMPRA','Aspiração História FIV Napemo (50%)','Americas; Huff',3000,'ASPIRAÇÃO');
INSERT INTO installments (id,farm_id,transaction_id,numero,vencimento,valor,status) VALUES ('28070d9f-ad12-4881-b0be-77a92e13fe05','aaaaaaaa-0000-0000-0000-000000000001','5676c1f3-fb4d-4003-beaf-d699d18c17b0',1,'2026-03-17',3000,'PENDENTE');
COMMIT;

-- ============================================================
-- VERIFICAÇÃO — cole e execute em uma nova query:
-- SELECT tipo, COUNT(*) FROM animals
--   WHERE farm_id = 'aaaaaaaa-0000-0000-0000-000000000001'
--   GROUP BY tipo ORDER BY 2 DESC;
-- ============================================================
